$MeshFormat
4.1 0 8
$EndMeshFormat
$PhysicalNames
4
1 1 "heater"
1 2 "sink"
1 3 "insulated"
2 4 "domain"
$EndPhysicalNames
$Entities
98 98 1 0
1 0 0 0 0 
2 0.2 0 0 0 
3 0.2 0.335 0 0 
4 0.265 0.4 0 0 
6 0.5349999999999999 0.4 0 0 
7 0.6 0.335 0 0 
9 0.6 0.065 0 0 
10 0.665 0 0 0 
12 1.735 0 0 0 
13 1.820554804791094 0.0616644143732834 0 0 
15 1.879445195208906 0.2383355856267166 0 0 
16 1.965 0.3 0 0 
18 2.095 0.3 0 0 
19 2.180554804791095 0.2383355856267166 0 0 
21 2.239445195208905 0.06166441437328342 0 0 
22 2.325 0 0 0 
24 3.015 0 0 0 
25 3.08 0.065 0 0 
27 3.08 0.7350000000000001 0 0 
28 3.145 0.8 0 0 
30 3.71 0.8 0 0 
31 3.76374840178624 0.6559152815480749 0 0 
33 3.33 0.28 0 0 
34 3.33 0 0 0 
35 4.820900974233028 0 0 0 
36 5.0925 0.1125 0 0 
38 5.117500000000001 0.1375 0 0 
39 5.23 0.4090990257669732 0 0 
41 5.23 0.5909009742330268 0 0 
42 5.117500000000001 0.8625 0 0 
44 5.0925 0.8875 0 0 
45 4.820900974233028 1 0 0 
47 4.33 1 0 0 
48 4.33 0.2 0 0 
49 3.77 0.2 0 0 
50 3.728187266739464 0.3290321586734054 0 0 
52 3.991499897216143 0.5197068221220349 0 0 
53 4.13 0.791 0 0 
55 4.13 0.829 0 0 
56 3.959 1 0 0 
58 2.695 1 0 0 
59 2.63 0.9350000000000001 0 0 
61 2.63 0.865 0 0 
62 2.695 0.8 0 0 
64 2.815 0.8 0 0 
65 2.88 0.7350000000000001 0 0 
67 2.88 0.265 0 0 
68 2.815 0.2 0 0 
70 2.481 0.2 0 0 
71 2.396189577738254 0.2619075695679561 0 0 
73 2.179810422261746 0.9380924304320439 0 0 
74 2.095 1 0 0 
76 1.965 1 0 0 
77 1.880189577738254 0.9380924304320439 0 0 
79 1.663810422261746 0.2619075695679561 0 0 
80 1.579 0.2 0 0 
82 0.865 0.2 0 0 
83 0.8 0.265 0 0 
85 0.8 0.335 0 0 
86 0.865 0.4 0 0 
88 1.4 0.4 0 0 
89 1.465 0.465 0 0 
91 1.465 0.5349999999999999 0 0 
92 1.4 0.6 0 0 
94 0.865 0.6 0 0 
95 0.8 0.665 0 0 
97 0.8 0.7350000000000001 0 0 
98 0.865 0.8 0 0 
100 1.435 0.8 0 0 
101 1.5 0.865 0 0 
103 1.5 0.9350000000000001 0 0 
104 1.435 1 0 0 
106 0.665 1 0 0 
107 0.6 0.9350000000000001 0 0 
109 0.6 0.665 0 0 
110 0.5349999999999999 0.6 0 0 
112 0.265 0.6 0 0 
113 0.2 0.665 0 0 
115 0.2 0.9350000000000001 0 0 
116 0.135 1 0 0 
118 0.065 1 0 0 
119 0 0.9350000000000001 0 0 
120 1.947183697139159 0.5039456571305287 0 0 
121 1.965 0.48 0 0 
123 2.095 0.48 0 0 
124 2.112816302860841 0.5039456571305287 0 0 
126 2.037183697139159 0.7560543428694713 0 0 
127 2.022816302860841 0.7560543428694713 0 0 
128 4.53 0.2 0 0 
129 4.817268506601175 0.2 0 0 
130 4.9585 0.2585 0 0 
132 4.971500000000001 0.2715 0 0 
133 5.03 0.412731493398826 0 0 
135 5.03 0.587268506601174 0 0 
136 4.971500000000001 0.7285 0 0 
138 4.9585 0.7415 0 0 
139 4.817268506601175 0.8 0 0 
141 4.53 0.8 0 0 
1 0.1999999 0.3349999 -1e-07 0.2650001 0.4000001 1e-07 1 3 2 3 -4 
2 0.5349999 0.3349999 -1e-07 0.6000000999999999 0.4000001 1e-07 1 3 2 6 -7 
3 0.5999999 -1.000000000028756e-07 -1e-07 0.6650001 0.06500010000000001 1e-07 1 3 2 9 -10 
4 1.7349999 -9.999999999940612e-08 -1e-07 1.820554904791094 0.06166451437328341 1e-07 1 3 2 12 -13 
5 1.879445095208905 0.2383354856267166 -1e-07 1.9650001 0.3000001 1e-07 1 3 2 15 -16 
6 2.0949999 0.2383354856267166 -1e-07 2.180554904791094 0.3000001 1e-07 1 3 2 18 -19 
7 2.239445095208906 -9.999999999940612e-08 -1e-07 2.3250001 0.06166451437328342 1e-07 1 3 2 21 -22 
8 3.0149999 -1.000000000028756e-07 -1e-07 3.0800001 0.06500010000000001 1e-07 1 3 2 24 -25 
9 3.0799999 0.7349999000000002 -1e-07 3.1450001 0.8000001 1e-07 1 3 2 27 -28 
10 3.7099999 0.6559151815480749 -1e-07 3.87208571079906 0.8000001 1e-07 1 3 2 30 -31 
11 4.820900874233027 -1.000000000028756e-07 -1e-07 5.092500100000001 0.1125001 1e-07 1 3 2 35 -36 
12 5.1174999 0.1374999 -1e-07 5.230000100000001 0.4090991257669732 1e-07 1 3 2 38 -39 
13 5.1174999 0.5909008742330268 -1e-07 5.230000100000001 0.8625001 1e-07 1 3 2 41 -42 
14 4.820900874233027 0.8874999 -1e-07 5.092500100000001 1.0000001 1e-07 1 3 2 44 -45 
15 3.610305605327081 0.1999999 -1e-07 3.7700001 0.3290322586734054 1e-07 1 3 2 49 -50 
16 3.991499797216143 0.5197067221220349 -1e-07 4.1300001 0.7910001 1e-07 1 3 2 52 -53 
17 3.9589999 0.8289999 -1e-07 4.1300001 1.0000001 1e-07 1 3 2 55 -56 
18 2.6299999 0.9349999000000001 -1e-07 2.6950001 1.0000001 1e-07 1 3 2 58 -59 
19 2.6299999 0.7999999000000001 -1e-07 2.6950001 0.8650000999999999 1e-07 1 3 2 61 -62 
20 2.8149999 0.7349999000000002 -1e-07 2.8800001 0.8000001 1e-07 1 3 2 64 -65 
21 2.8149999 0.1999999 -1e-07 2.8800001 0.2650001 1e-07 1 3 2 67 -68 
22 2.396189477738254 0.1999999 -1e-07 2.4810001 0.2619076695679561 1e-07 1 3 2 70 -71 
23 2.0949999 0.938092330432044 -1e-07 2.179810522261746 1.0000001 1e-07 1 3 2 73 -74 
24 1.880189477738254 0.938092330432044 -1e-07 1.9650001 1.0000001 1e-07 1 3 2 76 -77 
25 1.5789999 0.1999999 -1e-07 1.663810522261746 0.2619076695679561 1e-07 1 3 2 79 -80 
26 0.7999999000000001 0.1999999 -1e-07 0.8650000999999999 0.2650001 1e-07 1 3 2 82 -83 
27 0.7999999000000001 0.3349999 -1e-07 0.8650000999999999 0.4000001 1e-07 1 3 2 85 -86 
28 1.3999999 0.3999999 -1e-07 1.4650001 0.4650001 1e-07 1 3 2 88 -89 
29 1.3999999 0.5349999 -1e-07 1.4650001 0.6000000999999999 1e-07 1 3 2 91 -92 
30 0.7999999000000001 0.5999999 -1e-07 0.8650000999999999 0.6650001 1e-07 1 3 2 94 -95 
31 0.7999999000000001 0.7349999000000002 -1e-07 0.8650000999999999 0.8000001 1e-07 1 3 2 97 -98 
32 1.4349999 0.7999999000000001 -1e-07 1.5000001 0.8650000999999999 1e-07 1 3 2 100 -101 
33 1.4349999 0.9349999000000001 -1e-07 1.5000001 1.0000001 1e-07 1 3 2 103 -104 
34 0.5999999 0.9349999000000001 -1e-07 0.6650001 1.0000001 1e-07 1 3 2 106 -107 
35 0.5349999 0.5999999 -1e-07 0.6000000999999999 0.6650001 1e-07 1 3 2 109 -110 
36 0.1999999 0.5999999 -1e-07 0.2650001 0.6650001 1e-07 1 3 2 112 -113 
37 0.1349999 0.9349999000000001 -1e-07 0.2000001 1.0000001 1e-07 1 3 2 115 -116 
38 -1.000000000028756e-07 0.9349999000000001 -1e-07 0.06500010000000001 1.0000001 1e-07 1 3 2 118 -119 
39 -1.000000000028756e-07 -1e-07 -1e-07 0.2000001 1e-07 1e-07 1 1 2 1 -2 
40 0.1999999 -1.000000000028756e-07 -1e-07 0.2000001 0.3350001 1e-07 1 3 2 2 -3 
41 0.2649999 0.3999999 -1e-07 0.5350000999999999 0.4000001 1e-07 1 3 2 4 -6 
42 0.5999999 0.0649999 -1e-07 0.6000000999999999 0.3350001 1e-07 1 3 2 7 -9 
43 0.6649999000000001 -1e-07 -1e-07 1.7350001 1e-07 1e-07 1 3 2 10 -12 
44 1.820554704791094 0.0616643143732834 -1e-07 1.879445295208906 0.2383356856267166 1e-07 1 3 2 13 -15 
45 1.9649999 0.2999999 -1e-07 2.0950001 0.3000001 1e-07 1 3 2 16 -18 
46 2.180554704791095 0.0616643143732834 -1e-07 2.239445295208905 0.2383356856267166 1e-07 1 3 2 19 -21 
47 2.3249999 -1e-07 -1e-07 3.0150001 1e-07 1e-07 1 3 2 22 -24 
48 3.0799999 0.0649999 -1e-07 3.0800001 0.7350001 1e-07 1 3 2 25 -27 
49 3.1449999 0.7999999000000001 -1e-07 3.7100001 0.8000001 1e-07 1 3 2 28 -30 
50 3.3299999 0.2799999 -1e-07 3.76374850178624 0.6559153815480748 1e-07 1 3 2 31 -33 
51 3.3299999 -1.000000000028756e-07 -1e-07 3.3300001 0.2800001 1e-07 1 3 2 33 -34 
52 3.3299999 -1e-07 -1e-07 4.820901074233028 1e-07 1e-07 1 3 2 34 -35 
53 5.0924999 0.1124999 -1e-07 5.117500100000001 0.1375001 1e-07 1 3 2 36 -38 
54 5.2299999 0.4090989257669732 -1e-07 5.230000100000001 0.5909010742330267 1e-07 1 3 2 39 -41 
55 5.0924999 0.8624999000000001 -1e-07 5.117500100000001 0.8875000999999999 1e-07 1 3 2 42 -44 
56 4.3299999 0.9999999000000001 -1e-07 4.820901074233028 1.0000001 1e-07 1 3 2 45 -47 
57 4.3299999 0.1999999 -1e-07 4.3300001 1.0000001 1e-07 1 3 2 47 -48 
58 3.7699999 0.1999999 -1e-07 4.3300001 0.2000001 1e-07 1 3 2 48 -49 
59 3.728187166739465 0.3290320586734054 -1e-07 3.991499997216143 0.5197069221220348 1e-07 1 3 2 50 -52 
60 4.1299999 0.7909999000000001 -1e-07 4.1300001 0.8290000999999999 1e-07 1 3 2 53 -55 
61 2.6949999 0.9999999000000001 -1e-07 3.9590001 1.0000001 1e-07 1 3 2 56 -58 
62 2.6299999 0.8649999 -1e-07 2.6300001 0.9350001 1e-07 1 3 2 59 -61 
63 2.6949999 0.7999999000000001 -1e-07 2.8150001 0.8000001 1e-07 1 3 2 62 -64 
64 2.8799999 0.2649999 -1e-07 2.8800001 0.7350001 1e-07 1 3 2 65 -67 
65 2.4809999 0.1999999 -1e-07 2.8150001 0.2000001 1e-07 1 3 2 68 -70 
66 2.179810322261746 0.2619074695679561 -1e-07 2.396189677738254 0.9380925304320439 1e-07 1 3 2 71 -73 
67 1.9649999 0.9999999000000001 -1e-07 2.0950001 1.0000001 1e-07 1 3 2 74 -76 
68 1.663810322261746 0.261907469567956 -1e-07 1.880189677738254 0.9380925304320439 1e-07 1 3 2 77 -79 
69 0.8649999 0.1999999 -1e-07 1.5790001 0.2000001 1e-07 1 3 2 80 -82 
70 0.7999999000000001 0.2649999 -1e-07 0.8000001 0.3350001 1e-07 1 3 2 83 -85 
71 0.8649999 0.3999999 -1e-07 1.4000001 0.4000001 1e-07 1 3 2 86 -88 
72 1.4649999 0.4649999 -1e-07 1.4650001 0.5350000999999999 1e-07 1 3 2 89 -91 
73 0.8649999 0.5999999 -1e-07 1.4000001 0.6000000999999999 1e-07 1 3 2 92 -94 
74 0.7999999000000001 0.6649999000000001 -1e-07 0.8000001 0.7350001 1e-07 1 3 2 95 -97 
75 0.8649999 0.7999999000000001 -1e-07 1.4350001 0.8000001 1e-07 1 3 2 98 -100 
76 1.4999999 0.8649999 -1e-07 1.5000001 0.9350001 1e-07 1 3 2 101 -103 
77 0.6649999000000001 0.9999999000000001 -1e-07 1.4350001 1.0000001 1e-07 1 3 2 104 -106 
78 0.5999999 0.6649999000000001 -1e-07 0.6000000999999999 0.9350001 1e-07 1 3 2 107 -109 
79 0.2649999 0.5999999 -1e-07 0.5350000999999999 0.6000000999999999 1e-07 1 3 2 110 -112 
80 0.1999999 0.6649999000000001 -1e-07 0.2000001 0.9350001 1e-07 1 3 2 113 -115 
81 0.0649999 0.9999999000000001 -1e-07 0.1350001 1.0000001 1e-07 1 3 2 116 -118 
82 -1e-07 -1.000000000028756e-07 -1e-07 1e-07 0.9350001 1e-07 1 3 2 119 -1 
84 1.94184248153942 0.4799999 -1e-07 1.9650001 0.5039457571305287 1e-07 1 3 2 120 -121 
85 2.0949999 0.4799999 -1e-07 2.11815751846058 0.5039457571305287 1e-07 1 3 2 123 -124 
86 2.022816202860841 0.7560542428694713 -1e-07 2.037183797139158 0.7725170821467097 1e-07 1 3 2 126 -127 
87 1.9649999 0.4799999 -1e-07 2.0950001 0.4800001 1e-07 1 3 2 121 -123 
88 2.037183597139159 0.5039455571305288 -1e-07 2.112816402860841 0.7560544428694712 1e-07 1 3 2 124 -126 
89 1.947183597139158 0.5039455571305288 -1e-07 2.022816402860841 0.7560544428694712 1e-07 1 3 2 127 -120 
91 4.817268406601174 0.1999999 -1e-07 4.9585001 0.2585001 1e-07 1 2 2 129 -130 
92 4.9714999 0.2714999 -1e-07 5.030000100000001 0.412731593398826 1e-07 1 2 2 132 -133 
93 4.9714999 0.5872684066011741 -1e-07 5.030000100000001 0.7285001 1e-07 1 2 2 135 -136 
94 4.817268406601174 0.7414999000000001 -1e-07 4.9585001 0.8000001 1e-07 1 2 2 138 -139 
95 4.5299999 0.1999999 -1e-07 4.817268606601175 0.2000001 1e-07 1 2 2 128 -129 
96 4.9584999 0.2584999 -1e-07 4.971500100000001 0.2715001 1e-07 1 2 2 130 -132 
97 5.0299999 0.412731393398826 -1e-07 5.030000100000001 0.587268606601174 1e-07 1 2 2 133 -135 
98 4.9584999 0.7284999000000001 -1e-07 4.971500100000001 0.7415001 1e-07 1 2 2 136 -138 
99 4.5299999 0.7999999000000001 -1e-07 4.817268606601175 0.8000001 1e-07 1 2 2 139 -141 
100 4.5299999 0.1999999 -1e-07 4.530000100000001 0.8000001 1e-07 1 2 2 141 -128 
102 -9.999999983634211e-08 -9.999999994736442e-08 -1e-07 5.230000100000001 1.0000001 1e-07 1 4 98 39 40 1 41 2 42 3 43 4 44 5 45 6 46 7 47 8 48 9 49 10 50 51 52 11 53 12 54 13 55 14 56 57 58 15 59 16 60 17 61 18 62 19 63 20 64 21 65 22 66 23 67 24 68 25 69 26 70 27 71 28 72 29 73 30 74 31 75 32 76 33 77 34 78 35 79 36 80 37 81 38 82 -89 -86 -88 -85 -87 -84 -100 -99 -94 -98 -93 -97 -92 -96 -91 -95 
$EndEntities
$Nodes
197 8425 1 8425
0 1 0 1
1
0 0 0
0 2 0 1
2
0.2 0 0
0 3 0 1
3
0.2 0.335 0
0 4 0 1
4
0.265 0.4 0
0 6 0 1
5
0.5349999999999999 0.4 0
0 7 0 1
6
0.6 0.335 0
0 9 0 1
7
0.6 0.065 0
0 10 0 1
8
0.665 0 0
0 12 0 1
9
1.735 0 0
0 13 0 1
10
1.820554804791094 0.0616644143732834 0
0 15 0 1
11
1.879445195208906 0.2383355856267166 0
0 16 0 1
12
1.965 0.3 0
0 18 0 1
13
2.095 0.3 0
0 19 0 1
14
2.180554804791095 0.2383355856267166 0
0 21 0 1
15
2.239445195208905 0.06166441437328342 0
0 22 0 1
16
2.325 0 0
0 24 0 1
17
3.015 0 0
0 25 0 1
18
3.08 0.065 0
0 27 0 1
19
3.08 0.7350000000000001 0
0 28 0 1
20
3.145 0.8 0
0 30 0 1
21
3.71 0.8 0
0 31 0 1
22
3.76374840178624 0.6559152815480749 0
0 33 0 1
23
3.33 0.28 0
0 34 0 1
24
3.33 0 0
0 35 0 1
25
4.820900974233028 0 0
0 36 0 1
26
5.0925 0.1125 0
0 38 0 1
27
5.117500000000001 0.1375 0
0 39 0 1
28
5.23 0.4090990257669732 0
0 41 0 1
29
5.23 0.5909009742330268 0
0 42 0 1
30
5.117500000000001 0.8625 0
0 44 0 1
31
5.0925 0.8875 0
0 45 0 1
32
4.820900974233028 1 0
0 47 0 1
33
4.33 1 0
0 48 0 1
34
4.33 0.2 0
0 49 0 1
35
3.77 0.2 0
0 50 0 1
36
3.728187266739464 0.3290321586734054 0
0 52 0 1
37
3.991499897216143 0.5197068221220349 0
0 53 0 1
38
4.13 0.791 0
0 55 0 1
39
4.13 0.829 0
0 56 0 1
40
3.959 1 0
0 58 0 1
41
2.695 1 0
0 59 0 1
42
2.63 0.9350000000000001 0
0 61 0 1
43
2.63 0.865 0
0 62 0 1
44
2.695 0.8 0
0 64 0 1
45
2.815 0.8 0
0 65 0 1
46
2.88 0.7350000000000001 0
0 67 0 1
47
2.88 0.265 0
0 68 0 1
48
2.815 0.2 0
0 70 0 1
49
2.481 0.2 0
0 71 0 1
50
2.396189577738254 0.2619075695679561 0
0 73 0 1
51
2.179810422261746 0.9380924304320439 0
0 74 0 1
52
2.095 1 0
0 76 0 1
53
1.965 1 0
0 77 0 1
54
1.880189577738254 0.9380924304320439 0
0 79 0 1
55
1.663810422261746 0.2619075695679561 0
0 80 0 1
56
1.579 0.2 0
0 82 0 1
57
0.865 0.2 0
0 83 0 1
58
0.8 0.265 0
0 85 0 1
59
0.8 0.335 0
0 86 0 1
60
0.865 0.4 0
0 88 0 1
61
1.4 0.4 0
0 89 0 1
62
1.465 0.465 0
0 91 0 1
63
1.465 0.5349999999999999 0
0 92 0 1
64
1.4 0.6 0
0 94 0 1
65
0.865 0.6 0
0 95 0 1
66
0.8 0.665 0
0 97 0 1
67
0.8 0.7350000000000001 0
0 98 0 1
68
0.865 0.8 0
0 100 0 1
69
1.435 0.8 0
0 101 0 1
70
1.5 0.865 0
0 103 0 1
71
1.5 0.9350000000000001 0
0 104 0 1
72
1.435 1 0
0 106 0 1
73
0.665 1 0
0 107 0 1
74
0.6 0.9350000000000001 0
0 109 0 1
75
0.6 0.665 0
0 110 0 1
76
0.5349999999999999 0.6 0
0 112 0 1
77
0.265 0.6 0
0 113 0 1
78
0.2 0.665 0
0 115 0 1
79
0.2 0.9350000000000001 0
0 116 0 1
80
0.135 1 0
0 118 0 1
81
0.065 1 0
0 119 0 1
82
0 0.9350000000000001 0
0 120 0 1
83
1.947183697139159 0.5039456571305287 0
0 121 0 1
84
1.965 0.48 0
0 123 0 1
85
2.095 0.48 0
0 124 0 1
86
2.112816302860841 0.5039456571305287 0
0 126 0 1
87
2.037183697139159 0.7560543428694713 0
0 127 0 1
88
2.022816302860841 0.7560543428694713 0
0 128 0 1
89
4.53 0.2 0
0 129 0 1
90
4.817268506601175 0.2 0
0 130 0 1
91
4.9585 0.2585 0
0 132 0 1
92
4.971500000000001 0.2715 0
0 133 0 1
93
5.03 0.412731493398826 0
0 135 0 1
94
5.03 0.587268506601174 0
0 136 0 1
95
4.971500000000001 0.7285 0
0 138 0 1
96
4.9585 0.7415 0
0 139 0 1
97
4.817268506601175 0.8 0
0 141 0 1
98
4.53 0.8 0
1 1 0 4
99
100
101
102
0.2020343817719818 0.3559642977708803 0
0.209694566110921 0.3755108836813024 0
0.2244891163186976 0.390305433889079 0
0.2440357022291197 0.3979656182280182 0
1 2 0 4
103
104
105
106
0.5559642977708802 0.3979656182280182 0
0.5755108836813023 0.390305433889079 0
0.590305433889079 0.3755108836813024 0
0.5979656182280182 0.3559642977708804 0
1 3 0 4
107
108
109
110
0.6020343817719818 0.04403570222911971 0
0.609694566110921 0.02448911631869764 0
0.6244891163186976 0.009694566110921028 0
0.6440357022291195 0.002034381771981794 0
1 4 0 5
111
112
113
114
115
1.753921395229095 0.001455169917642957 0
1.772231515009221 0.006385691965185696 0
1.788888701197774 0.01541610359332084 0
1.802723166660439 0.02836283102754062 0
1.813190838851183 0.04417416787585945 0
1 5 0 5
116
117
118
119
120
1.886809161148817 0.2558258321241406 0
1.897276833339561 0.2716371689724593 0
1.911111298802226 0.2845838964066791 0
1.927768484990779 0.2936143080348143 0
1.946078604770905 0.298544830082357 0
1 6 0 5
121
122
123
124
125
2.113921395229095 0.298544830082357 0
2.132231515009221 0.2936143080348143 0
2.148888701197774 0.2845838964066791 0
2.162723166660439 0.2716371689724594 0
2.173190838851183 0.2558258321241406 0
1 7 0 5
126
127
128
129
130
2.246809161148817 0.04417416787585944 0
2.257276833339561 0.0283628310275407 0
2.271111298802226 0.01541610359332088 0
2.287768484990778 0.006385691965185741 0
2.306078604770905 0.001455169917642955 0
1 8 0 4
131
132
133
134
3.03596429777088 0.002034381771981781 0
3.055510883681303 0.009694566110921005 0
3.070305433889079 0.02448911631869763 0
3.077965618228018 0.04403570222911964 0
1 9 0 4
135
136
137
138
3.082034381771982 0.7559642977708804 0
3.089694566110921 0.7755108836813025 0
3.104489116318698 0.790305433889079 0
3.12403570222912 0.7979656182280181 0
1 10 0 12
139
140
141
142
143
144
145
146
147
148
149
150
3.73069719237163 0.7996517808878171 0
3.751362089547347 0.7984598635520761 0
3.771924508248826 0.7961015506109537 0
3.792206709826293 0.7920068373921479 0
3.811667275037887 0.7850435406173506 0
3.828211762079223 0.772855322699895 0
3.83530186172752 0.7538487108254842 0
3.830781809613057 0.7338027178007704 0
3.820636148643618 0.715795311995886 0
3.807990863069644 0.6994175487198497 0
3.793996598905469 0.6841684414251081 0
3.779160984775252 0.669733650273259 0
1 11 0 13
151
152
153
154
155
156
157
158
159
160
161
162
163
4.842476541359185 0.0005277622154513852 0
4.863997265295139 0.002149818185658656 0
4.885400379387221 0.004919073318177104 0
4.906615296145109 0.008878820638095209 0
4.927565346398395 0.01405950233829391 0
4.948170404862789 0.02047587052845579 0
4.968350243558257 0.02812500000000006 0
4.988028295662576 0.0369855494653138 0
5.007135329687348 0.04701846857437906 0
5.025612547449025 0.05816909601329675 0
5.043413723132534 0.07037034333340808 0
5.060506169328595 0.08354647136338886 0
5.076870585935747 0.09761695441854711 0
1 12 0 13
164
165
166
167
168
169
170
171
172
173
174
175
176
5.132383045581454 0.1531294140642522 0
5.146453528636612 0.1694938306714058 0
5.159629656666592 0.1865862768674655 0
5.171830903986703 0.2043874525509755 0
5.182981531425622 0.2228646703126526 0
5.193014450534687 0.241971704337424 0
5.201875000000001 0.2616497564417434 0
5.209524129471545 0.2818295951372121 0
5.215940497661706 0.3024346536016062 0
5.221121179361905 0.3233847038548918 0
5.225080926681823 0.3445996206127797 0
5.227850181814342 0.3660027347048613 0
5.229472237784549 0.3875234586408142 0
1 13 0 13
177
178
179
180
181
182
183
184
185
186
187
188
189
5.229472237784549 0.6124765413591856 0
5.227850181814341 0.6339972652951384 0
5.225080926681823 0.6554003793872201 0
5.221121179361905 0.6766152961451081 0
5.215940497661706 0.697565346398394 0
5.209524129471545 0.7181704048627882 0
5.201875 0.7383502435582567 0
5.193014450534687 0.7580282956625762 0
5.182981531425622 0.7771353296873477 0
5.171830903986703 0.7956125474490243 0
5.159629656666593 0.8134137231325343 0
5.146453528636612 0.8305061693285941 0
5.132383045581453 0.8468705859357477 0
1 14 0 13
190
191
192
193
194
195
196
197
198
199
200
201
202
5.076870585935748 0.9023830455814528 0
5.060506169328595 0.916453528636611 0
5.043413723132534 0.9296296566665917 0
5.025612547449025 0.9418309039867031 0
5.007135329687348 0.9529815314256209 0
4.988028295662576 0.9630144505346863 0
4.968350243558256 0.971875 0
4.948170404862788 0.9795241294715443 0
4.927565346398395 0.9859404976617061 0
4.906615296145109 0.9911211793619048 0
4.885400379387221 0.9950809266818229 0
4.86399726529514 0.9978501818143413 0
4.842476541359187 0.9994722377845486 0
1 15 0 11
203
204
205
206
207
208
209
210
211
212
213
3.748291004096123 0.2003457359206446 0
3.726613354065607 0.2015456073261406 0
3.705041312972202 0.2039746684297727 0
3.683789885147769 0.208363204281086 0
3.663696517876614 0.2164284931213691 0
3.649546816684866 0.2322580396683512 0
3.651723071315591 0.2533779947696549 0
3.663267164789469 0.2716953689875146 0
3.677905671989632 0.2877139999666607 0
3.693953108547242 0.3023336126397195 0
3.710807014050381 0.3160195934787566 0
1 16 0 14
214
215
216
217
218
219
220
221
222
223
224
225
226
227
4.008309646029107 0.5325505200939049 0
4.024401519464267 0.5462823805949173 0
4.039672147182221 0.5609214991511036 0
4.054013008237603 0.5764720390092547 0
4.067314939458701 0.5929196311283512 0
4.079474121554067 0.6102287821088463 0
4.090398983852548 0.6283420880165402 0
4.100017006992122 0.6471818145581913 0
4.108280197472689 0.6666539523511601 0
4.115168128333266 0.6866541729837866 0
4.120688012806739 0.7070746415417426 0
4.124871994326901 0.7278104531807569 0
4.127772460073521 0.7487647644663863 0
4.129456430634817 0.7698521214990064 0
1 17 0 12
228
229
230
231
232
233
234
235
236
237
238
239
4.12928942281239 0.8503356196799904 0
4.126960976651814 0.8715536511748018 0
4.122674337310266 0.8924610117608872 0
4.116045655107797 0.9127430036197547 0
4.106710859638122 0.9319240602453662 0
4.094456797054749 0.949378414589175 0
4.079378414589176 0.9644567970547483 0
4.061924060245367 0.976710859638122 0
4.042743003619755 0.9860456551077967 0
4.022461011760887 0.9926743373102656 0
4.001553651174802 0.9969609766518142 0
3.98033561967999 0.9992894228123904 0
1 18 0 4
240
241
242
243
2.67403570222912 0.9979656182280182 0
2.654489116318698 0.990305433889079 0
2.639694566110921 0.9755108836813023 0
2.632034381771982 0.9559642977708803 0
1 19 0 4
244
245
246
247
2.632034381771982 0.8440357022291197 0
2.639694566110921 0.8244891163186977 0
2.654489116318697 0.8096945661109212 0
2.67403570222912 0.8020343817719818 0
1 20 0 4
248
249
250
251
2.835964297770881 0.7979656182280183 0
2.855510883681303 0.790305433889079 0
2.870305433889079 0.7755108836813025 0
2.877965618228018 0.7559642977708806 0
1 21 0 4
252
253
254
255
2.877965618228018 0.2440357022291197 0
2.870305433889079 0.2244891163186977 0
2.855510883681302 0.209694566110921 0
2.83596429777088 0.2020343817719818 0
1 22 0 5
256
257
258
259
260
2.462127668885392 0.2014557535916112 0
2.443872431421321 0.2064002721914782 0
2.427297394434563 0.215476892391989 0
2.413600933231228 0.2284970243376435 0
2.403327901048874 0.2443767840598294 0
1 23 0 5
261
262
263
264
265
2.172672098951125 0.9556232159401705 0
2.162399066768772 0.9715029756623564 0
2.148702605565437 0.984523107608011 0
2.132127568578679 0.9935997278085218 0
2.113872331114608 0.9985442464083889 0
1 24 0 5
266
267
268
269
270
1.946127668885392 0.9985442464083889 0
1.927872431421321 0.9935997278085218 0
1.911297394434563 0.984523107608011 0
1.897600933231228 0.9715029756623565 0
1.887327901048875 0.9556232159401706 0
1 25 0 5
271
272
273
274
275
1.656672098951125 0.2443767840598294 0
1.646399066768772 0.2284970243376436 0
1.632702605565436 0.2154768923919891 0
1.616127568578679 0.2064002721914782 0
1.597872331114608 0.2014557535916112 0
1 26 0 4
276
277
278
279
0.8440357022291197 0.2020343817719818 0
0.8244891163186977 0.209694566110921 0
0.8096945661109209 0.2244891163186977 0
0.8020343817719818 0.2440357022291197 0
1 27 0 4
280
281
282
283
0.8020343817719818 0.3559642977708803 0
0.8096945661109209 0.3755108836813024 0
0.8244891163186976 0.390305433889079 0
0.8440357022291197 0.3979656182280182 0
1 28 0 4
284
285
286
287
1.42096429777088 0.4020343817719818 0
1.440510883681303 0.409694566110921 0
1.455305433889079 0.4244891163186977 0
1.462965618228018 0.4440357022291196 0
1 29 0 4
288
289
290
291
1.462965618228018 0.5559642977708802 0
1.455305433889079 0.5755108836813023 0
1.440510883681303 0.590305433889079 0
1.42096429777088 0.5979656182280182 0
1 30 0 4
292
293
294
295
0.8440357022291197 0.6020343817719818 0
0.8244891163186977 0.609694566110921 0
0.8096945661109211 0.6244891163186976 0
0.8020343817719818 0.6440357022291195 0
1 31 0 4
296
297
298
299
0.8020343817719818 0.7559642977708804 0
0.8096945661109211 0.7755108836813025 0
0.8244891163186976 0.790305433889079 0
0.8440357022291197 0.7979656182280181 0
1 32 0 4
300
301
302
303
1.45596429777088 0.8020343817719818 0
1.475510883681302 0.8096945661109211 0
1.490305433889079 0.8244891163186976 0
1.497965618228018 0.8440357022291197 0
1 33 0 4
304
305
306
307
1.497965618228018 0.9559642977708803 0
1.490305433889079 0.9755108836813023 0
1.475510883681302 0.990305433889079 0
1.45596429777088 0.9979656182280182 0
1 34 0 4
308
309
310
311
0.6440357022291197 0.9979656182280182 0
0.6244891163186976 0.990305433889079 0
0.609694566110921 0.9755108836813023 0
0.6020343817719818 0.9559642977708803 0
1 35 0 4
312
313
314
315
0.5979656182280182 0.6440357022291198 0
0.590305433889079 0.6244891163186976 0
0.5755108836813023 0.609694566110921 0
0.5559642977708803 0.6020343817719818 0
1 36 0 4
316
317
318
319
0.2440357022291197 0.6020343817719818 0
0.2244891163186977 0.609694566110921 0
0.209694566110921 0.6244891163186976 0
0.2020343817719818 0.6440357022291195 0
1 37 0 4
320
321
322
323
0.1979656182280182 0.9559642977708803 0
0.190305433889079 0.9755108836813023 0
0.1755108836813024 0.990305433889079 0
0.1559642977708804 0.9979656182280182 0
1 38 0 4
324
325
326
327
0.04403570222911972 0.9979656182280182 0
0.02448911631869766 0.990305433889079 0
0.009694566110921022 0.9755108836813023 0
0.002034381771981794 0.9559642977708803 0
1 39 0 9
328
329
330
331
332
333
334
335
336
0.01999999999999996 0 0
0.03999999999999992 0 0
0.05999999999999985 0 0
0.07999999999999982 0 0
0.09999999999999983 0 0
0.1199999999999999 0 0
0.1399999999999999 0 0
0.1599999999999999 0 0
0.1799999999999999 0 0
1 40 0 15
337
338
339
340
341
342
343
344
345
346
347
348
349
350
351
0.2 0.02093749999999998 0
0.2 0.04187499999999997 0
0.2 0.06281249999999992 0
0.2 0.08374999999999992 0
0.2 0.1046874999999999 0
0.2 0.125625 0
0.2 0.1465625 0
0.2 0.1675 0
0.2 0.1884375 0
0.2 0.209375 0
0.2 0.2303125 0
0.2 0.25125 0
0.2 0.2721875 0
0.2 0.293125 0
0.2 0.3140625 0
1 41 0 12
352
353
354
355
356
357
358
359
360
361
362
363
0.2857692307692308 0.4 0
0.3065384615384615 0.4 0
0.3273076923076923 0.4 0
0.3480769230769231 0.4 0
0.3688461538461538 0.4 0
0.3896153846153846 0.4 0
0.4103846153846153 0.4 0
0.4311538461538461 0.4 0
0.4519230769230769 0.4 0
0.4726923076923076 0.4 0
0.4934615384615384 0.4 0
0.5142307692307692 0.4 0
1 42 0 12
364
365
366
367
368
369
370
371
372
373
374
375
0.6 0.3142307692307693 0
0.6 0.2934615384615385 0
0.6 0.2726923076923077 0
0.6 0.2519230769230769 0
0.6 0.2311538461538462 0
0.6 0.2103846153846154 0
0.6 0.1896153846153846 0
0.6 0.1688461538461538 0
0.6 0.1480769230769231 0
0.6 0.1273076923076923 0
0.6 0.1065384615384615 0
0.6 0.08576923076923079 0
1 43 0 48
376
377
378
379
380
381
382
383
384
385
386
387
388
389
390
391
392
393
394
395
396
397
398
399
400
401
402
403
404
405
406
407
408
409
410
411
412
413
414
415
416
417
418
419
420
421
422
423
0.6868367346938775 0 0
0.7086734693877551 0 0
0.7305102040816327 0 0
0.7523469387755102 0 0
0.7741836734693877 0 0
0.7960204081632652 0 0
0.8178571428571428 0 0
0.8396938775510203 0 0
0.8615306122448978 0 0
0.8833673469387754 0 0
0.9052040816326529 0 0
0.9270408163265303 0 0
0.9488775510204079 0 0
0.9707142857142854 0 0
0.9925510204081629 0 0
1.01438775510204 0 0
1.036224489795918 0 0
1.058061224489796 0 0
1.079897959183673 0 0
1.101734693877551 0 0
1.123571428571428 0 0
1.145408163265306 0 0
1.167244897959184 0 0
1.189081632653061 0 0
1.210918367346939 0 0
1.232755102040816 0 0
1.254591836734694 0 0
1.276428571428571 0 0
1.298265306122449 0 0
1.320102040816326 0 0
1.341938775510203 0 0
1.363775510204081 0 0
1.385612244897958 0 0
1.407448979591836 0 0
1.429285714285714 0 0
1.451122448979591 0 0
1.472959183673469 0 0
1.494795918367346 0 0
1.516632653061224 0 0
1.538469387755102 0 0
1.560306122448979 0 0
1.582142857142857 0 0
1.603979591836735 0 0
1.625816326530612 0 0
1.64765306122449 0 0
1.669489795918367 0 0
1.691326530612245 0 0
1.713163265306122 0 0
1 44 0 8
424
425
426
427
428
429
430
431
1.827098181504184 0.08129454451255377 0
1.833641558217275 0.1009246746518242 0
1.840184934930365 0.1205548047910945 0
1.846728311643455 0.1401849349303648 0
1.853271688356545 0.1598150650696352 0
1.859815065069635 0.1794451952089055 0
1.866358441782725 0.1990753253481758 0
1.872901818495815 0.2187054554874461 0
1 45 0 5
432
433
434
435
436
1.986666666666667 0.3 0
2.008333333333333 0.3 0
2.03 0.3 0
2.051666666666667 0.3 0
2.073333333333334 0.3 0
1 46 0 8
437
438
439
440
441
442
443
444
2.187098181504185 0.2187054554874462 0
2.193641558217275 0.1990753253481758 0
2.200184934930365 0.1794451952089055 0
2.206728311643455 0.1598150650696352 0
2.213271688356545 0.1401849349303649 0
2.219815065069635 0.1205548047910945 0
2.226358441782725 0.1009246746518242 0
2.232901818495815 0.08129454451255388 0
1 47 0 31
445
446
447
448
449
450
451
452
453
454
455
456
457
458
459
460
461
462
463
464
465
466
467
468
469
470
471
472
473
474
475
2.3465625 0 0
2.368125 0 0
2.3896875 0 0
2.41125 0 0
2.4328125 0 0
2.454375 0 0
2.4759375 0 0
2.4975 0 0
2.5190625 0 0
2.540625 0 0
2.5621875 0 0
2.58375 0 0
2.605312500000001 0 0
2.626875000000001 0 0
2.648437500000001 0 0
2.670000000000001 0 0
2.691562500000001 0 0
2.713125000000001 0 0
2.734687500000001 0 0
2.756250000000001 0 0
2.777812500000001 0 0
2.799375000000001 0 0
2.820937500000001 0 0
2.842500000000001 0 0
2.864062500000001 0 0
2.885625000000001 0 0
2.9071875 0 0
2.92875 0 0
2.9503125 0 0
2.971875 0 0
2.9934375 0 0
1 48 0 30
476
477
478
479
480
481
482
483
484
485
486
487
488
489
490
491
492
493
494
495
496
497
498
499
500
501
502
503
504
505
3.08 0.08661290322580643 0
3.08 0.1082258064516129 0
3.08 0.1298387096774193 0
3.08 0.1514516129032258 0
3.08 0.1730645161290322 0
3.08 0.1946774193548386 0
3.08 0.216290322580645 0
3.08 0.2379032258064515 0
3.08 0.259516129032258 0
3.08 0.2811290322580644 0
3.08 0.3027419354838709 0
3.08 0.3243548387096774 0
3.08 0.3459677419354838 0
3.08 0.3675806451612903 0
3.08 0.3891935483870967 0
3.08 0.4108064516129032 0
3.08 0.4324193548387097 0
3.08 0.4540322580645162 0
3.08 0.4756451612903226 0
3.08 0.4972580645161291 0
3.08 0.5188709677419356 0
3.08 0.540483870967742 0
3.08 0.5620967741935485 0
3.08 0.5837096774193551 0
3.08 0.6053225806451614 0
3.08 0.626935483870968 0
3.08 0.6485483870967743 0
3.08 0.6701612903225809 0
3.08 0.6917741935483872 0
3.08 0.7133870967741935 0
1 49 0 25
506
507
508
509
510
511
512
513
514
515
516
517
518
519
520
521
522
523
524
525
526
527
528
529
530
3.166730769230769 0.8 0
3.188461538461538 0.8 0
3.210192307692308 0.8 0
3.231923076923077 0.8 0
3.253653846153846 0.8 0
3.275384615384615 0.8 0
3.297115384615385 0.8 0
3.318846153846154 0.8 0
3.340576923076923 0.8 0
3.362307692307692 0.8 0
3.384038461538462 0.8 0
3.405769230769231 0.8 0
3.4275 0.8 0
3.449230769230769 0.8 0
3.470961538461538 0.8 0
3.492692307692308 0.8 0
3.514423076923077 0.8 0
3.536153846153846 0.8 0
3.557884615384615 0.8 0
3.579615384615384 0.8 0
3.601346153846154 0.8 0
3.623076923076923 0.8 0
3.644807692307692 0.8 0
3.666538461538462 0.8 0
3.688269230769231 0.8 0
1 50 0 26
531
532
533
534
535
536
537
538
539
540
541
542
543
544
545
546
547
548
549
550
551
552
553
554
555
556
3.747683646164528 0.6419924933425906 0
3.731618890542815 0.6280697051371064 0
3.715554134921102 0.614146916931622 0
3.69948937929939 0.6002241287261377 0
3.683424623677677 0.5863013405206535 0
3.667359868055965 0.5723785523151692 0
3.651295112434252 0.558455764109685 0
3.635230356812539 0.5445329759042007 0
3.619165601190827 0.5306101876987164 0
3.603100845569114 0.5166873994932321 0
3.587036089947401 0.5027646112877477 0
3.570971334325689 0.4888418230822634 0
3.554906578703976 0.4749190348767791 0
3.538841823082263 0.4609962466712949 0
3.522777067460551 0.4470734584658105 0
3.506712311838838 0.4331506702603263 0
3.490647556217126 0.4192278820548421 0
3.474582800595413 0.4053050938493578 0
3.458518044973701 0.3913823056438736 0
3.442453289351988 0.3774595174383895 0
3.426388533730275 0.3635367292329053 0
3.410323778108563 0.349613941027421 0
3.39425902248685 0.3356911528219368 0
3.378194266865138 0.3217683646164526 0
3.362129511243425 0.3078455764109684 0
3.346064755621712 0.2939227882054842 0
1 51 0 12
557
558
559
560
561
562
563
564
565
566
567
568
3.33 0.2584615384615385 0
3.33 0.236923076923077 0
3.33 0.2153846153846155 0
3.33 0.193846153846154 0
3.33 0.1723076923076925 0
3.33 0.150769230769231 0
3.33 0.1292307692307695 0
3.33 0.1076923076923079 0
3.33 0.08615384615384633 0
3.33 0.06461538461538471 0
3.33 0.0430769230769231 0
3.33 0.02153846153846156 0
1 52 0 67
569
570
571
572
573
574
575
576
577
578
579
580
581
582
583
584
585
586
587
588
589
590
591
592
593
594
595
596
597
598
599
600
601
602
603
604
605
606
607
608
609
610
611
612
613
614
615
616
617
618
619
620
621
622
623
624
625
626
627
628
629
630
631
632
633
634
635
3.351925014326957 0 0
3.373850028653913 0 0
3.395775042980869 0 0
3.417700057307826 0 0
3.439625071634782 0 0
3.461550085961738 0 0
3.483475100288694 0 0
3.505400114615651 0 0
3.527325128942607 0 0
3.549250143269563 0 0
3.57117515759652 0 0
3.593100171923476 0 0
3.615025186250432 0 0
3.636950200577389 0 0
3.658875214904345 0 0
3.680800229231301 0 0
3.702725243558257 0 0
3.724650257885214 0 0
3.74657527221217 0 0
3.768500286539127 0 0
3.790425300866083 0 0
3.812350315193039 0 0
3.834275329519996 0 0
3.856200343846952 0 0
3.878125358173908 0 0
3.900050372500865 0 0
3.921975386827821 0 0
3.943900401154778 0 0
3.965825415481734 0 0
3.98775042980869 0 0
4.009675444135647 0 0
4.031600458462603 0 0
4.053525472789559 0 0
4.075450487116515 0 0
4.097375501443471 0 0
4.119300515770428 0 0
4.141225530097384 0 0
4.16315054442434 0 0
4.185075558751297 0 0
4.207000573078252 0 0
4.228925587405209 0 0
4.250850601732165 0 0
4.272775616059121 0 0
4.294700630386078 0 0
4.316625644713034 0 0
4.33855065903999 0 0
4.360475673366946 0 0
4.382400687693902 0 0
4.404325702020859 0 0
4.426250716347815 0 0
4.448175730674771 0 0
4.470100745001728 0 0
4.492025759328684 0 0
4.51395077365564 0 0
4.535875787982596 0 0
4.557800802309552 0 0
4.579725816636509 0 0
4.601650830963465 0 0
4.623575845290421 0 0
4.645500859617377 0 0
4.667425873944334 0 0
4.68935088827129 0 0
4.711275902598246 0 0
4.733200916925203 0 0
4.755125931252159 0 0
4.777050945579115 0 0
4.798975959906072 0 0
1 53 0 1
636
5.105 0.125 0
1 54 0 8
637
638
639
640
641
642
643
644
5.23 0.4292992422632014 0
5.23 0.4494994587594295 0
5.23 0.4696996752556578 0
5.23 0.4898998917518859 0
5.23 0.5101001082481141 0
5.23 0.5303003247443423 0
5.23 0.5505005412405705 0
5.23 0.5707007577367986 0
1 55 0 1
645
5.105 0.875 0
1 56 0 22
646
647
648
649
650
651
652
653
654
655
656
657
658
659
660
661
662
663
664
665
666
667
4.7995574536142 1 0
4.778213932995373 1 0
4.756870412376546 1 0
4.735526891757718 1 0
4.714183371138891 1 0
4.692839850520064 1 0
4.671496329901237 1 0
4.650152809282409 1 0
4.628809288663582 1 0
4.607465768044755 1 0
4.586122247425928 1 0
4.5647787268071 1 0
4.543435206188273 1 0
4.522091685569446 1 0
4.500748164950619 1 0
4.479404644331792 1 0
4.458061123712964 1 0
4.436717603094137 1 0
4.41537408247531 1 0
4.394030561856482 1 0
4.372687041237655 1 0
4.351343520618827 1 0
1 57 0 36
668
669
670
671
672
673
674
675
676
677
678
679
680
681
682
683
684
685
686
687
688
689
690
691
692
693
694
695
696
697
698
699
700
701
702
703
4.33 0.9783783783783784 0
4.33 0.9567567567567569 0
4.33 0.9351351351351352 0
4.33 0.9135135135135137 0
4.33 0.8918918918918921 0
4.33 0.8702702702702705 0
4.33 0.8486486486486489 0
4.33 0.8270270270270274 0
4.33 0.8054054054054058 0
4.33 0.7837837837837842 0
4.33 0.7621621621621627 0
4.33 0.7405405405405412 0
4.33 0.7189189189189196 0
4.33 0.6972972972972979 0
4.33 0.6756756756756763 0
4.33 0.6540540540540548 0
4.33 0.6324324324324332 0
4.33 0.6108108108108115 0
4.33 0.5891891891891898 0
4.33 0.5675675675675682 0
4.33 0.5459459459459465 0
4.33 0.5243243243243247 0
4.33 0.5027027027027031 0
4.33 0.4810810810810815 0
4.33 0.4594594594594599 0
4.33 0.4378378378378381 0
4.33 0.4162162162162165 0
4.33 0.3945945945945949 0
4.33 0.3729729729729732 0
4.33 0.3513513513513515 0
4.33 0.3297297297297298 0
4.33 0.3081081081081082 0
4.33 0.2864864864864867 0
4.33 0.2648648648648649 0
4.33 0.2432432432432433 0
4.33 0.2216216216216216 0
1 58 0 25
704
705
706
707
708
709
710
711
712
713
714
715
716
717
718
719
720
721
722
723
724
725
726
727
728
4.308461538461539 0.2 0
4.286923076923077 0.2 0
4.265384615384615 0.2 0
4.243846153846154 0.2 0
4.222307692307693 0.2 0
4.200769230769231 0.2 0
4.179230769230769 0.2 0
4.157692307692308 0.2 0
4.136153846153847 0.2 0
4.114615384615385 0.2 0
4.093076923076923 0.2 0
4.071538461538462 0.2 0
4.050000000000001 0.2 0
4.028461538461539 0.2 0
4.006923076923077 0.2 0
3.985384615384616 0.2 0
3.963846153846154 0.2 0
3.942307692307693 0.2 0
3.920769230769231 0.2 0
3.899230769230769 0.2 0
3.877692307692308 0.2 0
3.856153846153846 0.2 0
3.834615384615385 0.2 0
3.813076923076923 0.2 0
3.791538461538462 0.2 0
1 59 0 14
729
730
731
732
733
734
735
736
737
738
739
740
741
742
3.745741442104576 0.3417438029033141 0
3.763295617469688 0.3544554471332227 0
3.7808497928348 0.3671670913631314 0
3.798403968199912 0.37987873559304 0
3.815958143565024 0.3925903798229486 0
3.833512318930136 0.4053020240528572 0
3.851066494295248 0.4180136682827658 0
3.86862066966036 0.4307253125126744 0
3.886174845025472 0.4434369567425831 0
3.903729020390584 0.4561486009724918 0
3.921283195755696 0.4688602452024004 0
3.938837371120808 0.4815718894323091 0
3.95639154648592 0.4942835336622177 0
3.973945721851031 0.5069951778921263 0
1 60 0 1
743
4.13 0.8100000000000001 0
1 61 0 57
744
745
746
747
748
749
750
751
752
753
754
755
756
757
758
759
760
761
762
763
764
765
766
767
768
769
770
771
772
773
774
775
776
777
778
779
780
781
782
783
784
785
786
787
788
789
790
791
792
793
794
795
796
797
798
799
800
3.937206896551724 1 0
3.915413793103448 1 0
3.893620689655172 1 0
3.871827586206896 1 0
3.850034482758621 1 0
3.828241379310345 1 0
3.806448275862069 1 0
3.784655172413793 1 0
3.762862068965517 1 0
3.741068965517242 1 0
3.719275862068966 1 0
3.69748275862069 1 0
3.675689655172414 1 0
3.653896551724138 1 0
3.632103448275863 1 0
3.610310344827586 1 0
3.588517241379311 1 0
3.566724137931034 1 0
3.544931034482759 1 0
3.523137931034483 1 0
3.501344827586207 1 0
3.479551724137931 1 0
3.457758620689655 1 0
3.435965517241379 1 0
3.414172413793103 1 0
3.392379310344827 1 0
3.370586206896551 1 0
3.348793103448275 1 0
3.327 1 0
3.305206896551724 1 0
3.283413793103448 1 0
3.261620689655172 1 0
3.239827586206896 1 0
3.21803448275862 1 0
3.196241379310344 1 0
3.174448275862068 1 0
3.152655172413792 1 0
3.130862068965516 1 0
3.109068965517241 1 0
3.087275862068965 1 0
3.065482758620689 1 0
3.043689655172413 1 0
3.021896551724137 1 0
3.000103448275861 1 0
2.978310344827585 1 0
2.956517241379309 1 0
2.934724137931033 1 0
2.912931034482757 1 0
2.891137931034482 1 0
2.869344827586206 1 0
2.84755172413793 1 0
2.825758620689655 1 0
2.803965517241379 1 0
2.782172413793103 1 0
2.760379310344827 1 0
2.738586206896551 1 0
2.716793103448276 1 0
1 62 0 3
801
802
803
2.63 0.9175000000000001 0
2.63 0.9000000000000001 0
2.63 0.8825000000000001 0
1 63 0 5
804
805
806
807
808
2.715 0.8 0
2.735 0.8 0
2.755 0.8 0
2.775 0.8 0
2.795 0.8 0
1 64 0 21
809
810
811
812
813
814
815
816
817
818
819
820
821
822
823
824
825
826
827
828
829
2.88 0.7136363636363637 0
2.88 0.6922727272727274 0
2.88 0.670909090909091 0
2.88 0.6495454545454545 0
2.88 0.6281818181818182 0
2.88 0.6068181818181817 0
2.88 0.5854545454545453 0
2.88 0.564090909090909 0
2.88 0.5427272727272725 0
2.88 0.5213636363636361 0
2.88 0.4999999999999997 0
2.88 0.4786363636363633 0
2.88 0.4572727272727269 0
2.88 0.4359090909090905 0
2.88 0.4145454545454541 0
2.88 0.3931818181818177 0
2.88 0.3718181818181814 0
2.88 0.3504545454545451 0
2.88 0.3290909090909088 0
2.88 0.3077272727272726 0
2.88 0.2863636363636364 0
1 65 0 15
830
831
832
833
834
835
836
837
838
839
840
841
842
843
844
2.794125 0.2 0
2.77325 0.2 0
2.752375 0.2 0
2.7315 0.2 0
2.710625 0.2 0
2.68975 0.2 0
2.668875 0.2 0
2.648 0.2 0
2.627125 0.2 0
2.60625 0.2 0
2.585375 0.2 0
2.5645 0.2 0
2.543625 0.2 0
2.52275 0.2 0
2.501875 0.2 0
1 66 0 32
845
846
847
848
849
850
851
852
853
854
855
856
857
858
859
860
861
862
863
864
865
866
867
868
869
870
871
872
873
874
875
876
2.389632633632905 0.2823980198971709 0
2.383075689527556 0.3028884702263857 0
2.376518745422207 0.3233789205556005 0
2.369961801316859 0.3438693708848153 0
2.36340485721151 0.3643598212140301 0
2.356847913106161 0.3848502715432449 0
2.350290969000813 0.4053407218724597 0
2.343734024895464 0.4258311722016745 0
2.337177080790116 0.4463216225308894 0
2.330620136684767 0.4668120728601041 0
2.324063192579418 0.4873025231893189 0
2.317506248474069 0.5077929735185336 0
2.31094930436872 0.5282834238477484 0
2.304392360263372 0.5487738741769632 0
2.297835416158023 0.569264324506178 0
2.291278472052674 0.5897547748353928 0
2.284721527947326 0.6102452251646076 0
2.278164583841977 0.6307356754938225 0
2.271607639736628 0.6512261258230372 0
2.265050695631279 0.6717165761522519 0
2.258493751525931 0.6922070264814667 0
2.251936807420582 0.7126974768106815 0
2.245379863315233 0.7331879271398962 0
2.238822919209885 0.753678377469111 0
2.232265975104536 0.7741688277983259 0
2.225709030999187 0.7946592781275406 0
2.219152086893839 0.8151497284567553 0
2.21259514278849 0.8356401787859702 0
2.206038198683141 0.8561306291151849 0
2.199481254577792 0.8766210794443996 0
2.192924310472444 0.8971115297736143 0
2.186367366367095 0.9176019801028292 0
1 67 0 5
877
878
879
880
881
2.073333333333333 1 0
2.051666666666667 1 0
2.03 1 0
2.008333333333333 1 0
1.986666666666667 1 0
1 68 0 32
882
883
884
885
886
887
888
889
890
891
892
893
894
895
896
897
898
899
900
901
902
903
904
905
906
907
908
909
910
911
912
913
1.873632633632905 0.9176019801028291 0
1.867075689527556 0.8971115297736143 0
1.860518745422208 0.8766210794443995 0
1.853961801316859 0.8561306291151847 0
1.84740485721151 0.8356401787859699 0
1.840847913106161 0.815149728456755 0
1.834290969000813 0.7946592781275402 0
1.827734024895464 0.7741688277983254 0
1.821177080790115 0.7536783774691107 0
1.814620136684767 0.7331879271398959 0
1.808063192579418 0.7126974768106811 0
1.801506248474069 0.6922070264814664 0
1.79494930436872 0.6717165761522514 0
1.788392360263372 0.6512261258230367 0
1.781835416158023 0.6307356754938218 0
1.775278472052674 0.6102452251646071 0
1.768721527947325 0.5897547748353924 0
1.762164583841977 0.5692643245061775 0
1.755607639736628 0.5487738741769628 0
1.749050695631279 0.5282834238477481 0
1.74249375152593 0.5077929735185331 0
1.735936807420582 0.4873025231893184 0
1.729379863315233 0.4668120728601036 0
1.722822919209884 0.446321622530889 0
1.716265975104536 0.4258311722016741 0
1.709709030999187 0.4053407218724594 0
1.703152086893838 0.3848502715432447 0
1.696595142788489 0.3643598212140298 0
1.690038198683141 0.3438693708848151 0
1.683481254577792 0.3233789205556002 0
1.676924310472443 0.3028884702263855 0
1.670367366367095 0.2823980198971707 0
1 69 0 32
914
915
916
917
918
919
920
921
922
923
924
925
926
927
928
929
930
931
932
933
934
935
936
937
938
939
940
941
942
943
944
945
1.557363636363636 0.2 0
1.535727272727273 0.2 0
1.514090909090909 0.2 0
1.492454545454545 0.2 0
1.470818181818182 0.2 0
1.449181818181818 0.2 0
1.427545454545454 0.2 0
1.405909090909091 0.2 0
1.384272727272727 0.2 0
1.362636363636363 0.2 0
1.341 0.2 0
1.319363636363636 0.2 0
1.297727272727272 0.2 0
1.276090909090909 0.2 0
1.254454545454545 0.2 0
1.232818181818182 0.2 0
1.211181818181818 0.2 0
1.189545454545454 0.2 0
1.167909090909091 0.2 0
1.146272727272727 0.2 0
1.124636363636363 0.2 0
1.103 0.2 0
1.081363636363636 0.2 0
1.059727272727273 0.2 0
1.038090909090909 0.2 0
1.016454545454545 0.2 0
0.9948181818181817 0.2 0
0.9731818181818181 0.2 0
0.9515454545454546 0.2 0
0.929909090909091 0.2 0
0.9082727272727273 0.2 0
0.8866363636363638 0.2 0
1 70 0 3
946
947
948
0.8 0.2825 0
0.8 0.2999999999999999 0
0.8 0.3175 0
1 71 0 24
949
950
951
952
953
954
955
956
957
958
959
960
961
962
963
964
965
966
967
968
969
970
971
972
0.8864 0.4 0
0.9077999999999999 0.4 0
0.9292 0.4 0
0.9506 0.4 0
0.972 0.4 0
0.9933999999999998 0.4 0
1.0148 0.4 0
1.0362 0.4 0
1.0576 0.4 0
1.079 0.4 0
1.1004 0.4 0
1.1218 0.4 0
1.1432 0.4 0
1.1646 0.4 0
1.186 0.4 0
1.2074 0.4 0
1.2288 0.4 0
1.2502 0.4 0
1.2716 0.4 0
1.293 0.4 0
1.3144 0.4 0
1.3358 0.4 0
1.3572 0.4 0
1.3786 0.4 0
1 72 0 3
973
974
975
1.465 0.4825 0
1.465 0.4999999999999999 0
1.465 0.5175 0
1 73 0 24
976
977
978
979
980
981
982
983
984
985
986
987
988
989
990
991
992
993
994
995
996
997
998
999
1.3786 0.6 0
1.3572 0.6 0
1.3358 0.6 0
1.3144 0.6 0
1.293 0.6 0
1.2716 0.6 0
1.2502 0.6 0
1.2288 0.6 0
1.2074 0.6 0
1.186 0.6 0
1.1646 0.6 0
1.1432 0.6 0
1.1218 0.6 0
1.1004 0.6 0
1.079 0.6 0
1.0576 0.6 0
1.0362 0.6 0
1.0148 0.6 0
0.9934000000000003 0.6 0
0.9720000000000002 0.6 0
0.9506000000000002 0.6 0
0.9292000000000001 0.6 0
0.9078000000000002 0.6 0
0.8864 0.6 0
1 74 0 3
1000
1001
1002
0.8 0.6825 0
0.8 0.7 0
0.8 0.7175 0
1 75 0 25
1003
1004
1005
1006
1007
1008
1009
1010
1011
1012
1013
1014
1015
1016
1017
1018
1019
1020
1021
1022
1023
1024
1025
1026
1027
0.8869230769230769 0.8 0
0.9088461538461539 0.8 0
0.9307692307692309 0.8 0
0.9526923076923078 0.8 0
0.9746153846153848 0.8 0
0.9965384615384618 0.8 0
1.018461538461539 0.8 0
1.040384615384616 0.8 0
1.062307692307693 0.8 0
1.08423076923077 0.8 0
1.106153846153846 0.8 0
1.128076923076923 0.8 0
1.15 0.8 0
1.171923076923077 0.8 0
1.193846153846154 0.8 0
1.215769230769231 0.8 0
1.237692307692308 0.8 0
1.259615384615385 0.8 0
1.281538461538462 0.8 0
1.303461538461539 0.8 0
1.325384615384616 0.8 0
1.347307692307693 0.8 0
1.369230769230769 0.8 0
1.391153846153846 0.8 0
1.413076923076923 0.8 0
1 76 0 3
1028
1029
1030
1.5 0.8825 0
1.5 0.8999999999999999 0
1.5 0.9175 0
1 77 0 34
1031
1032
1033
1034
1035
1036
1037
1038
1039
1040
1041
1042
1043
1044
1045
1046
1047
1048
1049
1050
1051
1052
1053
1054
1055
1056
1057
1058
1059
1060
1061
1062
1063
1064
1.413 1 0
1.391 1 0
1.369 1 0
1.347 1 0
1.325 1 0
1.303 1 0
1.281 1 0
1.259 1 0
1.237 1 0
1.215 1 0
1.193 1 0
1.171 1 0
1.149 1 0
1.127 1 0
1.105 1 0
1.083 1 0
1.061 1 0
1.039 1 0
1.016999999999999 1 0
0.9949999999999996 1 0
0.9729999999999995 1 0
0.9509999999999994 1 0
0.9289999999999993 1 0
0.9069999999999994 1 0
0.8849999999999995 1 0
0.8629999999999994 1 0
0.8409999999999994 1 0
0.8189999999999995 1 0
0.7969999999999996 1 0
0.7749999999999996 1 0
0.7529999999999997 1 0
0.7309999999999998 1 0
0.7089999999999999 1 0
0.6870000000000001 1 0
1 78 0 12
1065
1066
1067
1068
1069
1070
1071
1072
1073
1074
1075
1076
0.6 0.9142307692307693 0
0.6 0.8934615384615385 0
0.6 0.8726923076923078 0
0.6 0.851923076923077 0
0.6 0.8311538461538461 0
0.6 0.8103846153846155 0
0.6 0.7896153846153846 0
0.6 0.7688461538461538 0
0.6 0.7480769230769231 0
0.6 0.7273076923076923 0
0.6 0.7065384615384616 0
0.6 0.6857692307692308 0
1 79 0 12
1077
1078
1079
1080
1081
1082
1083
1084
1085
1086
1087
1088
0.5142307692307692 0.6 0
0.4934615384615384 0.6 0
0.4726923076923076 0.6 0
0.4519230769230769 0.6 0
0.4311538461538461 0.6 0
0.4103846153846153 0.6 0
0.3896153846153846 0.6 0
0.3688461538461538 0.6 0
0.3480769230769231 0.6 0
0.3273076923076923 0.6 0
0.3065384615384615 0.6 0
0.2857692307692308 0.6 0
1 80 0 12
1089
1090
1091
1092
1093
1094
1095
1096
1097
1098
1099
1100
0.2 0.6857692307692308 0
0.2 0.7065384615384616 0
0.2 0.7273076923076923 0
0.2 0.7480769230769231 0
0.2 0.768846153846154 0
0.2 0.7896153846153846 0
0.2 0.8103846153846155 0
0.2 0.8311538461538462 0
0.2 0.851923076923077 0
0.2 0.8726923076923078 0
0.2 0.8934615384615385 0
0.2 0.9142307692307693 0
1 81 0 3
1101
1102
1103
0.1175 1 0
0.1000000000000001 1 0
0.08250000000000003 1 0
1 82 0 42
1104
1105
1106
1107
1108
1109
1110
1111
1112
1113
1114
1115
1116
1117
1118
1119
1120
1121
1122
1123
1124
1125
1126
1127
1128
1129
1130
1131
1132
1133
1134
1135
1136
1137
1138
1139
1140
1141
1142
1143
1144
1145
0 0.9132558139534884 0
0 0.8915116279069769 0
0 0.8697674418604653 0
0 0.8480232558139537 0
0 0.826279069767442 0
0 0.8045348837209305 0
0 0.7827906976744189 0
0 0.7610465116279073 0
0 0.7393023255813957 0
0 0.7175581395348841 0
0 0.6958139534883725 0
0 0.6740697674418609 0
0 0.6523255813953492 0
0 0.6305813953488376 0
0 0.608837209302326 0
0 0.5870930232558144 0
0 0.5653488372093027 0
0 0.543604651162791 0
0 0.5218604651162795 0
0 0.5001162790697679 0
0 0.4783720930232563 0
0 0.4566279069767447 0
0 0.4348837209302331 0
0 0.4131395348837215 0
0 0.3913953488372098 0
0 0.3696511627906982 0
0 0.3479069767441866 0
0 0.326162790697675 0
0 0.3044186046511633 0
0 0.2826744186046517 0
0 0.2609302325581401 0
0 0.2391860465116284 0
0 0.2174418604651168 0
0 0.1956976744186051 0
0 0.1739534883720935 0
0 0.1522093023255817 0
0 0.1304651162790701 0
0 0.1087209302325584 0
0 0.08697674418604673 0
0 0.06523255813953499 0
0 0.04348837209302336 0
0 0.02174418604651174 0
1 84 0 1
1146
1.94804592428479 0.4859864142826322 0
1 85 0 1
1147
2.11195407571521 0.4859864142826322 0
1 86 0 1
1148
2.03 0.7680271714347356 0
1 87 0 5
1149
1150
1151
1152
1153
1.986666666666667 0.48 0
2.008333333333333 0.48 0
2.03 0.48 0
2.051666666666667 0.48 0
2.073333333333334 0.48 0
1 88 0 11
1154
1155
1156
1157
1158
1159
1160
1161
1162
1163
1164
2.106513585717368 0.5249547142754406 0
2.100210868573894 0.5459637714203526 0
2.093908151430421 0.5669728285652644 0
2.087605434286947 0.5879818857101763 0
2.081302717143473 0.6089909428550883 0
2.075 0.6300000000000001 0
2.068697282856526 0.651009057144912 0
2.062394565713053 0.6720181142898238 0
2.056091848569579 0.6930271714347358 0
2.049789131426106 0.7140362285796477 0
2.043486414282632 0.7350452857245595 0
1 89 0 11
1165
1166
1167
1168
1169
1170
1171
1172
1173
1174
1175
2.016513585717367 0.7350452857245594 0
2.010210868573894 0.7140362285796474 0
2.00390815143042 0.6930271714347356 0
1.997605434286947 0.6720181142898236 0
1.991302717143473 0.6510090571449118 0
1.985 0.6299999999999999 0
1.978697282856526 0.608990942855088 0
1.972394565713053 0.5879818857101762 0
1.966091848569579 0.5669728285652642 0
1.959789131426106 0.5459637714203524 0
1.953486414282632 0.5249547142754406 0
1 91 0 7
1176
1177
1178
1179
1180
1181
1182
4.836885268049876 0.2008521146865098 0
4.856338739959177 0.2035089055558674 0
4.87543109983525 0.2080847262829768 0
4.893942126650294 0.214625 0
4.91165607113406 0.2230896006915204 0
4.928392002136919 0.2333543439631128 0
4.944026318881525 0.2452313910278838 0
1 92 0 7
1183
1184
1185
1186
1187
1188
1189
4.984768608972117 0.2859736811184757 0
4.996645656036888 0.3016079978630813 0
5.00691039930848 0.3183439288659396 0
5.015375000000001 0.3360578733497066 0
5.021915273717023 0.3545689001647506 0
5.026491094444133 0.3736612600408238 0
5.02914788531349 0.3931147319501243 0
1 93 0 7
1190
1191
1192
1193
1194
1195
1196
5.029147885313491 0.606885268049876 0
5.026491094444133 0.6263387399591763 0
5.021915273717024 0.6454310998352495 0
5.015375000000001 0.6639421266502934 0
5.00691039930848 0.6816560711340603 0
4.996645656036888 0.6983920021369188 0
4.984768608972116 0.7140263188815245 0
1 94 0 7
1197
1198
1199
1200
1201
1202
1203
4.944026318881525 0.7547686089721163 0
4.928392002136919 0.7666456560368874 0
4.911656071134061 0.7769103993084796 0
4.893942126650294 0.785375 0
4.87543109983525 0.7919152737170233 0
4.856338739959177 0.7964910944441328 0
4.836885268049876 0.7991478853134903 0
1 95 0 13
1204
1205
1206
1207
1208
1209
1210
1211
1212
1213
1214
1215
1216
4.550519179042941 0.2 0
4.571038358085882 0.2 0
4.591557537128823 0.2 0
4.612076716171765 0.2 0
4.632595895214705 0.2 0
4.653115074257647 0.2 0
4.673634253300587 0.2 0
4.694153432343529 0.2 0
4.71467261138647 0.2 0
4.735191790429411 0.2 0
4.755710969472352 0.2 0
4.776230148515292 0.2 0
4.796749327558234 0.2 0
1 96 0 0
1 97 0 7
1217
1218
1219
1220
1221
1222
1223
5.03 0.4345486200491195 0
5.03 0.456365746699413 0
5.03 0.4781828733497065 0
5.03 0.5 0
5.03 0.5218171266502936 0
5.03 0.543634253300587 0
5.03 0.5654513799508805 0
1 98 0 0
1 99 0 13
1224
1225
1226
1227
1228
1229
1230
1231
1232
1233
1234
1235
1236
4.796749327558234 0.8 0
4.776230148515292 0.8 0
4.755710969472352 0.8 0
4.73519179042941 0.8 0
4.71467261138647 0.8 0
4.694153432343528 0.8 0
4.673634253300587 0.8 0
4.653115074257646 0.8 0
4.632595895214705 0.8 0
4.612076716171764 0.8 0
4.591557537128823 0.8 0
4.571038358085882 0.8 0
4.550519179042941 0.8 0
1 100 0 27
1237
1238
1239
1240
1241
1242
1243
1244
1245
1246
1247
1248
1249
1250
1251
1252
1253
1254
1255
1256
1257
1258
1259
1260
1261
1262
1263
4.53 0.7785714285714286 0
4.53 0.7571428571428572 0
4.53 0.7357142857142858 0
4.53 0.7142857142857143 0
4.53 0.6928571428571428 0
4.53 0.6714285714285715 0
4.53 0.65 0
4.53 0.6285714285714286 0
4.53 0.6071428571428572 0
4.53 0.5857142857142856 0
4.53 0.5642857142857143 0
4.53 0.5428571428571427 0
4.53 0.5214285714285714 0
4.53 0.4999999999999998 0
4.53 0.4785714285714283 0
4.53 0.4571428571428568 0
4.53 0.4357142857142854 0
4.53 0.414285714285714 0
4.53 0.3928571428571427 0
4.53 0.3714285714285714 0
4.53 0.35 0
4.53 0.3285714285714287 0
4.53 0.3071428571428573 0
4.53 0.2857142857142858 0
4.53 0.2642857142857143 0
4.53 0.2428571428571429 0
4.53 0.2214285714285714 0
2 102 0 7162
1264
1265
1266
1267
1268
1269
1270
1271
1272
1273
1274
1275
1276
1277
1278
1279
1280
1281
1282
1283
1284
1285
1286
1287
1288
1289
1290
1291
1292
1293
1294
1295
1296
1297
1298
1299
1300
1301
1302
1303
1304
1305
1306
1307
1308
1309
1310
1311
1312
1313
1314
1315
1316
1317
1318
1319
1320
1321
1322
1323
1324
1325
1326
1327
1328
1329
1330
1331
1332
1333
1334
1335
1336
1337
1338
1339
1340
1341
1342
1343
1344
1345
1346
1347
1348
1349
1350
1351
1352
1353
1354
1355
1356
1357
1358
1359
1360
1361
1362
1363
1364
1365
1366
1367
1368
1369
1370
1371
1372
1373
1374
1375
1376
1377
1378
1379
1380
1381
1382
1383
1384
1385
1386
1387
1388
1389
1390
1391
1392
1393
1394
1395
1396
1397
1398
1399
1400
1401
1402
1403
1404
1405
1406
1407
1408
1409
1410
1411
1412
1413
1414
1415
1416
1417
1418
1419
1420
1421
1422
1423
1424
1425
1426
1427
1428
1429
1430
1431
1432
1433
1434
1435
1436
1437
1438
1439
1440
1441
1442
1443
1444
1445
1446
1447
1448
1449
1450
1451
1452
1453
1454
1455
1456
1457
1458
1459
1460
1461
1462
1463
1464
1465
1466
1467
1468
1469
1470
1471
1472
1473
1474
1475
1476
1477
1478
1479
1480
1481
1482
1483
1484
1485
1486
1487
1488
1489
1490
1491
1492
1493
1494
1495
1496
1497
1498
1499
1500
1501
1502
1503
1504
1505
1506
1507
1508
1509
1510
1511
1512
1513
1514
1515
1516
1517
1518
1519
1520
1521
1522
1523
1524
1525
1526
1527
1528
1529
1530
1531
1532
1533
1534
1535
1536
1537
1538
1539
1540
1541
1542
1543
1544
1545
1546
1547
1548
1549
1550
1551
1552
1553
1554
1555
1556
1557
1558
1559
1560
1561
1562
1563
1564
1565
1566
1567
1568
1569
1570
1571
1572
1573
1574
1575
1576
1577
1578
1579
1580
1581
1582
1583
1584
1585
1586
1587
1588
1589
1590
1591
1592
1593
1594
1595
1596
1597
1598
1599
1600
1601
1602
1603
1604
1605
1606
1607
1608
1609
1610
1611
1612
1613
1614
1615
1616
1617
1618
1619
1620
1621
1622
1623
1624
1625
1626
1627
1628
1629
1630
1631
1632
1633
1634
1635
1636
1637
1638
1639
1640
1641
1642
1643
1644
1645
1646
1647
1648
1649
1650
1651
1652
1653
1654
1655
1656
1657
1658
1659
1660
1661
1662
1663
1664
1665
1666
1667
1668
1669
1670
1671
1672
1673
1674
1675
1676
1677
1678
1679
1680
1681
1682
1683
1684
1685
1686
1687
1688
1689
1690
1691
1692
1693
1694
1695
1696
1697
1698
1699
1700
1701
1702
1703
1704
1705
1706
1707
1708
1709
1710
1711
1712
1713
1714
1715
1716
1717
1718
1719
1720
1721
1722
1723
1724
1725
1726
1727
1728
1729
1730
1731
1732
1733
1734
1735
1736
1737
1738
1739
1740
1741
1742
1743
1744
1745
1746
1747
1748
1749
1750
1751
1752
1753
1754
1755
1756
1757
1758
1759
1760
1761
1762
1763
1764
1765
1766
1767
1768
1769
1770
1771
1772
1773
1774
1775
1776
1777
1778
1779
1780
1781
1782
1783
1784
1785
1786
1787
1788
1789
1790
1791
1792
1793
1794
1795
1796
1797
1798
1799
1800
1801
1802
1803
1804
1805
1806
1807
1808
1809
1810
1811
1812
1813
1814
1815
1816
1817
1818
1819
1820
1821
1822
1823
1824
1825
1826
1827
1828
1829
1830
1831
1832
1833
1834
1835
1836
1837
1838
1839
1840
1841
1842
1843
1844
1845
1846
1847
1848
1849
1850
1851
1852
1853
1854
1855
1856
1857
1858
1859
1860
1861
1862
1863
1864
1865
1866
1867
1868
1869
1870
1871
1872
1873
1874
1875
1876
1877
1878
1879
1880
1881
1882
1883
1884
1885
1886
1887
1888
1889
1890
1891
1892
1893
1894
1895
1896
1897
1898
1899
1900
1901
1902
1903
1904
1905
1906
1907
1908
1909
1910
1911
1912
1913
1914
1915
1916
1917
1918
1919
1920
1921
1922
1923
1924
1925
1926
1927
1928
1929
1930
1931
1932
1933
1934
1935
1936
1937
1938
1939
1940
1941
1942
1943
1944
1945
1946
1947
1948
1949
1950
1951
1952
1953
1954
1955
1956
1957
1958
1959
1960
1961
1962
1963
1964
1965
1966
1967
1968
1969
1970
1971
1972
1973
1974
1975
1976
1977
1978
1979
1980
1981
1982
1983
1984
1985
1986
1987
1988
1989
1990
1991
1992
1993
1994
1995
1996
1997
1998
1999
2000
2001
2002
2003
2004
2005
2006
2007
2008
2009
2010
2011
2012
2013
2014
2015
2016
2017
2018
2019
2020
2021
2022
2023
2024
2025
2026
2027
2028
2029
2030
2031
2032
2033
2034
2035
2036
2037
2038
2039
2040
2041
2042
2043
2044
2045
2046
2047
2048
2049
2050
2051
2052
2053
2054
2055
2056
2057
2058
2059
2060
2061
2062
2063
2064
2065
2066
2067
2068
2069
2070
2071
2072
2073
2074
2075
2076
2077
2078
2079
2080
2081
2082
2083
2084
2085
2086
2087
2088
2089
2090
2091
2092
2093
2094
2095
2096
2097
2098
2099
2100
2101
2102
2103
2104
2105
2106
2107
2108
2109
2110
2111
2112
2113
2114
2115
2116
2117
2118
2119
2120
2121
2122
2123
2124
2125
2126
2127
2128
2129
2130
2131
2132
2133
2134
2135
2136
2137
2138
2139
2140
2141
2142
2143
2144
2145
2146
2147
2148
2149
2150
2151
2152
2153
2154
2155
2156
2157
2158
2159
2160
2161
2162
2163
2164
2165
2166
2167
2168
2169
2170
2171
2172
2173
2174
2175
2176
2177
2178
2179
2180
2181
2182
2183
2184
2185
2186
2187
2188
2189
2190
2191
2192
2193
2194
2195
2196
2197
2198
2199
2200
2201
2202
2203
2204
2205
2206
2207
2208
2209
2210
2211
2212
2213
2214
2215
2216
2217
2218
2219
2220
2221
2222
2223
2224
2225
2226
2227
2228
2229
2230
2231
2232
2233
2234
2235
2236
2237
2238
2239
2240
2241
2242
2243
2244
2245
2246
2247
2248
2249
2250
2251
2252
2253
2254
2255
2256
2257
2258
2259
2260
2261
2262
2263
2264
2265
2266
2267
2268
2269
2270
2271
2272
2273
2274
2275
2276
2277
2278
2279
2280
2281
2282
2283
2284
2285
2286
2287
2288
2289
2290
2291
2292
2293
2294
2295
2296
2297
2298
2299
2300
2301
2302
2303
2304
2305
2306
2307
2308
2309
2310
2311
2312
2313
2314
2315
2316
2317
2318
2319
2320
2321
2322
2323
2324
2325
2326
2327
2328
2329
2330
2331
2332
2333
2334
2335
2336
2337
2338
2339
2340
2341
2342
2343
2344
2345
2346
2347
2348
2349
2350
2351
2352
2353
2354
2355
2356
2357
2358
2359
2360
2361
2362
2363
2364
2365
2366
2367
2368
2369
2370
2371
2372
2373
2374
2375
2376
2377
2378
2379
2380
2381
2382
2383
2384
2385
2386
2387
2388
2389
2390
2391
2392
2393
2394
2395
2396
2397
2398
2399
2400
2401
2402
2403
2404
2405
2406
2407
2408
2409
2410
2411
2412
2413
2414
2415
2416
2417
2418
2419
2420
2421
2422
2423
2424
2425
2426
2427
2428
2429
2430
2431
2432
2433
2434
2435
2436
2437
2438
2439
2440
2441
2442
2443
2444
2445
2446
2447
2448
2449
2450
2451
2452
2453
2454
2455
2456
2457
2458
2459
2460
2461
2462
2463
2464
2465
2466
2467
2468
2469
2470
2471
2472
2473
2474
2475
2476
2477
2478
2479
2480
2481
2482
2483
2484
2485
2486
2487
2488
2489
2490
2491
2492
2493
2494
2495
2496
2497
2498
2499
2500
2501
2502
2503
2504
2505
2506
2507
2508
2509
2510
2511
2512
2513
2514
2515
2516
2517
2518
2519
2520
2521
2522
2523
2524
2525
2526
2527
2528
2529
2530
2531
2532
2533
2534
2535
2536
2537
2538
2539
2540
2541
2542
2543
2544
2545
2546
2547
2548
2549
2550
2551
2552
2553
2554
2555
2556
2557
2558
2559
2560
2561
2562
2563
2564
2565
2566
2567
2568
2569
2570
2571
2572
2573
2574
2575
2576
2577
2578
2579
2580
2581
2582
2583
2584
2585
2586
2587
2588
2589
2590
2591
2592
2593
2594
2595
2596
2597
2598
2599
2600
2601
2602
2603
2604
2605
2606
2607
2608
2609
2610
2611
2612
2613
2614
2615
2616
2617
2618
2619
2620
2621
2622
2623
2624
2625
2626
2627
2628
2629
2630
2631
2632
2633
2634
2635
2636
2637
2638
2639
2640
2641
2642
2643
2644
2645
2646
2647
2648
2649
2650
2651
2652
2653
2654
2655
2656
2657
2658
2659
2660
2661
2662
2663
2664
2665
2666
2667
2668
2669
2670
2671
2672
2673
2674
2675
2676
2677
2678
2679
2680
2681
2682
2683
2684
2685
2686
2687
2688
2689
2690
2691
2692
2693
2694
2695
2696
2697
2698
2699
2700
2701
2702
2703
2704
2705
2706
2707
2708
2709
2710
2711
2712
2713
2714
2715
2716
2717
2718
2719
2720
2721
2722
2723
2724
2725
2726
2727
2728
2729
2730
2731
2732
2733
2734
2735
2736
2737
2738
2739
2740
2741
2742
2743
2744
2745
2746
2747
2748
2749
2750
2751
2752
2753
2754
2755
2756
2757
2758
2759
2760
2761
2762
2763
2764
2765
2766
2767
2768
2769
2770
2771
2772
2773
2774
2775
2776
2777
2778
2779
2780
2781
2782
2783
2784
2785
2786
2787
2788
2789
2790
2791
2792
2793
2794
2795
2796
2797
2798
2799
2800
2801
2802
2803
2804
2805
2806
2807
2808
2809
2810
2811
2812
2813
2814
2815
2816
2817
2818
2819
2820
2821
2822
2823
2824
2825
2826
2827
2828
2829
2830
2831
2832
2833
2834
2835
2836
2837
2838
2839
2840
2841
2842
2843
2844
2845
2846
2847
2848
2849
2850
2851
2852
2853
2854
2855
2856
2857
2858
2859
2860
2861
2862
2863
2864
2865
2866
2867
2868
2869
2870
2871
2872
2873
2874
2875
2876
2877
2878
2879
2880
2881
2882
2883
2884
2885
2886
2887
2888
2889
2890
2891
2892
2893
2894
2895
2896
2897
2898
2899
2900
2901
2902
2903
2904
2905
2906
2907
2908
2909
2910
2911
2912
2913
2914
2915
2916
2917
2918
2919
2920
2921
2922
2923
2924
2925
2926
2927
2928
2929
2930
2931
2932
2933
2934
2935
2936
2937
2938
2939
2940
2941
2942
2943
2944
2945
2946
2947
2948
2949
2950
2951
2952
2953
2954
2955
2956
2957
2958
2959
2960
2961
2962
2963
2964
2965
2966
2967
2968
2969
2970
2971
2972
2973
2974
2975
2976
2977
2978
2979
2980
2981
2982
2983
2984
2985
2986
2987
2988
2989
2990
2991
2992
2993
2994
2995
2996
2997
2998
2999
3000
3001
3002
3003
3004
3005
3006
3007
3008
3009
3010
3011
3012
3013
3014
3015
3016
3017
3018
3019
3020
3021
3022
3023
3024
3025
3026
3027
3028
3029
3030
3031
3032
3033
3034
3035
3036
3037
3038
3039
3040
3041
3042
3043
3044
3045
3046
3047
3048
3049
3050
3051
3052
3053
3054
3055
3056
3057
3058
3059
3060
3061
3062
3063
3064
3065
3066
3067
3068
3069
3070
3071
3072
3073
3074
3075
3076
3077
3078
3079
3080
3081
3082
3083
3084
3085
3086
3087
3088
3089
3090
3091
3092
3093
3094
3095
3096
3097
3098
3099
3100
3101
3102
3103
3104
3105
3106
3107
3108
3109
3110
3111
3112
3113
3114
3115
3116
3117
3118
3119
3120
3121
3122
3123
3124
3125
3126
3127
3128
3129
3130
3131
3132
3133
3134
3135
3136
3137
3138
3139
3140
3141
3142
3143
3144
3145
3146
3147
3148
3149
3150
3151
3152
3153
3154
3155
3156
3157
3158
3159
3160
3161
3162
3163
3164
3165
3166
3167
3168
3169
3170
3171
3172
3173
3174
3175
3176
3177
3178
3179
3180
3181
3182
3183
3184
3185
3186
3187
3188
3189
3190
3191
3192
3193
3194
3195
3196
3197
3198
3199
3200
3201
3202
3203
3204
3205
3206
3207
3208
3209
3210
3211
3212
3213
3214
3215
3216
3217
3218
3219
3220
3221
3222
3223
3224
3225
3226
3227
3228
3229
3230
3231
3232
3233
3234
3235
3236
3237
3238
3239
3240
3241
3242
3243
3244
3245
3246
3247
3248
3249
3250
3251
3252
3253
3254
3255
3256
3257
3258
3259
3260
3261
3262
3263
3264
3265
3266
3267
3268
3269
3270
3271
3272
3273
3274
3275
3276
3277
3278
3279
3280
3281
3282
3283
3284
3285
3286
3287
3288
3289
3290
3291
3292
3293
3294
3295
3296
3297
3298
3299
3300
3301
3302
3303
3304
3305
3306
3307
3308
3309
3310
3311
3312
3313
3314
3315
3316
3317
3318
3319
3320
3321
3322
3323
3324
3325
3326
3327
3328
3329
3330
3331
3332
3333
3334
3335
3336
3337
3338
3339
3340
3341
3342
3343
3344
3345
3346
3347
3348
3349
3350
3351
3352
3353
3354
3355
3356
3357
3358
3359
3360
3361
3362
3363
3364
3365
3366
3367
3368
3369
3370
3371
3372
3373
3374
3375
3376
3377
3378
3379
3380
3381
3382
3383
3384
3385
3386
3387
3388
3389
3390
3391
3392
3393
3394
3395
3396
3397
3398
3399
3400
3401
3402
3403
3404
3405
3406
3407
3408
3409
3410
3411
3412
3413
3414
3415
3416
3417
3418
3419
3420
3421
3422
3423
3424
3425
3426
3427
3428
3429
3430
3431
3432
3433
3434
3435
3436
3437
3438
3439
3440
3441
3442
3443
3444
3445
3446
3447
3448
3449
3450
3451
3452
3453
3454
3455
3456
3457
3458
3459
3460
3461
3462
3463
3464
3465
3466
3467
3468
3469
3470
3471
3472
3473
3474
3475
3476
3477
3478
3479
3480
3481
3482
3483
3484
3485
3486
3487
3488
3489
3490
3491
3492
3493
3494
3495
3496
3497
3498
3499
3500
3501
3502
3503
3504
3505
3506
3507
3508
3509
3510
3511
3512
3513
3514
3515
3516
3517
3518
3519
3520
3521
3522
3523
3524
3525
3526
3527
3528
3529
3530
3531
3532
3533
3534
3535
3536
3537
3538
3539
3540
3541
3542
3543
3544
3545
3546
3547
3548
3549
3550
3551
3552
3553
3554
3555
3556
3557
3558
3559
3560
3561
3562
3563
3564
3565
3566
3567
3568
3569
3570
3571
3572
3573
3574
3575
3576
3577
3578
3579
3580
3581
3582
3583
3584
3585
3586
3587
3588
3589
3590
3591
3592
3593
3594
3595
3596
3597
3598
3599
3600
3601
3602
3603
3604
3605
3606
3607
3608
3609
3610
3611
3612
3613
3614
3615
3616
3617
3618
3619
3620
3621
3622
3623
3624
3625
3626
3627
3628
3629
3630
3631
3632
3633
3634
3635
3636
3637
3638
3639
3640
3641
3642
3643
3644
3645
3646
3647
3648
3649
3650
3651
3652
3653
3654
3655
3656
3657
3658
3659
3660
3661
3662
3663
3664
3665
3666
3667
3668
3669
3670
3671
3672
3673
3674
3675
3676
3677
3678
3679
3680
3681
3682
3683
3684
3685
3686
3687
3688
3689
3690
3691
3692
3693
3694
3695
3696
3697
3698
3699
3700
3701
3702
3703
3704
3705
3706
3707
3708
3709
3710
3711
3712
3713
3714
3715
3716
3717
3718
3719
3720
3721
3722
3723
3724
3725
3726
3727
3728
3729
3730
3731
3732
3733
3734
3735
3736
3737
3738
3739
3740
3741
3742
3743
3744
3745
3746
3747
3748
3749
3750
3751
3752
3753
3754
3755
3756
3757
3758
3759
3760
3761
3762
3763
3764
3765
3766
3767
3768
3769
3770
3771
3772
3773
3774
3775
3776
3777
3778
3779
3780
3781
3782
3783
3784
3785
3786
3787
3788
3789
3790
3791
3792
3793
3794
3795
3796
3797
3798
3799
3800
3801
3802
3803
3804
3805
3806
3807
3808
3809
3810
3811
3812
3813
3814
3815
3816
3817
3818
3819
3820
3821
3822
3823
3824
3825
3826
3827
3828
3829
3830
3831
3832
3833
3834
3835
3836
3837
3838
3839
3840
3841
3842
3843
3844
3845
3846
3847
3848
3849
3850
3851
3852
3853
3854
3855
3856
3857
3858
3859
3860
3861
3862
3863
3864
3865
3866
3867
3868
3869
3870
3871
3872
3873
3874
3875
3876
3877
3878
3879
3880
3881
3882
3883
3884
3885
3886
3887
3888
3889
3890
3891
3892
3893
3894
3895
3896
3897
3898
3899
3900
3901
3902
3903
3904
3905
3906
3907
3908
3909
3910
3911
3912
3913
3914
3915
3916
3917
3918
3919
3920
3921
3922
3923
3924
3925
3926
3927
3928
3929
3930
3931
3932
3933
3934
3935
3936
3937
3938
3939
3940
3941
3942
3943
3944
3945
3946
3947
3948
3949
3950
3951
3952
3953
3954
3955
3956
3957
3958
3959
3960
3961
3962
3963
3964
3965
3966
3967
3968
3969
3970
3971
3972
3973
3974
3975
3976
3977
3978
3979
3980
3981
3982
3983
3984
3985
3986
3987
3988
3989
3990
3991
3992
3993
3994
3995
3996
3997
3998
3999
4000
4001
4002
4003
4004
4005
4006
4007
4008
4009
4010
4011
4012
4013
4014
4015
4016
4017
4018
4019
4020
4021
4022
4023
4024
4025
4026
4027
4028
4029
4030
4031
4032
4033
4034
4035
4036
4037
4038
4039
4040
4041
4042
4043
4044
4045
4046
4047
4048
4049
4050
4051
4052
4053
4054
4055
4056
4057
4058
4059
4060
4061
4062
4063
4064
4065
4066
4067
4068
4069
4070
4071
4072
4073
4074
4075
4076
4077
4078
4079
4080
4081
4082
4083
4084
4085
4086
4087
4088
4089
4090
4091
4092
4093
4094
4095
4096
4097
4098
4099
4100
4101
4102
4103
4104
4105
4106
4107
4108
4109
4110
4111
4112
4113
4114
4115
4116
4117
4118
4119
4120
4121
4122
4123
4124
4125
4126
4127
4128
4129
4130
4131
4132
4133
4134
4135
4136
4137
4138
4139
4140
4141
4142
4143
4144
4145
4146
4147
4148
4149
4150
4151
4152
4153
4154
4155
4156
4157
4158
4159
4160
4161
4162
4163
4164
4165
4166
4167
4168
4169
4170
4171
4172
4173
4174
4175
4176
4177
4178
4179
4180
4181
4182
4183
4184
4185
4186
4187
4188
4189
4190
4191
4192
4193
4194
4195
4196
4197
4198
4199
4200
4201
4202
4203
4204
4205
4206
4207
4208
4209
4210
4211
4212
4213
4214
4215
4216
4217
4218
4219
4220
4221
4222
4223
4224
4225
4226
4227
4228
4229
4230
4231
4232
4233
4234
4235
4236
4237
4238
4239
4240
4241
4242
4243
4244
4245
4246
4247
4248
4249
4250
4251
4252
4253
4254
4255
4256
4257
4258
4259
4260
4261
4262
4263
4264
4265
4266
4267
4268
4269
4270
4271
4272
4273
4274
4275
4276
4277
4278
4279
4280
4281
4282
4283
4284
4285
4286
4287
4288
4289
4290
4291
4292
4293
4294
4295
4296
4297
4298
4299
4300
4301
4302
4303
4304
4305
4306
4307
4308
4309
4310
4311
4312
4313
4314
4315
4316
4317
4318
4319
4320
4321
4322
4323
4324
4325
4326
4327
4328
4329
4330
4331
4332
4333
4334
4335
4336
4337
4338
4339
4340
4341
4342
4343
4344
4345
4346
4347
4348
4349
4350
4351
4352
4353
4354
4355
4356
4357
4358
4359
4360
4361
4362
4363
4364
4365
4366
4367
4368
4369
4370
4371
4372
4373
4374
4375
4376
4377
4378
4379
4380
4381
4382
4383
4384
4385
4386
4387
4388
4389
4390
4391
4392
4393
4394
4395
4396
4397
4398
4399
4400
4401
4402
4403
4404
4405
4406
4407
4408
4409
4410
4411
4412
4413
4414
4415
4416
4417
4418
4419
4420
4421
4422
4423
4424
4425
4426
4427
4428
4429
4430
4431
4432
4433
4434
4435
4436
4437
4438
4439
4440
4441
4442
4443
4444
4445
4446
4447
4448
4449
4450
4451
4452
4453
4454
4455
4456
4457
4458
4459
4460
4461
4462
4463
4464
4465
4466
4467
4468
4469
4470
4471
4472
4473
4474
4475
4476
4477
4478
4479
4480
4481
4482
4483
4484
4485
4486
4487
4488
4489
4490
4491
4492
4493
4494
4495
4496
4497
4498
4499
4500
4501
4502
4503
4504
4505
4506
4507
4508
4509
4510
4511
4512
4513
4514
4515
4516
4517
4518
4519
4520
4521
4522
4523
4524
4525
4526
4527
4528
4529
4530
4531
4532
4533
4534
4535
4536
4537
4538
4539
4540
4541
4542
4543
4544
4545
4546
4547
4548
4549
4550
4551
4552
4553
4554
4555
4556
4557
4558
4559
4560
4561
4562
4563
4564
4565
4566
4567
4568
4569
4570
4571
4572
4573
4574
4575
4576
4577
4578
4579
4580
4581
4582
4583
4584
4585
4586
4587
4588
4589
4590
4591
4592
4593
4594
4595
4596
4597
4598
4599
4600
4601
4602
4603
4604
4605
4606
4607
4608
4609
4610
4611
4612
4613
4614
4615
4616
4617
4618
4619
4620
4621
4622
4623
4624
4625
4626
4627
4628
4629
4630
4631
4632
4633
4634
4635
4636
4637
4638
4639
4640
4641
4642
4643
4644
4645
4646
4647
4648
4649
4650
4651
4652
4653
4654
4655
4656
4657
4658
4659
4660
4661
4662
4663
4664
4665
4666
4667
4668
4669
4670
4671
4672
4673
4674
4675
4676
4677
4678
4679
4680
4681
4682
4683
4684
4685
4686
4687
4688
4689
4690
4691
4692
4693
4694
4695
4696
4697
4698
4699
4700
4701
4702
4703
4704
4705
4706
4707
4708
4709
4710
4711
4712
4713
4714
4715
4716
4717
4718
4719
4720
4721
4722
4723
4724
4725
4726
4727
4728
4729
4730
4731
4732
4733
4734
4735
4736
4737
4738
4739
4740
4741
4742
4743
4744
4745
4746
4747
4748
4749
4750
4751
4752
4753
4754
4755
4756
4757
4758
4759
4760
4761
4762
4763
4764
4765
4766
4767
4768
4769
4770
4771
4772
4773
4774
4775
4776
4777
4778
4779
4780
4781
4782
4783
4784
4785
4786
4787
4788
4789
4790
4791
4792
4793
4794
4795
4796
4797
4798
4799
4800
4801
4802
4803
4804
4805
4806
4807
4808
4809
4810
4811
4812
4813
4814
4815
4816
4817
4818
4819
4820
4821
4822
4823
4824
4825
4826
4827
4828
4829
4830
4831
4832
4833
4834
4835
4836
4837
4838
4839
4840
4841
4842
4843
4844
4845
4846
4847
4848
4849
4850
4851
4852
4853
4854
4855
4856
4857
4858
4859
4860
4861
4862
4863
4864
4865
4866
4867
4868
4869
4870
4871
4872
4873
4874
4875
4876
4877
4878
4879
4880
4881
4882
4883
4884
4885
4886
4887
4888
4889
4890
4891
4892
4893
4894
4895
4896
4897
4898
4899
4900
4901
4902
4903
4904
4905
4906
4907
4908
4909
4910
4911
4912
4913
4914
4915
4916
4917
4918
4919
4920
4921
4922
4923
4924
4925
4926
4927
4928
4929
4930
4931
4932
4933
4934
4935
4936
4937
4938
4939
4940
4941
4942
4943
4944
4945
4946
4947
4948
4949
4950
4951
4952
4953
4954
4955
4956
4957
4958
4959
4960
4961
4962
4963
4964
4965
4966
4967
4968
4969
4970
4971
4972
4973
4974
4975
4976
4977
4978
4979
4980
4981
4982
4983
4984
4985
4986
4987
4988
4989
4990
4991
4992
4993
4994
4995
4996
4997
4998
4999
5000
5001
5002
5003
5004
5005
5006
5007
5008
5009
5010
5011
5012
5013
5014
5015
5016
5017
5018
5019
5020
5021
5022
5023
5024
5025
5026
5027
5028
5029
5030
5031
5032
5033
5034
5035
5036
5037
5038
5039
5040
5041
5042
5043
5044
5045
5046
5047
5048
5049
5050
5051
5052
5053
5054
5055
5056
5057
5058
5059
5060
5061
5062
5063
5064
5065
5066
5067
5068
5069
5070
5071
5072
5073
5074
5075
5076
5077
5078
5079
5080
5081
5082
5083
5084
5085
5086
5087
5088
5089
5090
5091
5092
5093
5094
5095
5096
5097
5098
5099
5100
5101
5102
5103
5104
5105
5106
5107
5108
5109
5110
5111
5112
5113
5114
5115
5116
5117
5118
5119
5120
5121
5122
5123
5124
5125
5126
5127
5128
5129
5130
5131
5132
5133
5134
5135
5136
5137
5138
5139
5140
5141
5142
5143
5144
5145
5146
5147
5148
5149
5150
5151
5152
5153
5154
5155
5156
5157
5158
5159
5160
5161
5162
5163
5164
5165
5166
5167
5168
5169
5170
5171
5172
5173
5174
5175
5176
5177
5178
5179
5180
5181
5182
5183
5184
5185
5186
5187
5188
5189
5190
5191
5192
5193
5194
5195
5196
5197
5198
5199
5200
5201
5202
5203
5204
5205
5206
5207
5208
5209
5210
5211
5212
5213
5214
5215
5216
5217
5218
5219
5220
5221
5222
5223
5224
5225
5226
5227
5228
5229
5230
5231
5232
5233
5234
5235
5236
5237
5238
5239
5240
5241
5242
5243
5244
5245
5246
5247
5248
5249
5250
5251
5252
5253
5254
5255
5256
5257
5258
5259
5260
5261
5262
5263
5264
5265
5266
5267
5268
5269
5270
5271
5272
5273
5274
5275
5276
5277
5278
5279
5280
5281
5282
5283
5284
5285
5286
5287
5288
5289
5290
5291
5292
5293
5294
5295
5296
5297
5298
5299
5300
5301
5302
5303
5304
5305
5306
5307
5308
5309
5310
5311
5312
5313
5314
5315
5316
5317
5318
5319
5320
5321
5322
5323
5324
5325
5326
5327
5328
5329
5330
5331
5332
5333
5334
5335
5336
5337
5338
5339
5340
5341
5342
5343
5344
5345
5346
5347
5348
5349
5350
5351
5352
5353
5354
5355
5356
5357
5358
5359
5360
5361
5362
5363
5364
5365
5366
5367
5368
5369
5370
5371
5372
5373
5374
5375
5376
5377
5378
5379
5380
5381
5382
5383
5384
5385
5386
5387
5388
5389
5390
5391
5392
5393
5394
5395
5396
5397
5398
5399
5400
5401
5402
5403
5404
5405
5406
5407
5408
5409
5410
5411
5412
5413
5414
5415
5416
5417
5418
5419
5420
5421
5422
5423
5424
5425
5426
5427
5428
5429
5430
5431
5432
5433
5434
5435
5436
5437
5438
5439
5440
5441
5442
5443
5444
5445
5446
5447
5448
5449
5450
5451
5452
5453
5454
5455
5456
5457
5458
5459
5460
5461
5462
5463
5464
5465
5466
5467
5468
5469
5470
5471
5472
5473
5474
5475
5476
5477
5478
5479
5480
5481
5482
5483
5484
5485
5486
5487
5488
5489
5490
5491
5492
5493
5494
5495
5496
5497
5498
5499
5500
5501
5502
5503
5504
5505
5506
5507
5508
5509
5510
5511
5512
5513
5514
5515
5516
5517
5518
5519
5520
5521
5522
5523
5524
5525
5526
5527
5528
5529
5530
5531
5532
5533
5534
5535
5536
5537
5538
5539
5540
5541
5542
5543
5544
5545
5546
5547
5548
5549
5550
5551
5552
5553
5554
5555
5556
5557
5558
5559
5560
5561
5562
5563
5564
5565
5566
5567
5568
5569
5570
5571
5572
5573
5574
5575
5576
5577
5578
5579
5580
5581
5582
5583
5584
5585
5586
5587
5588
5589
5590
5591
5592
5593
5594
5595
5596
5597
5598
5599
5600
5601
5602
5603
5604
5605
5606
5607
5608
5609
5610
5611
5612
5613
5614
5615
5616
5617
5618
5619
5620
5621
5622
5623
5624
5625
5626
5627
5628
5629
5630
5631
5632
5633
5634
5635
5636
5637
5638
5639
5640
5641
5642
5643
5644
5645
5646
5647
5648
5649
5650
5651
5652
5653
5654
5655
5656
5657
5658
5659
5660
5661
5662
5663
5664
5665
5666
5667
5668
5669
5670
5671
5672
5673
5674
5675
5676
5677
5678
5679
5680
5681
5682
5683
5684
5685
5686
5687
5688
5689
5690
5691
5692
5693
5694
5695
5696
5697
5698
5699
5700
5701
5702
5703
5704
5705
5706
5707
5708
5709
5710
5711
5712
5713
5714
5715
5716
5717
5718
5719
5720
5721
5722
5723
5724
5725
5726
5727
5728
5729
5730
5731
5732
5733
5734
5735
5736
5737
5738
5739
5740
5741
5742
5743
5744
5745
5746
5747
5748
5749
5750
5751
5752
5753
5754
5755
5756
5757
5758
5759
5760
5761
5762
5763
5764
5765
5766
5767
5768
5769
5770
5771
5772
5773
5774
5775
5776
5777
5778
5779
5780
5781
5782
5783
5784
5785
5786
5787
5788
5789
5790
5791
5792
5793
5794
5795
5796
5797
5798
5799
5800
5801
5802
5803
5804
5805
5806
5807
5808
5809
5810
5811
5812
5813
5814
5815
5816
5817
5818
5819
5820
5821
5822
5823
5824
5825
5826
5827
5828
5829
5830
5831
5832
5833
5834
5835
5836
5837
5838
5839
5840
5841
5842
5843
5844
5845
5846
5847
5848
5849
5850
5851
5852
5853
5854
5855
5856
5857
5858
5859
5860
5861
5862
5863
5864
5865
5866
5867
5868
5869
5870
5871
5872
5873
5874
5875
5876
5877
5878
5879
5880
5881
5882
5883
5884
5885
5886
5887
5888
5889
5890
5891
5892
5893
5894
5895
5896
5897
5898
5899
5900
5901
5902
5903
5904
5905
5906
5907
5908
5909
5910
5911
5912
5913
5914
5915
5916
5917
5918
5919
5920
5921
5922
5923
5924
5925
5926
5927
5928
5929
5930
5931
5932
5933
5934
5935
5936
5937
5938
5939
5940
5941
5942
5943
5944
5945
5946
5947
5948
5949
5950
5951
5952
5953
5954
5955
5956
5957
5958
5959
5960
5961
5962
5963
5964
5965
5966
5967
5968
5969
5970
5971
5972
5973
5974
5975
5976
5977
5978
5979
5980
5981
5982
5983
5984
5985
5986
5987
5988
5989
5990
5991
5992
5993
5994
5995
5996
5997
5998
5999
6000
6001
6002
6003
6004
6005
6006
6007
6008
6009
6010
6011
6012
6013
6014
6015
6016
6017
6018
6019
6020
6021
6022
6023
6024
6025
6026
6027
6028
6029
6030
6031
6032
6033
6034
6035
6036
6037
6038
6039
6040
6041
6042
6043
6044
6045
6046
6047
6048
6049
6050
6051
6052
6053
6054
6055
6056
6057
6058
6059
6060
6061
6062
6063
6064
6065
6066
6067
6068
6069
6070
6071
6072
6073
6074
6075
6076
6077
6078
6079
6080
6081
6082
6083
6084
6085
6086
6087
6088
6089
6090
6091
6092
6093
6094
6095
6096
6097
6098
6099
6100
6101
6102
6103
6104
6105
6106
6107
6108
6109
6110
6111
6112
6113
6114
6115
6116
6117
6118
6119
6120
6121
6122
6123
6124
6125
6126
6127
6128
6129
6130
6131
6132
6133
6134
6135
6136
6137
6138
6139
6140
6141
6142
6143
6144
6145
6146
6147
6148
6149
6150
6151
6152
6153
6154
6155
6156
6157
6158
6159
6160
6161
6162
6163
6164
6165
6166
6167
6168
6169
6170
6171
6172
6173
6174
6175
6176
6177
6178
6179
6180
6181
6182
6183
6184
6185
6186
6187
6188
6189
6190
6191
6192
6193
6194
6195
6196
6197
6198
6199
6200
6201
6202
6203
6204
6205
6206
6207
6208
6209
6210
6211
6212
6213
6214
6215
6216
6217
6218
6219
6220
6221
6222
6223
6224
6225
6226
6227
6228
6229
6230
6231
6232
6233
6234
6235
6236
6237
6238
6239
6240
6241
6242
6243
6244
6245
6246
6247
6248
6249
6250
6251
6252
6253
6254
6255
6256
6257
6258
6259
6260
6261
6262
6263
6264
6265
6266
6267
6268
6269
6270
6271
6272
6273
6274
6275
6276
6277
6278
6279
6280
6281
6282
6283
6284
6285
6286
6287
6288
6289
6290
6291
6292
6293
6294
6295
6296
6297
6298
6299
6300
6301
6302
6303
6304
6305
6306
6307
6308
6309
6310
6311
6312
6313
6314
6315
6316
6317
6318
6319
6320
6321
6322
6323
6324
6325
6326
6327
6328
6329
6330
6331
6332
6333
6334
6335
6336
6337
6338
6339
6340
6341
6342
6343
6344
6345
6346
6347
6348
6349
6350
6351
6352
6353
6354
6355
6356
6357
6358
6359
6360
6361
6362
6363
6364
6365
6366
6367
6368
6369
6370
6371
6372
6373
6374
6375
6376
6377
6378
6379
6380
6381
6382
6383
6384
6385
6386
6387
6388
6389
6390
6391
6392
6393
6394
6395
6396
6397
6398
6399
6400
6401
6402
6403
6404
6405
6406
6407
6408
6409
6410
6411
6412
6413
6414
6415
6416
6417
6418
6419
6420
6421
6422
6423
6424
6425
6426
6427
6428
6429
6430
6431
6432
6433
6434
6435
6436
6437
6438
6439
6440
6441
6442
6443
6444
6445
6446
6447
6448
6449
6450
6451
6452
6453
6454
6455
6456
6457
6458
6459
6460
6461
6462
6463
6464
6465
6466
6467
6468
6469
6470
6471
6472
6473
6474
6475
6476
6477
6478
6479
6480
6481
6482
6483
6484
6485
6486
6487
6488
6489
6490
6491
6492
6493
6494
6495
6496
6497
6498
6499
6500
6501
6502
6503
6504
6505
6506
6507
6508
6509
6510
6511
6512
6513
6514
6515
6516
6517
6518
6519
6520
6521
6522
6523
6524
6525
6526
6527
6528
6529
6530
6531
6532
6533
6534
6535
6536
6537
6538
6539
6540
6541
6542
6543
6544
6545
6546
6547
6548
6549
6550
6551
6552
6553
6554
6555
6556
6557
6558
6559
6560
6561
6562
6563
6564
6565
6566
6567
6568
6569
6570
6571
6572
6573
6574
6575
6576
6577
6578
6579
6580
6581
6582
6583
6584
6585
6586
6587
6588
6589
6590
6591
6592
6593
6594
6595
6596
6597
6598
6599
6600
6601
6602
6603
6604
6605
6606
6607
6608
6609
6610
6611
6612
6613
6614
6615
6616
6617
6618
6619
6620
6621
6622
6623
6624
6625
6626
6627
6628
6629
6630
6631
6632
6633
6634
6635
6636
6637
6638
6639
6640
6641
6642
6643
6644
6645
6646
6647
6648
6649
6650
6651
6652
6653
6654
6655
6656
6657
6658
6659
6660
6661
6662
6663
6664
6665
6666
6667
6668
6669
6670
6671
6672
6673
6674
6675
6676
6677
6678
6679
6680
6681
6682
6683
6684
6685
6686
6687
6688
6689
6690
6691
6692
6693
6694
6695
6696
6697
6698
6699
6700
6701
6702
6703
6704
6705
6706
6707
6708
6709
6710
6711
6712
6713
6714
6715
6716
6717
6718
6719
6720
6721
6722
6723
6724
6725
6726
6727
6728
6729
6730
6731
6732
6733
6734
6735
6736
6737
6738
6739
6740
6741
6742
6743
6744
6745
6746
6747
6748
6749
6750
6751
6752
6753
6754
6755
6756
6757
6758
6759
6760
6761
6762
6763
6764
6765
6766
6767
6768
6769
6770
6771
6772
6773
6774
6775
6776
6777
6778
6779
6780
6781
6782
6783
6784
6785
6786
6787
6788
6789
6790
6791
6792
6793
6794
6795
6796
6797
6798
6799
6800
6801
6802
6803
6804
6805
6806
6807
6808
6809
6810
6811
6812
6813
6814
6815
6816
6817
6818
6819
6820
6821
6822
6823
6824
6825
6826
6827
6828
6829
6830
6831
6832
6833
6834
6835
6836
6837
6838
6839
6840
6841
6842
6843
6844
6845
6846
6847
6848
6849
6850
6851
6852
6853
6854
6855
6856
6857
6858
6859
6860
6861
6862
6863
6864
6865
6866
6867
6868
6869
6870
6871
6872
6873
6874
6875
6876
6877
6878
6879
6880
6881
6882
6883
6884
6885
6886
6887
6888
6889
6890
6891
6892
6893
6894
6895
6896
6897
6898
6899
6900
6901
6902
6903
6904
6905
6906
6907
6908
6909
6910
6911
6912
6913
6914
6915
6916
6917
6918
6919
6920
6921
6922
6923
6924
6925
6926
6927
6928
6929
6930
6931
6932
6933
6934
6935
6936
6937
6938
6939
6940
6941
6942
6943
6944
6945
6946
6947
6948
6949
6950
6951
6952
6953
6954
6955
6956
6957
6958
6959
6960
6961
6962
6963
6964
6965
6966
6967
6968
6969
6970
6971
6972
6973
6974
6975
6976
6977
6978
6979
6980
6981
6982
6983
6984
6985
6986
6987
6988
6989
6990
6991
6992
6993
6994
6995
6996
6997
6998
6999
7000
7001
7002
7003
7004
7005
7006
7007
7008
7009
7010
7011
7012
7013
7014
7015
7016
7017
7018
7019
7020
7021
7022
7023
7024
7025
7026
7027
7028
7029
7030
7031
7032
7033
7034
7035
7036
7037
7038
7039
7040
7041
7042
7043
7044
7045
7046
7047
7048
7049
7050
7051
7052
7053
7054
7055
7056
7057
7058
7059
7060
7061
7062
7063
7064
7065
7066
7067
7068
7069
7070
7071
7072
7073
7074
7075
7076
7077
7078
7079
7080
7081
7082
7083
7084
7085
7086
7087
7088
7089
7090
7091
7092
7093
7094
7095
7096
7097
7098
7099
7100
7101
7102
7103
7104
7105
7106
7107
7108
7109
7110
7111
7112
7113
7114
7115
7116
7117
7118
7119
7120
7121
7122
7123
7124
7125
7126
7127
7128
7129
7130
7131
7132
7133
7134
7135
7136
7137
7138
7139
7140
7141
7142
7143
7144
7145
7146
7147
7148
7149
7150
7151
7152
7153
7154
7155
7156
7157
7158
7159
7160
7161
7162
7163
7164
7165
7166
7167
7168
7169
7170
7171
7172
7173
7174
7175
7176
7177
7178
7179
7180
7181
7182
7183
7184
7185
7186
7187
7188
7189
7190
7191
7192
7193
7194
7195
7196
7197
7198
7199
7200
7201
7202
7203
7204
7205
7206
7207
7208
7209
7210
7211
7212
7213
7214
7215
7216
7217
7218
7219
7220
7221
7222
7223
7224
7225
7226
7227
7228
7229
7230
7231
7232
7233
7234
7235
7236
7237
7238
7239
7240
7241
7242
7243
7244
7245
7246
7247
7248
7249
7250
7251
7252
7253
7254
7255
7256
7257
7258
7259
7260
7261
7262
7263
7264
7265
7266
7267
7268
7269
7270
7271
7272
7273
7274
7275
7276
7277
7278
7279
7280
7281
7282
7283
7284
7285
7286
7287
7288
7289
7290
7291
7292
7293
7294
7295
7296
7297
7298
7299
7300
7301
7302
7303
7304
7305
7306
7307
7308
7309
7310
7311
7312
7313
7314
7315
7316
7317
7318
7319
7320
7321
7322
7323
7324
7325
7326
7327
7328
7329
7330
7331
7332
7333
7334
7335
7336
7337
7338
7339
7340
7341
7342
7343
7344
7345
7346
7347
7348
7349
7350
7351
7352
7353
7354
7355
7356
7357
7358
7359
7360
7361
7362
7363
7364
7365
7366
7367
7368
7369
7370
7371
7372
7373
7374
7375
7376
7377
7378
7379
7380
7381
7382
7383
7384
7385
7386
7387
7388
7389
7390
7391
7392
7393
7394
7395
7396
7397
7398
7399
7400
7401
7402
7403
7404
7405
7406
7407
7408
7409
7410
7411
7412
7413
7414
7415
7416
7417
7418
7419
7420
7421
7422
7423
7424
7425
7426
7427
7428
7429
7430
7431
7432
7433
7434
7435
7436
7437
7438
7439
7440
7441
7442
7443
7444
7445
7446
7447
7448
7449
7450
7451
7452
7453
7454
7455
7456
7457
7458
7459
7460
7461
7462
7463
7464
7465
7466
7467
7468
7469
7470
7471
7472
7473
7474
7475
7476
7477
7478
7479
7480
7481
7482
7483
7484
7485
7486
7487
7488
7489
7490
7491
7492
7493
7494
7495
7496
7497
7498
7499
7500
7501
7502
7503
7504
7505
7506
7507
7508
7509
7510
7511
7512
7513
7514
7515
7516
7517
7518
7519
7520
7521
7522
7523
7524
7525
7526
7527
7528
7529
7530
7531
7532
7533
7534
7535
7536
7537
7538
7539
7540
7541
7542
7543
7544
7545
7546
7547
7548
7549
7550
7551
7552
7553
7554
7555
7556
7557
7558
7559
7560
7561
7562
7563
7564
7565
7566
7567
7568
7569
7570
7571
7572
7573
7574
7575
7576
7577
7578
7579
7580
7581
7582
7583
7584
7585
7586
7587
7588
7589
7590
7591
7592
7593
7594
7595
7596
7597
7598
7599
7600
7601
7602
7603
7604
7605
7606
7607
7608
7609
7610
7611
7612
7613
7614
7615
7616
7617
7618
7619
7620
7621
7622
7623
7624
7625
7626
7627
7628
7629
7630
7631
7632
7633
7634
7635
7636
7637
7638
7639
7640
7641
7642
7643
7644
7645
7646
7647
7648
7649
7650
7651
7652
7653
7654
7655
7656
7657
7658
7659
7660
7661
7662
7663
7664
7665
7666
7667
7668
7669
7670
7671
7672
7673
7674
7675
7676
7677
7678
7679
7680
7681
7682
7683
7684
7685
7686
7687
7688
7689
7690
7691
7692
7693
7694
7695
7696
7697
7698
7699
7700
7701
7702
7703
7704
7705
7706
7707
7708
7709
7710
7711
7712
7713
7714
7715
7716
7717
7718
7719
7720
7721
7722
7723
7724
7725
7726
7727
7728
7729
7730
7731
7732
7733
7734
7735
7736
7737
7738
7739
7740
7741
7742
7743
7744
7745
7746
7747
7748
7749
7750
7751
7752
7753
7754
7755
7756
7757
7758
7759
7760
7761
7762
7763
7764
7765
7766
7767
7768
7769
7770
7771
7772
7773
7774
7775
7776
7777
7778
7779
7780
7781
7782
7783
7784
7785
7786
7787
7788
7789
7790
7791
7792
7793
7794
7795
7796
7797
7798
7799
7800
7801
7802
7803
7804
7805
7806
7807
7808
7809
7810
7811
7812
7813
7814
7815
7816
7817
7818
7819
7820
7821
7822
7823
7824
7825
7826
7827
7828
7829
7830
7831
7832
7833
7834
7835
7836
7837
7838
7839
7840
7841
7842
7843
7844
7845
7846
7847
7848
7849
7850
7851
7852
7853
7854
7855
7856
7857
7858
7859
7860
7861
7862
7863
7864
7865
7866
7867
7868
7869
7870
7871
7872
7873
7874
7875
7876
7877
7878
7879
7880
7881
7882
7883
7884
7885
7886
7887
7888
7889
7890
7891
7892
7893
7894
7895
7896
7897
7898
7899
7900
7901
7902
7903
7904
7905
7906
7907
7908
7909
7910
7911
7912
7913
7914
7915
7916
7917
7918
7919
7920
7921
7922
7923
7924
7925
7926
7927
7928
7929
7930
7931
7932
7933
7934
7935
7936
7937
7938
7939
7940
7941
7942
7943
7944
7945
7946
7947
7948
7949
7950
7951
7952
7953
7954
7955
7956
7957
7958
7959
7960
7961
7962
7963
7964
7965
7966
7967
7968
7969
7970
7971
7972
7973
7974
7975
7976
7977
7978
7979
7980
7981
7982
7983
7984
7985
7986
7987
7988
7989
7990
7991
7992
7993
7994
7995
7996
7997
7998
7999
8000
8001
8002
8003
8004
8005
8006
8007
8008
8009
8010
8011
8012
8013
8014
8015
8016
8017
8018
8019
8020
8021
8022
8023
8024
8025
8026
8027
8028
8029
8030
8031
8032
8033
8034
8035
8036
8037
8038
8039
8040
8041
8042
8043
8044
8045
8046
8047
8048
8049
8050
8051
8052
8053
8054
8055
8056
8057
8058
8059
8060
8061
8062
8063
8064
8065
8066
8067
8068
8069
8070
8071
8072
8073
8074
8075
8076
8077
8078
8079
8080
8081
8082
8083
8084
8085
8086
8087
8088
8089
8090
8091
8092
8093
8094
8095
8096
8097
8098
8099
8100
8101
8102
8103
8104
8105
8106
8107
8108
8109
8110
8111
8112
8113
8114
8115
8116
8117
8118
8119
8120
8121
8122
8123
8124
8125
8126
8127
8128
8129
8130
8131
8132
8133
8134
8135
8136
8137
8138
8139
8140
8141
8142
8143
8144
8145
8146
8147
8148
8149
8150
8151
8152
8153
8154
8155
8156
8157
8158
8159
8160
8161
8162
8163
8164
8165
8166
8167
8168
8169
8170
8171
8172
8173
8174
8175
8176
8177
8178
8179
8180
8181
8182
8183
8184
8185
8186
8187
8188
8189
8190
8191
8192
8193
8194
8195
8196
8197
8198
8199
8200
8201
8202
8203
8204
8205
8206
8207
8208
8209
8210
8211
8212
8213
8214
8215
8216
8217
8218
8219
8220
8221
8222
8223
8224
8225
8226
8227
8228
8229
8230
8231
8232
8233
8234
8235
8236
8237
8238
8239
8240
8241
8242
8243
8244
8245
8246
8247
8248
8249
8250
8251
8252
8253
8254
8255
8256
8257
8258
8259
8260
8261
8262
8263
8264
8265
8266
8267
8268
8269
8270
8271
8272
8273
8274
8275
8276
8277
8278
8279
8280
8281
8282
8283
8284
8285
8286
8287
8288
8289
8290
8291
8292
8293
8294
8295
8296
8297
8298
8299
8300
8301
8302
8303
8304
8305
8306
8307
8308
8309
8310
8311
8312
8313
8314
8315
8316
8317
8318
8319
8320
8321
8322
8323
8324
8325
8326
8327
8328
8329
8330
8331
8332
8333
8334
8335
8336
8337
8338
8339
8340
8341
8342
8343
8344
8345
8346
8347
8348
8349
8350
8351
8352
8353
8354
8355
8356
8357
8358
8359
8360
8361
8362
8363
8364
8365
8366
8367
8368
8369
8370
8371
8372
8373
8374
8375
8376
8377
8378
8379
8380
8381
8382
8383
8384
8385
8386
8387
8388
8389
8390
8391
8392
8393
8394
8395
8396
8397
8398
8399
8400
8401
8402
8403
8404
8405
8406
8407
8408
8409
8410
8411
8412
8413
8414
8415
8416
8417
8418
8419
8420
8421
8422
8423
8424
8425
4.11367566037066 0.8208449128753993 0
0.8022414757443803 0.6059723518464555 0
3.350245998802112 0.1836580307805357 0
0.5957206151026895 0.3957206151026899 0
3.968919872427589 0.981265603872165 0
3.848442558685979 0.7692998135402658 0
3.519265265226057 0.02079692897500401 0
0.5950354406461476 0.6041472084173737 0
0.8031769266291138 0.395415057448085 0
3.415891660698391 0.3268364593514405 0
4.109740003306586 0.7412811359005546 0
4.070635128224421 0.628374673274876 0
1.912354353804508 0.3034276344938226 0
2.147644266164241 0.3034298813727908 0
3.841418720367495 0.7147738302271126 0
2.989206896551723 0.9811266187864909 0
0.01933508592769639 0.48980537713733 0
2.062099450378066 0.9814880406061923 0
1.998475551794377 0.9809070436529103 0
0.8036345177261226 0.7955415845892987 0
0.8054159342212739 0.2039702740657763 0
1.742285528089887 0.4511018329676682 0
2.317726960507462 0.4510635472734081 0
2.409413850511701 0.2090626571180058 0
1.650589321650613 0.2090618625015914 0
2.875256892628972 0.2047425697974283 0
4.005854789415864 0.5537947353354846 0
2.045062798886426 0.7668076386448918 0
2.036898109395853 0.7802920164876639 0
2.015807400781692 0.7685262976022106 0
3.798460227510307 0.662649772844816 0
0.2049984724138536 0.604258998071534 0
2.875567229481474 0.7963752160168376 0
4.438147412278482 0.02052341412959396 0
3.749900415614828 0.6205596400728098 0
3.478607911062016 0.3844312132726236 0
2.169769927605086 0.902294226438796 0
2.183588891681549 0.2716877381926547 0
1.876972181898191 0.2719993151825453 0
0.7203381750454636 0.01883928230675064 0
4.447232675372447 0.981676329469618 0
3.084545437534207 0.7968368083180251 0
0.2059454952589035 0.3977545871634816 0
3.882724137931035 0.981126618786491 0
2.246993342575541 0.09637515748980741 0
1.813047339091191 0.09632946894506483 0
5.086068146141214 0.8713109635123261 0
5.100280886113556 0.1424726105342415 0
0.7217231129563093 0.9822339711405683 0
3.061282676756917 0.1190322580645161 0
3.582137664759998 0.01898761938548171 0
2.051174037465914 0.7807290287648205 0
2.043576522070734 0.7934770229221222 0
1.888456311322091 0.9013082513922752 0
3.451673350291581 0.02061373655710014 0
3.702848076856042 0.5807970703751576 0
1.675094311806878 0.2470960239623164 0
2.384906099839615 0.247096190813766 0
4.09514776765597 0.9150300176551285 0
0.6164405543435874 0.8627651539641682 0
0.6183276484807188 0.1395853303916181 0
3.936705991496789 0.5032140976754325 0
3.655408163973906 0.5390491415170787 0
0.7827559646667743 0.675541273244509 0
0.7845022464053315 0.726291373160176 0
0.7858922315219776 0.3255438747801593 0
0.7859754612019514 0.2745694877046359 0
1.931939248351664 0.4942453015591236 0
1.932379103445915 0.476790778281096 0
2.128060751648336 0.4942453015591239 0
2.127630521301902 0.4768055832929693 0
2.337288755747169 0.3883620044543616 0
1.722736483739665 0.3882865592282018 0
1.703827603268786 0.01945970408196007 0
3.604914237942622 0.4932663331655749 0
2.355561742130975 0.01947786421779568 0
2.451929789661648 0.189080329279846 0
2.938429365011312 0.01747576676405127 0
3.525527864005262 0.4266894539780218 0
1.608070160856381 0.1890742078977833 0
3.883372383644712 0.4643125321001427 0
4.946494719722297 0.7742464987927415 0
5.003892163123995 0.282912917172586 0
4.348827534775836 0.8595987391379557 0
2.058718751628316 0.7937414468468986 0
2.050928592854162 0.8068620099488524 0
2.035371004229469 0.8064861199030118 0
4.989096737380773 0.7348462739676698 0
4.960589328415483 0.2379052371260403 0
3.64001960673003 0.2699911385025694 0
2.042877792616327 0.8203213015387871 0
3.830398122959853 0.4276482912203458 0
0.6165562671330744 0.223288575935908 0
0.6172543796471248 0.7798192280862517 0
1.832146565035164 0.1566514045099294 0
2.227875803404117 0.1566630204445552 0
0.02110185341691695 0.5527317060269731 0
1.916470901092142 0.4845970519442476 0
1.917486731718596 0.4661518982211125 0
2.143530703032495 0.484599519446227 0
2.142643117366152 0.4662243540657078 0
2.924592814983796 0.9807139353922709 0
5.212506099352321 0.4191991340150869 0
5.046579092828328 0.3795170745106474 0
5.212565570398764 0.5804644227899073 0
5.044572237430911 0.6186209845822958 0
3.806303833430487 0.8015393523940636 0
2.645155444566228 0.8912500000000001 0
2.747399272317631 0.8176960293348725 0
1.848497991319302 0.7785669143657203 0
2.026776215560319 0.8197770720485458 0
3.665716341520276 0.194076632984031 0
3.690696639497104 0.3237900980923852 0
4.889133538782148 0.1961762489220671 0
4.890598686126818 0.803648145219851 0
1.851493252578844 0.2172534283162988 0
2.208506999043888 0.2172533287778596 0
5.02649121147576 0.6795208544197374 0
4.827335813867389 0.8160643499950232 0
4.828869336667386 0.1829944782917355 0
3.778273839895011 0.3888424954050674 0
0.1087500000000001 0.9848445554337724 0
0.2535920302479311 0.5833901700245406 0
0.5474415624228191 0.4190503303805737 0
2.806486454324173 0.8169223265771433 0
2.3556879348765 0.3288497516865982 0
1.704274013713306 0.3287749945401733 0
1.45121699261815 0.5058488985064703 0
3.05598408913627 0.9797956235159192 0
0.01994466669059269 0.4235752301183456 0
2.897108776280604 0.7472410982004267 0
0.8494940276833507 0.4179329865924006 0
0.3385625545509621 0.4171471932309215 0
0.3994205800099464 0.4165102046962955 0
0.4831818876743992 0.4181952843399137 0
4.724485815323261 0.8179954139862695 0
5.211180217047248 0.4814708930088553 0
3.059797047540803 0.182659919846559 0
4.66314631174648 0.8180002694842098 0
4.600751864475624 0.8179722083690861 0
4.540274091177164 0.817800844892148 0
0.6175335286730925 0.3482479725556833 0
0.6177858216293199 0.6510099506721964 0
1.484590864513146 0.8922527164223517 0
5.181000070281588 0.2615577237008972 0
0.7851020408163254 0.01891116698059897 0
4.368872027230279 0.02024720315251116 0
4.519674505823398 0.8177959147548746 0
2.872039600662905 0.01776833092768332 0
4.767141492457883 0.1796041722606462 0
3.742303597559441 0.8158989500280317 0
4.704496752494633 0.1806083031803754 0
0.01798467780622381 0.617688377578028 0
4.540373537645932 0.1822694603725594 0
4.519693569460655 0.1822028260097334 0
4.643453550199387 0.1824258652162569 0
0.7885385201421093 0.9800321101727241 0
0.1832249766660401 0.3470742995186303 0
2.896961483770771 0.2537109348847165 0
2.63607909164787 0.1821424226516433 0
0.1820107726824767 0.8845887772649876 0
2.574380555096588 0.1829239255328322 0
2.701023351570206 0.1816737733870316 0
0.1808252951630376 0.8200431973903466 0
2.509261747212034 0.1798292082312977 0
2.762009418634737 0.1822380733942074 0
0.1799490504145007 0.760343908145013 0
0.1816993025330933 0.6958788555618531 0
3.132515230118206 0.8170394972785248 0
2.066329272647202 0.78059119408679 0
0.8515137112305582 0.1850302506634968 0
0.8527711307230299 0.817137534171027 0
0.1812347325618346 0.1146595063195215 0
0.1806123138936666 0.174640584395453 0
0.182064845385788 0.2397813576845897 0
1.571356868920003 0.01804743634116956 0
0.6192854482940975 0.2840903327610093 0
0.6184659994852075 0.7167211134331105 0
1.111153077081668 0.5813552557445879 0
1.173142780084407 0.5825075895270146 0
1.304384694497434 0.5825294705634672 0
0.9830690471514514 0.420246459113608 0
1.045676017620609 0.5801575860075104 0
0.9185935956980358 0.5827301028467058 0
1.237864752891103 0.5810889964399234 0
2.899556598536654 0.6819989435117622 0
5.022115801937474 0.08072266436023273 0
2.899459580511869 0.6175794505292226 0
2.898448040816588 0.5547600663780438 0
3.350655735960997 0.1189599239244364 0
2.89760027283974 0.4912024670920548 0
2.898045901233468 0.4269744504038097 0
2.898501829878542 0.3627795798863916 0
2.034609680218908 0.8342241665291227 0
2.858448275862068 0.981126618786491 0
4.512850623117179 0.2352437366651355 0
4.511442312776047 0.2964285714285715 0
4.51146269629522 0.3607385055935113 0
4.511519856616563 0.4251785656226807 0
4.511553862468324 0.4895806438915575 0
4.511573356168492 0.554002139599071 0
4.511514690639073 0.6184465479532115 0
4.511375713625983 0.6828595590273097 0
4.513193333159622 0.7428267356978246 0
3.686636886200338 0.9811364449005022 0
2.219073344658542 0.7584781612107225 0
3.710913730022146 0.01936085484884753 0
3.844449363788623 0.1797498436161054 0
3.909370429525271 0.1791946622805624 0
3.779392272307289 0.1800532825575912 0
2.42203125 0.01867367276910192 0
2.084393629338052 0.3173680661470865 0
1.975833333333333 0.3175993401499207 0
3.97332796594474 0.1823331400797741 0
4.039706367011046 0.1813006281173365 0
1.244008027030275 0.1821145296779393 0
4.103981357835639 0.1811744040269213 0
1.180330412898658 0.1821534072459812 0
1.308932553393697 0.1811449707420457 0
1.114264430661734 0.1825257937419827 0
4.167910033627029 0.1810854284136723 0
1.372838900678615 0.1821453623225385 0
1.050014851118835 0.1813299564389452 0
4.231500020006432 0.1803973495925993 0
1.437107549187886 0.1825753244279089 0
4.295597958272782 0.1805604800794215 0
0.9865240139966174 0.1797174654533663 0
1.503272727272727 0.1812623594453912 0
0.9196601473132964 0.1829553638220917 0
0.4415384615384612 0.582597179173316 0
4.788832895729789 0.9815478376172931 0
3.199534379698938 0.817983175971057 0
3.264935503546089 0.8207281926905898 0
3.32902825534179 0.8179048517838176 0
3.393282939529897 0.8184907456477413 0
3.457621105283166 0.8193348804036635 0
3.527150308741844 0.8198402766990736 0
3.590700627973336 0.8185961768660923 0
5.052394328513682 0.5321745629445935 0
0.01882517032075404 0.2934979635201821 0
1.63684421286162 0.01887280151540649 0
1.378415249580679 0.8188570230590295 0
1.314548624571911 0.8174545201722364 0
1.247285003113273 0.8178304041803067 0
1.182582686099302 0.8180765067447573 0
1.116987336705809 0.8194850444605239 0
1.052064836904509 0.8185337010304985 0
0.9848758846791188 0.8195570070877588 0
0.9181935864866895 0.8211418300403948 0
1.86934376268386 0.837139040628732 0
4.590779610329545 0.01899877802560351 0
3.796225271855914 0.9819911557043881 0
2.808681166824948 0.01822363015353146 0
4.893979101610356 0.02753172216750527 0
4.891598188998421 0.9765156617003438 0
2.066402113738101 0.8070798322706949 0
5.196884662240909 0.7040598269829392 0
5.008298530321055 0.9307753557462954 0
5.13823917769836 0.8105491445033217 0
1.900995213891148 0.4746072688751993 0
1.901891040382284 0.4560129827797181 0
1.90012084188349 0.4931943950415913 0
2.159050549841033 0.474624312587259 0
2.158108959617717 0.4560129827797189 0
2.159887052759314 0.4931976469105983 0
3.64679726002527 0.01882787041149581 0
4.349130762151683 0.7931224220062194 0
1.796187422994805 0.6149980451375435 0
2.264121512489889 0.6147054084666075 0
3.062446416543586 0.3133726211350791 0
2.243919448597583 0.6759068065497207 0
1.815958101649028 0.6762710713650153 0
1.346571298641027 0.4185356452895334 0
2.017820947233816 0.8336182780568305 0
0.2753897736391893 0.417996058818516 0
0.5268769112486373 0.5811235655381444 0
0.3566961733276757 0.581183613507783 0
5.208777331815837 0.3367608944272986 0
4.574266518608491 0.9811212360075359 0
2.771783890120741 0.9813882898883761 0
2.826661893873748 0.1835085212977101 0
4.639610241222643 0.9800544801707493 0
3.06278401889347 0.7490444111749393 0
0.8558614451937272 0.5829259479120501 0
4.809783967671295 0.01888109426301504 0
5.047104015422448 0.4453540784568127 0
4.703510604085158 0.9804088178210919 0
5.13847635120328 0.1903183838630237 0
3.166409456785008 0.9797746836614718 0
0.09137017126819735 0.01752432211171473 0
0.01882401973793923 0.7283738166509716 0
2.484507291578264 0.01940107269826674 0
0.01883101750089411 0.7936627906976746 0
0.0189055932290656 0.2066866402770542 0
1.980319907252833 0.6883432676652417 0
2.723779386998999 0.01814487274792842 0
2.551354969129458 0.01866926057413076 0
4.530133873178023 0.1643412667803136 0
4.509319016190449 0.1642897473139595 0
4.678513489270493 0.01903196338090507 0
4.511210891209986 0.981502595030644 0
2.659167575563207 0.01867116431248078 0
0.0196458880377004 0.8588800999141051 0
0.01895977504631574 0.1414067351231232 0
4.7442238122119 0.01895631651477092 0
1.156659210177228 0.4186849764923185 0
1.089699999999999 0.4185329436409869 0
1.219770323673253 0.4173994457185385 0
1.282703085078676 0.41906439271725 0
3.061287039232667 0.3999905315781931 0
4.348714888075182 0.7081156708207573 0
3.655908878052281 0.8187971880620967 0
3.061247756500142 0.4647947307383219 0
4.348717285514393 0.6432489873501644 0
4.34871737355716 0.5783840226146094 0
3.061184870900608 0.5296321554386982 0
0.8723889123538182 0.01889987087976885 0
4.34873605354708 0.5135039396353923 0
3.061146895135963 0.5944716936849457 0
3.621272050773101 0.9810839907255473 0
4.348717353895079 0.4486543158766816 0
3.55697332975457 0.9823644004245708 0
3.492783744957048 0.9817350535291464 0
3.06146697882212 0.659100119221075 0
3.42831639814841 0.980673919880694 0
4.348717310971184 0.3837895102335091 0
3.359253797116412 0.9821121888927486 0
3.294794452330646 0.9808926302837928 0
4.34872788727028 0.318913530133355 0
3.230360981920019 0.9808207994760183 0
4.348681355612505 0.210804729032489 0
4.348688527622908 0.1892520811677066 0
0.01883101750089411 0.3587790697674424 0
0.8715704805682443 0.9796423083782659 0
3.061954943106528 0.247762292454743 0
2.069945471152086 0.7103151898086562 0
4.261351694162125 0.01771601704016074 0
4.198360349311929 0.01892398352963598 0
4.130488890256504 0.01885160344079101 0
0.9189742600734543 0.4187094994222869 0
0.9848917537956789 0.5797436047244062 0
4.064473176853728 0.01898076448641411 0
0.959795918367347 0.01891116698059891 0
1.46204081632653 0.01891116698059891 0
1.025517797569412 0.01829848286157837 0
3.998765238947747 0.01788115090847475 0
1.396515711066468 0.01891104860132653 0
1.090816326530613 0.01891116698059891 0
1.331013600989136 0.01809524803672818 0
1.156396986168661 0.01899372250992365 0
3.93225405719394 0.01870259332941154 0
1.265502232063754 0.01890770860978591 0
3.82332422068033 0.01897242653502695 0
0.9619823038830142 0.9809456340760105 0
1.027935962313484 0.980885860603802 0
1.093189784219393 0.9813001117697386 0
1.159996490464308 0.9809484528608123 0
1.225992820284801 0.9809450813732749 0
1.291984354654552 0.9811678881654357 0
1.357578573164531 0.9808703202088179 0
2.025992274660981 0.8483998437730373 0
2.043192029812027 0.8485730440841655 0
3.714075517960183 0.1842846557300269 0
2.141535337019181 0.4475304982552395 0
2.157202415497266 0.4372879146435406 0
1.918495686538854 0.4475039918510957 0
1.902797584502735 0.4372879146435398 0
1.88429003904489 0.4831614382640203 0
2.175718904017607 0.4831648208608653 0
2.102291199041842 0.6038734636338465 0
1.957351547087737 0.6039447274417479 0
2.041252649212137 0.4611901670679842 0
5.206848587449042 0.6447780518228009 0
4.97010944106704 0.04722509279098575 0
1.366836965608851 0.582165143068136 0
4.951635983771326 0.9582233117812253 0
5.17145084204618 0.7588930645142049 0
1.883482044624743 0.5020682426557895 0
2.176519959863983 0.5020690324731536 0
2.008938054963108 0.8476626032597973 0
2.001036591040825 0.832759674187975 0
1.570434321446763 0.1827455555856068 0
4.529991566277531 0.8356571415918678 0
4.509306454096199 0.8356876176973972 0
4.367347210651929 0.2000099965224601 0
4.367347509837331 0.1784912212912393 0
2.196894424535986 0.8208311703949318 0
4.519696387609109 0.1463089625731677 0
4.498858863763236 0.1462987142431118 0
4.540618500028753 0.1463697672430587 0
4.094403540687034 0.6826191592770076 0
4.928707751385939 0.2140702935083593 0
5.026816729772358 0.319377415161833 0
2.033849732971052 0.8634249002002182 0
2.051945279669436 0.8635826194795706 0
2.14064068607552 0.4290587478677496 0
2.156476073281399 0.4188505480319175 0
2.17310238564751 0.4271440131517546 0
2.172164894791671 0.4082109501439002 0
2.189095270298983 0.4168263610920844 0
2.188711360243327 0.3985357046059453 0
1.919581647160753 0.4286997681466479 0
1.903778659619076 0.4184353661389983 0
1.887017213544651 0.4270327187688684 0
1.88792288245154 0.4081463871980404 0
1.87098653764123 0.4167991081715222 0
1.87173731542252 0.3978762255404117 0
1.85468211546847 0.4064738649454151 0
1.855487648363234 0.3872930766797131 0
2.205406298465874 0.406588320276432 0
2.205022278038741 0.388066242166935 0
1.867529997392999 0.4922675461402427 0
2.192471827198872 0.4922682415426113 0
1.991697946262336 0.8471817991539807 0
1.983621587860605 0.8312266859030831 0
1.866525975349619 0.51119420877567 0
2.193474662830481 0.5111944563122929 0
4.498953467198481 0.8177009824010991 0
4.48850512770307 0.8356902074809147 0
4.478117158989393 0.8175781949007555 0
2.273319717494353 0.03449217681083239 0
1.786714550578582 0.03439592222810206 0
2.707313846347694 0.9804845567081635 0
0.02136713302996496 0.9237826418342865 0
4.043868067933384 0.9667487015799077 0
2.144275071141542 0.966151558291148 0
4.498962667077681 0.8537342750469878 0
4.478070514937194 0.8537910950516634 0
1.915508827076114 0.9663999330954031 0
1.424262920601046 0.9824593564631097 0
4.489368782178013 0.1634238718851317 0
4.479065019947685 0.145561700844611 0
0.619928495354972 0.07865065792558246 0
0.6164548971611534 0.9251706795441114 0
4.530115419785401 0.1282409734938743 0
4.551176289884054 0.1282895717249059 0
3.00421875 0.01845728549171155 0
4.348712539265859 0.9243514185113662 0
3.349779784620814 0.245887387434112 0
1.838235112304258 0.3960020134380872 0
1.839227302662363 0.3764427135625706 0
1.837345488601497 0.4155287815394988 0
2.22186461108513 0.3961499502411281 0
2.220874305636198 0.3765962306109489 0
2.222685867619126 0.4155725135618428 0
2.154928067179811 0.3993040558939769 0
1.904791148465973 0.3995579785299938 0
0.1825964907924655 0.653277746590452 0
2.042256248820728 0.8791267279256592 0
2.060537259432203 0.8795148945854419 0
1.974086483925104 0.8466542025174972 0
1.980980512030422 0.861989426725925 0
1.965843487730341 0.8301721091857831 0
4.488597966786207 0.8719091689478846 0
4.467603077030896 0.871963084127979 0
2.209596602618697 0.5028691200659761 0
1.850403807843298 0.5028689629094766 0
4.504375995193076 0.01806247043955633 0
2.21072531463731 0.520287137684552 0
2.194045926562366 0.5307616298839041 0
1.84927468536269 0.5202871376845515 0
1.865959554517141 0.530818880229271 0
1.448074522372664 0.4561117855519839 0
0.01880605532226154 0.07589297278750345 0
2.898627630715056 0.2974399434811226 0
4.3859537632135 0.1892510541341375 0
4.385953604920443 0.2107064803836618 0
4.385965170758045 0.1677571609299111 0
4.367319212176302 0.156981128279461 0
4.386011168824958 0.1462350805881296 0
4.367303128483079 0.1354170125415953 0
4.386054598841126 0.1246481256584166 0
2.070108711645317 0.8634786599532243 0
2.078729966955833 0.8797672168612704 0
2.088316368917304 0.8636744140055558 0
0.2947777113466565 0.5821150719957533 0
0.1815743099880662 0.3038965945096059 0
4.367323125885413 0.1137892878574518 0
4.540664215076983 0.1100414396966833 0
4.561809944684748 0.1100948518437885 0
2.084166666666667 0.4628325205801569 0
1.977921309112617 0.4623147577768048 0
2.687232272446503 0.8174997802372539 0
1.820684740745062 0.4049369756795413 0
2.239335490999267 0.4049720834183936 0
3.725608645137024 0.3505403602689494 0
0.1809833560385399 0.9437354765359751 0
4.786895127104582 0.8178311739014528 0
1.444046661890294 0.8179027579853417 0
2.041819338862708 0.3191165995133931 0
4.478153643895924 0.8901332226053391 0
4.499192368402671 0.8900542461654662 0
4.457102777264422 0.8902228604845569 0
4.446527026375051 0.8719671345222751 0
1.956057740036776 0.8460574674676721 0
1.947620020468487 0.829861002212569 0
1.957812231078567 0.8137871572545967 0
1.939252781085481 0.8133806436755981 0
1.949715765027894 0.797255970328863 0
1.995258551788239 0.7286406906137599 0
1.819789630627199 0.4249069930623893 0
2.240210671039702 0.4248760471125277 0
5.048066909474286 0.5767176564183013 0
4.40451321374687 0.1999823467724747 0
4.40452721638092 0.2213748162419412 0
4.386081687551055 0.1029927920758545 0
2.051011126713947 0.8952207305973996 0
2.03225672228563 0.894715297405914 0
3.699379354842334 0.8184135536066677 0
0.675752790202369 0.9816912124064285 0
4.348562650432569 0.1246064713478291 0
4.348567574153241 0.102930063588386 0
4.329770107306715 0.1137711319270327 0
4.32978413938477 0.09206442325422404 0
4.310962938742779 0.1029185177159654 0
0.6744094229986617 0.01847949758744843 0
1.835850799863257 0.7371510327056163 0
2.186176400801937 0.8582230330537882 0
2.082551864147889 0.6659715351961084 0
1.930549121785312 0.7965991987907736 0
1.940989396246552 0.7807763987824039 0
4.435977488735777 0.890298992733891 0
3.058250994117894 0.07515613050536196 0
2.231962255902155 0.7165112085232342 0
1.848390540325764 0.5402122549033878 0
1.865466455427039 0.5509012194716696 0
2.211609459674237 0.540212254903388 0
2.194364218597663 0.5509324868832003 0
1.390009703982654 0.4162595476904493 0
1.7604378482671 0.4917792183123822 0
2.299581027548113 0.4917460770453936 0
0.6178174355017143 0.8207574961339729 0
0.6179866814632153 0.1792307692307692 0
1.527849308377318 0.01747155546546442 0
2.370128492632764 0.2859736337675829 0
1.689939276023205 0.286053736839237 0
2.814367354678526 0.9816076152874754 0
5.047967934502555 0.4876510626465172 0
4.746278903247159 0.9815251849586063 0
4.634628626967093 0.01899833657987621 0
3.839137931034484 0.981126618786491 0
1.970488326028955 0.6446693765686607 0
3.750441734414756 0.9822726831390305 0
0.8298811025469699 0.9805432151242035 0
2.200504029672558 0.368499366810229 0
2.219486976821218 0.3572935296517391 0
1.856895923259385 0.3683894477837327 0
1.840005717378726 0.3568821622192456 0
0.01740825737916429 0.6857264593739255 0
4.402963779905737 0.9798019351603396 0
0.01881682619066405 0.2500886041744921 0
0.8287321916400163 0.01888197971110256 0
3.096692581556991 0.9791551102125834 0
2.61611479758529 0.0186464501973817 0
2.767031250000001 0.01867367276910192 0
5.211975886256966 0.5414212247310847 0
3.407285148368553 0.02222358511920863 0
3.867134332957368 0.01898604300729673 0
3.779492356384037 0.01897840573294285 0
3.060428424313129 0.7023254676081115 0
3.061284323385915 0.3567894824721503 0
1.22185508135078 0.0189144562035039 0
0.9160886640471591 0.01890725065142956 0
4.34814090762042 0.7513550098843728 0
4.348726357652169 0.2756445348797888 0
0.9179595787198711 0.982158922854224 0
3.446854307864942 0.3586995251239997 0
3.381217737956954 0.3003216763754385 0
0.4408625242935973 0.4205209379836697 0
1.025218527673925 0.414182526062515 0
0.3999999999999968 0.5820133185367847 0
0.4840296452678621 0.5800665174390266 0
3.575867094262148 0.4659061573757136 0
3.349855870162638 0.07583109205503069 0
0.1818675931082634 0.07328124999999985 0
1.822708661392463 0.3656640779031345 0
1.823712710874578 0.3458788019511145 0
1.806021926115175 0.3548411128171839 0
1.807028898174885 0.3348907309253913 0
2.237253875682693 0.3656811049975319 0
2.236199971049909 0.3459949999974739 0
2.253958228670499 0.3548647905566727 0
2.252926004899593 0.3349785965259991 0
0.1299999999999994 0.0173205080756888 0
4.488592498517759 0.1279806091809949 0
2.645155444566227 0.92625 0
0.07374999999999643 0.9848445554337724 0
5.058978216549042 0.8967565649967471 0
1.484844555433772 0.92625 0
4.602300344809464 0.1825454100458432 0
4.423045202141629 0.2106788995484512 0
4.423060787631499 0.2320455129173765 0
3.926310344827586 0.9811266187864909 0
4.546927933636324 0.01899835058920663 0
1.789268976329609 0.3438701688043576 0
1.790332846613863 0.323958456119826 0
1.808120706792378 0.3149446670297038 0
1.791491289518219 0.3040344418878259 0
1.809259880177056 0.2951426158289492 0
1.792651909474756 0.2842602918915932 0
2.270720199980417 0.3438887593610418 0
2.269657833283556 0.3239761988127094 0
2.251842987325722 0.3150268213815853 0
2.268497261416089 0.3040533814979489 0
2.250732160665014 0.2951594648226179 0
2.267344855821308 0.2842662566588932 0
1.774953943104831 0.2931121527449422 0
1.776085851974774 0.2733278002034342 0
2.285043609600233 0.2931163034745137 0
2.283913201025415 0.2733294861195808 0
5.113378253406045 0.8434160748920877 0
5.072962141167277 0.1173695322703384 0
4.830750888074174 0.9806775478422967 0
4.467548288577325 0.127951859287767 0
4.477965524993233 0.1096906335945377 0
2.097416286604978 0.8801038524200101 0
2.106869157015467 0.8638897041746247 0
2.087797120632734 0.8964070444013047 0
1.921857052073289 0.7792173981188626 0
1.931735025668543 0.7631066941500192 0
1.912675574093557 0.7614399639570035 0
1.923143638767851 0.7447153746717705 0
1.435095702467692 0.5700957024676919 0
2.115811858814187 0.5635780231208238 0
1.945542713079969 0.5625951453643575 0
2.266148345766348 0.2645638345914818 0
2.282759115356566 0.2536065406899388 0
1.793850957283029 0.2645625594775726 0
1.777240610651697 0.2536060471849283 0
1.937678400437079 0.8455620598954423 0
1.946307466523324 0.8620925850554574 0
1.831446649028085 0.52947822210632 0
2.228553350971915 0.5294782221063197 0
3.971758686668279 0.528250452823475 0
4.111532731590846 0.8595026330609936 0
1.759569807140583 0.2624381935237902 0
1.7607158605124 0.2427313804159141 0
1.778403953982747 0.2338668055905409 0
1.761888026685006 0.2229621964054249 0
1.779640465145741 0.2140729065469936 0
1.763079692435674 0.2031496724044656 0
1.745334682320074 0.2122188408879537 0
1.746448122782129 0.1923564636458601 0
1.764232769628336 0.1833004308507047 0
1.747575201191685 0.1723420882743735 0
1.729671131778197 0.1814245849177391 0
1.73072841616088 0.1613845214259657 0
1.748719519772984 0.1522630482472074 0
1.731843639867956 0.1412801023283528 0
1.71382209236962 0.1504319587942314 0
1.71490066319177 0.1302269431875791 0
1.696846275827516 0.1394268636269718 0
1.697910113722871 0.1192004219976415 0
1.679809275616727 0.128428479693633 0
1.716018651895268 0.1099546399022606 0
1.68088683537194 0.1080905010741384 0
1.662630765075765 0.1173875644381125 0
1.663705221273994 0.09687211436738824 0
1.645262872423725 0.1062725817443141 0
1.749865983992243 0.1320820212971294 0
2.300429989360827 0.2624385567606511 0
2.299284059905879 0.2427315232062275 0
2.281596003925176 0.2338668813399857 0
2.298111953036029 0.2229622328287192 0
2.280359524459087 0.2140729252424515 0
2.296921133380455 0.203150946635857 0
2.314636679417932 0.2121168735174596 0
2.313474598680638 0.1922636291403925 0
2.295757742121577 0.1833119319255393 0
2.312409865417215 0.1723627976105827 0
2.330276002570395 0.181321521026573 0
2.329221354380051 0.1614033789291425 0
2.311273548154563 0.1523228420022179 0
2.328111680619016 0.1413769295953914 0
2.34608385948304 0.1504736994022894 0
2.345000492573159 0.130355656611216 0
2.362990585248281 0.1395067380796879 0
2.361927070992038 0.1193857017530495 0
2.379935363971502 0.1285351031276746 0
2.343902268483234 0.11017364696747 0
2.378866491657093 0.1083562338548548 0
2.396924239178123 0.1175556476601683 0
2.395862866856807 0.09728751414478598 0
2.414023182573916 0.10654380714909 0
2.310139776624066 0.1321993975413167 0
2.041365352996152 0.9112919863394228 0
2.022367067177469 0.9108015371480896 0
1.802916167025645 0.4140132173733778 0
2.257103731790298 0.414011233831604 0
4.112346552475671 0.7808728261040625 0
2.218200509303081 0.3382905970403917 0
1.841002148090595 0.3369740782134602 0
4.425363427456464 0.8719477493634655 0
2.319160094196214 0.01900828138402838 0
1.740775816949231 0.01878768712709766 0
4.488738640934915 0.9083271145023537 0
4.50979769485036 0.9082276817837355 0
2.102105429300374 0.9819804880903785 0
1.956281767244407 0.9841591793587736 0
2.397078576702496 0.1368298664335684 0
4.310978318848361 0.08118698583548184 0
4.292157049001191 0.09205419769247819 0
5.210821840220992 0.3788757511588824 0
4.851335598477153 0.02014565731131229 0
1.662600401033766 0.136806557155302 0
1.847523515685263 0.5606038912731193 0
1.86474210201131 0.5710634433401546 0
2.212448263318855 0.5606091025083744 0
2.194990133170313 0.5715570173137938 0
5.161394441632071 0.2200529408437267 0
4.933495080556019 0.0367613719509382 0
5.194383847661664 0.297667641940412 0
4.036696588560185 0.5778553095133313 0
2.377473062823558 0.08868478433357274 0
2.647182035773629 0.8566323897368748 0
4.458032228994606 0.1474278357034104 0
1.993066882104038 0.8173114100250142 0
1.682317750680848 0.08836646506048956 0
4.456672689071588 0.1097830245408327 0
4.46730572357372 0.0912645574936527 0
2.106892439907447 0.8967678910693246 0
2.097001792770902 0.9134208723429175 0
1.903668972768486 0.7429856919565179 0
1.914303270911078 0.726039302448294 0
1.743052232559257 0.2516144676742855 0
2.316947733740707 0.2516145279156173 0
4.41476659182395 0.8903309088019913 0
4.425430343856267 0.9087108455713464 0
4.292148039071996 0.1137769461764939 0
4.273345006659108 0.1029234152335169 0
2.363978195591483 0.1594978290137664 0
1.695907279291927 0.1593680353446018 0
0.05005605483173214 0.0135370722373172 0
2.258014921652082 0.4342790417615161 0
1.801988445095059 0.4342845300101207 0
4.551206423841702 0.09202931300026507 0
4.57239504948989 0.09208047702261346 0
4.582972318341423 0.1102238816199703 0
4.593605822016783 0.09217045539307445 0
4.604147823311472 0.1103265472247428 0
4.614815551534422 0.09201387583072757 0
4.625371454519506 0.1103942235546943 0
4.636022749498937 0.09206531686425218 0
4.646604074207834 0.1104779402728759 0
4.657245773142259 0.09226181555522744 0
4.667787555646879 0.1105792678604672 0
4.678453175827785 0.09241255555739114 0
4.688979379836576 0.1099213529396674 0
4.699662915408373 0.09233702477984962 0
4.710184537057536 0.1102067762764354 0
4.720868828159787 0.0925005468663086 0
4.731387488911954 0.1094706489011482 0
4.742066682180196 0.09256752101623084 0
4.752548667142857 0.1100409819666605 0
4.763202674616379 0.09269501395317981 0
4.773673955060621 0.1101567409999965 0
4.784217116510936 0.09281627271257575 0
4.794651584796024 0.110841877871546 0
4.805146816033673 0.09297450524025908 0
4.815450468297012 0.1110176496916589 0
4.82595465472132 0.0931744885344209 0
4.83625995911421 0.1111148612155947 0
4.846738597243057 0.09320215577549157 0
4.857056256810424 0.1111866451132199 0
4.867484331948924 0.09328615796761797 0
4.877821135358774 0.1112587889278438 0
4.887775761878236 0.09362709032340877 0
4.898483762612834 0.1113881336392721 0
4.867563559033298 0.1290774957654582 0
4.908941462583224 0.09348455556749713 0
4.919175589166526 0.1114777212012174 0
4.908806160455644 0.1293127548459339 0
4.92952009335815 0.1293398375520415 0
4.939820381128841 0.1116057486006893 0
4.950110207276873 0.1294098291218415 0
4.960304981821118 0.1118126438879704 0
4.970411324804198 0.129692299875248 0
4.960234387021937 0.1470179334801391 0
4.980151898131746 0.1473090269005224 0
4.970103665550944 0.164271570124546 0
4.989779046449995 0.1643864738030256 0
4.999794884514147 0.1476677652062542 0
5.009266664058423 0.1646309704338035 0
4.999337437775969 0.1813203789362682 0
5.018812958724292 0.1815334278421261 0
5.008896954985783 0.198253002441418 0
5.028392619411852 0.1984963086236232 0
5.040608628409316 0.1800496611217732 0
5.047969955334871 0.1986558614789243 0
5.038115047238255 0.2157706104357905 0
5.057986827483936 0.2159045191963805 0
5.048537650805704 0.2328996329276488 0
5.068125830615987 0.2332310403750446 0
5.058616117647574 0.2503460113597499 0
5.07825550742926 0.2507123956772849 0
5.068103126729951 0.2682241270745576 0
5.088283914142364 0.2683283034503943 0
5.07915613371066 0.2852759705117672 0
5.098575442851764 0.2858679833208383 0
5.090052177020594 0.3025049506398433 0
5.108896605947763 0.3034594501372202 0
5.099267434705219 0.3207583821586387 0
5.118953191343454 0.321254911947065 0
5.108550322722966 0.3390108393851787 0
5.129009726786101 0.3391028487420104 0
5.118526845330602 0.3569598083244406 0
5.06795114902131 0.1994408634531719 0
5.139257406378087 0.357019595237272 0
5.128830836523472 0.3749049741800715 0
1.899255593412263 0.512458578609048 0
2.160727808651999 0.5123104851743823 0
1.893534943932113 0.7247905966281103 0
1.904928522713089 0.7073244476699962 0
1.88391246239514 0.7060981565623367 0
1.895445137535555 0.6883952276066563 0
2.413232390262312 0.08657360024368488 0
2.431241840086741 0.09552702282263215 0
2.432612462263722 0.1151189236714724 0
2.449574498631055 0.1047434074439356 0
2.448449124263609 0.08418848238065013 0
2.466960021108316 0.09373819942254408 0
2.467730329097959 0.1142792572573653 0
2.485429632925349 0.1034095832504402 0
0.143210543652927 0.9835455184075312 0
2.031608527167212 0.9277712652501873 0
2.012308938691004 0.927215780880711 0
5.108693626536844 0.2683590629074104 0
1.483843452370735 0.8563885268372379 0
1.959831120081121 0.7826785924214145 0
4.441560487511648 0.2213563413469728 0
4.441585323910567 0.2427469703836773 0
4.42304714173626 0.253462538148603 0
4.441627684139521 0.2641819874628077 0
4.423085962496677 0.2749126339428951 0
4.441659235092756 0.2856475143863551 0
4.423089727995052 0.2963867058081225 0
4.441672183939532 0.3071309646280069 0
4.423110909665729 0.3178769716651422 0
4.441701297128281 0.3286315286371557 0
4.423116261057779 0.3393785659418905 0
4.441739928776435 0.3501384107361938 0
4.423134852175267 0.3608871741829547 0
4.441685169044449 0.3716428896195594 0
4.423063918709672 0.3823983847049254 0
4.441705296125509 0.3931629386625914 0
4.423121490892454 0.4039162189171763 0
4.441751260299966 0.4146828097136075 0
4.423149823354729 0.4254353735336776 0
4.441694249735086 0.4361950379518877 0
4.423071553724608 0.4469536629369398 0
4.441719326142495 0.4577201234333271 0
4.42313849971966 0.4684757090801799 0
4.441772343277272 0.4792430305485559 0
4.423165351728823 0.4899977388927274 0
4.441688033776467 0.5007576964326627 0
4.423078160344995 0.5115182541411715 0
4.441730282575108 0.5222857748121157 0
4.42315305464744 0.533041656753385 0
4.441791394610824 0.5438104134238435 0
4.423187185563924 0.5545646907684103 0
4.441695524879889 0.5653251291586121 0
4.423088370656114 0.5760856713069588 0
4.441726875069453 0.586856329175907 0
4.423168301951782 0.5976099180804142 0
4.441778961785669 0.6083845255709736 0
4.423199966326914 0.6191338291686239 0
4.441734105374985 0.6298986279460302 0
4.423098104820769 0.6406541553146541 0
4.44165132420118 0.6514145479907084 0
4.423169816918723 0.6621766008142502 0
4.441705951777424 0.6729582424813619 0
4.423200155399055 0.6837022207205834 0
4.441698096520597 0.6944695405612744 0
4.423104885698847 0.705219872247016 0
4.441661886720103 0.7159754651865058 0
4.42319825819 0.726723718808335 0
4.441644979067567 0.7374801057240112 0
4.42307913589463 0.7481885024766982 0
2.29321083418638 0.14323898012907 0
1.76682785123115 0.1431523962628922 0
2.116529977242739 0.9136648524851462 0
1.773632859288179 0.3327677434085596 0
2.286330916255069 0.332774676362528 0
5.108044364169716 0.3747072403805085 0
5.118287953101161 0.3927697726005605 0
5.139094800002826 0.3930090506083748 0
5.128491696039013 0.4108848454906592 0
1.646289350681466 0.08633630945487053 0
1.627781167517115 0.09504510266379917 0
1.626389081161481 0.1150330422303835 0
1.609198698577832 0.1045302859408991 0
1.60948459012192 0.08486461262109984 0
1.591518392084859 0.09359662934170471 0
1.590787632698585 0.114504848355062 0
1.573085230096945 0.1031843971523644 0
5.128844177021255 0.3037743119125728 0
4.446061334675927 0.09138126102296584 0
2.223391650994836 0.4354316210419013 0
1.836608349005165 0.4354316210418998 0
4.441609613714515 0.7589172201856831 0
4.424489324913218 0.7711168869864489 0
5.14933367238288 0.4111333803464927 0
5.138754833572538 0.4290224405423236 0
5.117906413702638 0.4287849230798659 0
5.128126314057427 0.4470377824262461 0
5.149090040953356 0.4471117737323522 0
5.138524750977368 0.4651584145170203 0
5.115848971261272 0.4668400072206604 0
5.128520591804836 0.4840453292531458 0
5.148917131068487 0.4834174495173981 0
5.138383291969782 0.501522887286982 0
5.117386323034021 0.5012988062346592 0
5.128391012503501 0.5190667538700295 0
5.149020957983815 0.5192751883842133 0
5.138661321127837 0.5372398524519391 0
5.119231832443326 0.5361683705803107 0
5.128269985981937 0.5552329286892825 0
5.149118883218487 0.5554004389944931 0
5.138680693730566 0.5735204377152955 0
5.118226284738007 0.5736890221072554 0
5.12820127645462 0.5916270291394204 0
5.14928461317818 0.5919374729202389 0
5.138849163289193 0.6098183968727364 0
5.117841346004901 0.6098099854493808 0
5.128763972443578 0.6278671056888577 0
5.10859280303711 0.6283616019536988 0
5.118729502787778 0.6459259679073036 0
5.098482787444403 0.646015649976194 0
5.108176195617206 0.6636540595720204 0
5.128540973210845 0.6633591648645643 0
5.118032743273884 0.6811448116395447 0
5.097685842937347 0.681436852131109 0
5.108065265329992 0.6992119666196062 0
5.088422827911394 0.6998539558916834 0
5.098030875285456 0.7171554676172839 0
5.077899584420781 0.7174937762139687 0
5.087805009759911 0.7348770259135297 0
5.06844675560374 0.735542892959575 0
5.077760508241397 0.7525028264040234 0
5.057678774480407 0.7526016130224324 0
5.067572729518664 0.7697951410373016 0
5.04771270394501 0.7698590750380094 0
5.057549732991701 0.7868807660472541 0
5.038020071727443 0.7869415215543727 0
5.047731482947697 0.8037414936668493 0
5.028417775332846 0.8037696984246305 0
5.038080019753071 0.8204507111398784 0
5.018824706230229 0.8205327596717071 0
5.097873772765105 0.752416060918648 0
5.009080938732467 0.803832937995854 0
4.999448100089253 0.8206746080697315 0
5.009208213876851 0.8373641526317988 0
4.989697723254176 0.8375889492080338 0
4.999600979156442 0.8543673498204762 0
4.979870457016286 0.8544585712977626 0
4.970100926557066 0.837625679067364 0
4.960103884305662 0.8548110696976988 0
4.969870736221994 0.8716198766827464 0
4.949882927351657 0.8720747266313877 0
4.940805551965846 0.8550859689079309 0
4.92976944570976 0.87210493128083 0
4.939720280125879 0.8896954039109236 0
4.919361222130109 0.8896195611144883 0
4.90930208899546 0.8718865891063623 0
4.898944880277362 0.8894348990594241 0
4.888904495047269 0.871671516285688 0
4.878540866625139 0.889248323061132 0
4.868558600385507 0.8714833128254889 0
4.858142804350503 0.8890433915777101 0
4.86818454223684 0.9069095779298435 0
4.847641982619059 0.9066866664493953 0
4.837625503000977 0.8887740056040642 0
4.827090777380119 0.9064418196665303 0
4.817033687122973 0.8884852818857663 0
4.806500992179186 0.9061765492499404 0
4.796429618997957 0.8884833359522459 0
4.785867611031756 0.9059678366002636 0
4.775770171232633 0.8882295974661258 0
4.765163468206984 0.9060850771415344 0
4.755040028646513 0.8882253369761566 0
4.744402458772026 0.9059360360809232 0
4.73426801102865 0.8875986112039993 0
4.72354913339362 0.9059956865190445 0
4.713418421911419 0.8877681502561968 0
4.702629914256229 0.9070158856239461 0
4.692535185970343 0.8871132067515513 0
4.681829416621925 0.9057209514216653 0
4.671668221826672 0.8865897341651657 0
4.66099807950676 0.9045146088436068 0
4.650821309322181 0.8860731073211459 0
4.640123309198529 0.9040321562889881 0
4.629939264404907 0.8857788227362186 0
4.619231931981857 0.9037261199390201 0
4.609042732026881 0.8854817079399644 0
4.597610445300818 0.9038308904251706 0
4.587322145082369 0.8856361271816886 0
4.608411904082955 0.9217960328419145 0
4.586956217422335 0.9218836336703096 0
4.670763317638686 0.9242392318485768 0
4.908991359011804 0.9072538812409776 0
5.129526815328108 0.697162362333995 0
2.097666301861777 0.8475995223235203 0
2.116128031733455 0.8476598711245472 0
2.106868300348814 0.8315474848220119 0
2.125441774076858 0.8315545478445245 0
2.116066623093315 0.8154263615255493 0
2.134837126299556 0.8153728739295265 0
2.124993652878435 0.7987975086758401 0
2.144460892346532 0.7988206249854997 0
2.134338139577977 0.7818112397566581 0
2.154425239151891 0.7818432059160083 0
2.144361600203729 0.7646333386520072 0
2.124096890250583 0.7647369603127777 0
2.134099123147497 0.7473955185539767 0
2.154413124741663 0.7469420295065404 0
2.143894908887181 0.7293678250063083 0
2.164512734567727 0.7289127051361399 0
2.15373188329345 0.7110846665651647 0
1.916642504279736 0.6896998875852365 0
1.90715944948983 0.6706140672569922 0
1.885844740941776 0.6693731787209166 0
1.897543897981694 0.651519622028023 0
1.877058799663079 0.6505605869103566 0
4.52018762147932 0.8899728376442512 0
5.088272769225821 0.2332087726252583 0
5.077301076946048 0.7869507851829574 0
1.888073577749811 0.63247882248837 0
1.863274019989106 0.6325266599611106 0
4.273348058200903 0.1246274371389273 0
4.254545159001017 0.1138029678755471 0
4.254538836158552 0.09207611058882342 0
4.235726497483634 0.1029633445249863 0
4.235711929805096 0.08120812256079785 0
4.216897104041443 0.09209648082366761 0
4.216905062764065 0.1138482345234921 0
4.198077200146201 0.1029935324641671 0
4.435956889805588 0.8536246040829132 0
4.414742318209485 0.8535954149921079 0
4.71056901420304 0.07452152780914834 0
2.484565900913611 0.08251669058843597 0
2.503141991435292 0.09225630867471085 0
2.503959928958873 0.1132268010519749 0
2.521739578290537 0.1020398138009539 0
2.522689740192227 0.1227643028617939 0
2.540396549647572 0.1118300468348737 0
2.539556053499301 0.09079531426058546 0
2.558236855606796 0.1006573758838114 0
5.019292291841017 0.147963815643322 0
4.404623124885042 0.3505499226013294 0
4.404638722273493 0.4152016777678214 0
4.529980078927665 0.09170879345911431 0
4.404654454467777 0.4798471597622431 0
2.557411048896787 0.07953345722932303 0
2.57610994262295 0.08940587300533365 0
2.57688712816114 0.1105351156846998 0
2.594797000631781 0.09929684796017252 0
2.595567243203669 0.1204130256558196 0
2.613486839930748 0.1091858262601838 0
2.612324271202204 0.08880094803155203 0
2.63135918030751 0.09808226734964465 0
2.63217809358019 0.1191164302256359 0
2.650237269940216 0.1076906938808413 0
2.649342293577877 0.08735056288719134 0
2.668103577831133 0.09667321251511779 0
2.668965577946175 0.1164430528497428 0
2.687190707514783 0.1057252694137813 0
2.687021926044409 0.08639296922775441 0
2.704802214426177 0.0954405136395105 0
2.706379829237211 0.1151736072599438 0
2.723560025720816 0.1053161670021231 0
2.722971982187997 0.08445453615199572 0
2.741553282869254 0.09427213011882218 0
2.742779121894257 0.113922264792647 0
2.760208970586489 0.1040731380899022 0
2.759562315192261 0.08302919920776419 0
2.778272663367132 0.09312560402295378 0
2.778901339825469 0.11435134903429 0
2.796953737025968 0.1031942253968998 0
4.774992751018752 0.07459140624078525 0
4.404673920441499 0.5445320972263455 0
2.271777374652705 0.3634358735382095 0
1.788215074307268 0.3634271619510041 0
4.857734853605132 0.9246916210745613 0
1.573942489951839 0.08214941343436427 0
1.555212329454947 0.09189806678967127 0
1.554388467557201 0.113126659695817 0
1.536395076699935 0.1017615875568009 0
4.404691596245305 0.6091971043704839 0
4.550633600565914 0.8356061739349625 0
4.404701297805103 0.6738673548675115 0
5.02820637802926 0.2327702425684536 0
1.783488785297959 0.5742625447878077 0
2.27648005198597 0.5743146967036635 0
2.797822068125436 0.1243827615530792 0
2.81566858267707 0.1132471685798038 0
2.815014831151152 0.09203632974490772 0
2.833713363257519 0.1021067365838765 0
2.833098709336517 0.08085555820061996 0
2.851814020600877 0.09095754856342192 0
2.852421096371824 0.1122000741772085 0
2.870507146215206 0.1010796767892474 0
2.871129749281721 0.1223027973524501 0
2.889198939844164 0.1111805525846762 0
2.88980893220199 0.1323893691906424 0
2.907897293086781 0.1212569557299468 0
2.90850023823325 0.1424893328612651 0
2.926606871966595 0.1313486428601771 0
2.927206667186835 0.1526388239506538 0
2.945340317274817 0.1414569363841891 0
2.945938964352146 0.162780612017521 0
2.944719636354167 0.1201448230308863 0
2.964101934404841 0.151577544607834 0
2.964701446346227 0.1728954718095309 0
2.90720795804035 0.09994178845062929 0
2.946539405663794 0.1841052592072138 0
2.965291996361139 0.194217964937959 0
2.982899879785491 0.1617103566695232 0
2.982287773833696 0.1403476348942704 0
3.000985631719145 0.1507513133973084 0
3.000703583376995 0.1299167747793255 0
3.001705088053045 0.1719410146435498 0
2.947142085113595 0.2053937079539919 0
2.966161333919781 0.2159958849974422 0
5.05728293609279 0.8204903758580424 0
1.535597848284353 0.1230255605674444 0
1.51751501705168 0.1117042386528251 0
1.518373510756569 0.09031764591176616 0
1.499371556012082 0.1002957418559322 0
1.50021699887716 0.07882105976338427 0
1.481169591696469 0.08879220374922209 0
1.480332657036567 0.1103378632789541 0
1.462084430955864 0.09881975286916139 0
1.910826529046126 0.7961117885655575 0
2.132811137245263 0.7116331508350292 0
2.142800705955719 0.6931223585283997 0
2.163899102844988 0.6925882178806856 0
2.15291356557948 0.6744639486443355 0
2.174172823658269 0.6739648625323855 0
2.163092560118907 0.6557591687308604 0
2.18442141853346 0.6552632685554277 0
2.17332249160321 0.63756876738649 0
2.194663659849811 0.6371422357916866 0
2.141789638784421 0.6563058399847657 0
4.425349913288819 0.8352055942518379 0
4.404141175532347 0.8351600206119665 0
5.047931696984175 0.7315257799329922 0
5.047691611136042 0.8370801803133026 0
5.097585886633572 0.3925285023026435 0
4.349078966920048 0.08037678032577145 0
5.08593662884212 0.3378246011604221 0
4.950287546067972 0.1642231538271317 0
4.198058671963564 0.08124953637226051 0
4.179578080681005 0.09272014184890887 0
4.179369920013746 0.114080806824566 0
4.160533448615707 0.103241428405967 0
4.161341405867556 0.07833590175808741 0
4.141591571318097 0.0922271282805916 0
4.141659193766349 0.1140618859800886 0
4.122794379100549 0.1031660947128691 0
4.122536346449973 0.08175834196292547 0
4.103911732252789 0.09240251114479181 0
4.104016382167677 0.1140762860021771 0
4.085163712702029 0.1032851633534086 0
4.085225498070582 0.1251141195519689 0
4.066387261413253 0.1142246396838904 0
4.066320030146984 0.09248635631085744 0
4.047532319280491 0.1034223441349171 0
4.047458148620318 0.08168112198746924 0
4.028677204967626 0.09262934339291901 0
4.028757303756037 0.1143558248843604 0
4.009906555008024 0.1035772026016402 0
4.010004716223109 0.1252839419993143 0
3.991149949897902 0.1145175331689249 0
3.991053680085161 0.09280688414019855 0
3.972288438481912 0.103752887382438 0
3.972181454823575 0.08201376877894062 0
3.953411801981637 0.09297974997693925 0
3.953176673461681 0.11333967788295 0
3.934786323223729 0.1033721141093258 0
3.93454759338515 0.08203937533804234 0
3.916087594798091 0.09357224235008993 0
3.915653956177208 0.1147632144976575 0
3.897235094401764 0.1038316900080745 0
3.898082906383659 0.078951822172109 0
3.8781099656242 0.09342588042797012 0
3.877243149521392 0.1179521561762424 0
3.859371869633026 0.1044225666744825 0
3.858136117209879 0.0790772950182706 0
3.840462374780464 0.09369336526342931 0
3.840929744285714 0.1146705990800453 0
3.822124457147613 0.1039658718973188 0
3.82198766590486 0.08310332902230766 0
3.803259922846394 0.09440619424979757 0
3.804829864730031 0.1133616050836309 0
3.784689389248566 0.1042844929714775 0
3.785651780689708 0.08530473436544139 0
3.765754424394917 0.09489320706640625 0
3.76562396497599 0.1142932192478889 0
3.74639546904096 0.1052333869255327 0
3.746194427375833 0.08360504718428663 0
3.727443465027339 0.09465872455036539 0
3.726807440350107 0.1149752817052252 0
3.708556602787719 0.1054973677333224 0
3.708457345081678 0.08393462220393277 0
3.689717372048231 0.09502517656459392 0
3.689940080120084 0.1167572628698008 0
3.671028352310155 0.1061397258987539 0
3.671272716852746 0.1278539214486104 0
3.652358019510995 0.1172185061461916 0
3.652109619489546 0.09550703675798855 0
3.63344128581525 0.1065807388001918 0
3.633553616795094 0.1280113844937716 0
3.614794736776087 0.1176002187166758 0
3.614890062581692 0.1389789374270822 0
3.596192196373837 0.1286322709458191 0
3.596431207750463 0.1502287475614678 0
3.577641399780282 0.139693862820602 0
3.577886639572692 0.161280140028498 0
3.559119561744122 0.1507706227957142 0
3.55934816660966 0.1722981680282883 0
3.540591235672324 0.1618026628280841 0
3.540801686208829 0.1832899327107402 0
3.522035623607748 0.1727544257908746 0
3.522259786175752 0.1942641560052321 0
3.503507918652048 0.1837214875981467 0
3.503772469450411 0.2052336567158674 0
3.503248391837015 0.1622024086544184 0
3.522506234219531 0.2157663544008951 0
3.504033884644456 0.2267113204288563 0
3.52273064461402 0.2372297001569484 0
3.485291401446586 0.2162095493917819 0
3.504294620861831 0.2481629382928855 0
3.522980019542546 0.2586636495646315 0
3.558950536300101 0.1292928663488195 0
3.541409008407298 0.2477449024153843 0
3.541643122597641 0.2691626526614533 0
3.523229748118429 0.280072784151253 0
3.541874800559524 0.2905563512449647 0
3.523472072119934 0.3014584796341661 0
3.542105995271691 0.3119447413511015 0
3.48472219873508 0.1731867650786852 0
3.4844525769021 0.1516323131114168 0
3.465904814702101 0.1626360046121866 0
3.465641460113443 0.1410560993111849 0
3.484302488789216 0.130064954551394 0
3.447068598447414 0.1520732267842761 0
3.446809186659184 0.1304757621069159 0
3.447427151722752 0.1736517925991535 0
3.504841076143002 0.2909836845095894 0
3.578086832239634 0.1828682833502078 0
3.595964960957598 0.1071058453102842 0
3.561365040514327 0.3012453830772018 0
3.560858201299089 0.3224939317175498 0
3.542362447321973 0.3333285137369481 0
3.560982290824382 0.3438096190467793 0
3.579364920425008 0.3329614348412793 0
3.579576774521052 0.3542975107844016 0
3.59740808986723 0.3434293116808803 0
3.598119052398818 0.3648135395019295 0
3.42822347641123 0.1414997016629331 0
3.427965930245572 0.1198926362945355 0
3.446569272305195 0.1088509543309383 0
3.560074399785073 0.2582495473653832 0
3.61601422520945 0.3544557766160101 0
3.616747066045672 0.3754291678482568 0
3.598397366339481 0.3862388824432623 0
3.617052017452641 0.3967766239356664 0
3.635508704034319 0.3858911369189693 0
3.635729771588293 0.4073112023478219 0
3.654203642761469 0.3964171678605144 0
3.654418540438531 0.4178700551812765 0
3.67280997304507 0.4071199680916692 0
3.673096239725547 0.4284579994893989 0
3.694656735907624 0.4172138303403001 0
3.691798962046168 0.4389974682824802 0
3.673310757652882 0.4498984588529966 0
3.691984353581499 0.4604454120636936 0
3.710207650369635 0.4500318211426023 0
3.710616731346597 0.4710899028582324 0
3.728598852041186 0.461106927235261 0
3.729244429621208 0.4817671748646001 0
3.747226905745609 0.4717784540973648 0
3.747943399669809 0.4924021422292896 0
3.766412902544073 0.4814886582168194 0
3.766739307684643 0.5028522813624681 0
3.785211726105211 0.491875279616993 0
3.785433020935115 0.5133364717208656 0
3.803893824975719 0.5024270144877118 0
3.804064554414591 0.5238666170434125 0
3.785647265147149 0.5347344202916395 0
3.804258434471515 0.5452495228520363 0
3.822636099476175 0.5343972774040251 0
3.822834579388123 0.5557246192013651 0
3.841175000651922 0.5449169610318553 0
3.841433635565343 0.5662272121666527 0
3.859698976897058 0.5554143557396118 0
3.859983659474127 0.5767069864883365 0
3.877786906851876 0.5666125352570732 0
3.878339185391676 0.5872395912127298 0
3.896596087952533 0.578070932845596 0
3.896766818898943 0.597844772600294 0
3.87860332213699 0.608335459718979 0
3.896969480046506 0.6186894961392042 0
3.915134382684585 0.607969466592666 0
3.915293239109395 0.6290113785208443 0
3.933432700092205 0.6183507664588249 0
3.93357331567484 0.6393772660003114 0
3.915458857517007 0.6500278610709984 0
3.933626625455398 0.6603386638627499 0
3.951757742203126 0.6497851024480447 0
3.951951425717513 0.6707244310265544 0
3.933658782429457 0.6811818788459991 0
3.952032631084079 0.6915299832244824 0
3.969988978680323 0.6810367391313836 0
3.970086884364787 0.7017910981278627 0
3.952013018176812 0.7121769889745586 0
3.970162994210955 0.722430085208035 0
3.952185074319683 0.7327327300481787 0
3.970229477236084 0.7429071854149814 0
3.952247655669155 0.7531580286722874 0
3.970294432821758 0.7632150927155488 0
3.952359103685577 0.7734752919698353 0
3.970510597362054 0.7836388006493682 0
3.952904470625118 0.7937781115514095 0
3.970639710069285 0.8039466046045607 0
3.95296863211258 0.8142132179042554 0
3.970777570731812 0.8243381077185252 0
3.953017239401726 0.834729118430054 0
3.970988647134514 0.8449341062408188 0
3.953145426064012 0.8553666532961451 0
3.935162133494084 0.8451171324119163 0
3.988465633529279 0.8139863609781113 0
3.935273417944039 0.8658144622955726 0
3.917225019714185 0.8555363675710324 0
3.988435820940725 0.7532363019163113 0
3.971123893310569 0.8655883734611634 0
3.917327153777327 0.8763386485762451 0
3.899215545855245 0.866007249441509 0
3.988020185456333 0.6913802312618362 0
3.899312088443188 0.8869151833667146 0
3.881137563360208 0.876528365143362 0
3.933937780509842 0.7430698490455669 0
3.880979918795625 0.8557692921469731 0
3.862903995957882 0.8660889364978439 0
3.863015609987643 0.8870678104271992 0
3.844650564432726 0.8765464963462585 0
3.988983819827516 0.8551325464901647 0
3.98915533003054 0.8758055448119956 0
4.006989277449361 0.8651951429478383 0
3.878812042268473 0.62933310513329 0
3.916625566203129 0.8322874886630525 0
3.987954497878607 0.6705692510452695 0
3.97126048083686 0.8863493885763203 0
3.93520731807544 0.7837295415609389 0
3.823393484860206 0.5771485051931254 0
4.006009179481422 0.6809667217724025 0
3.917463568072224 0.8972758979740498 0
3.989416048106233 0.8966181827759743 0
3.844780700880347 0.8976446595220862 0
3.826446554601902 0.8871278885203351 0
3.427688764953594 0.09824237031232463 0
3.729612137638768 0.5031984947246096 0
3.97145768822752 0.907209324475444 0
4.005945116735992 0.6601147229334903 0
3.93328991310754 0.5972899887989278 0
3.951567959078688 0.6076956251751775 0
3.826524369267642 0.908297288958171 0
3.80819754006742 0.8977335345054213 0
3.808145739367534 0.8765803236368871 0
3.789875290515635 0.8871423255731776 0
3.789846040714941 0.9083674565912039 0
3.771446460940823 0.8977143241737024 0
3.633180883273262 0.0848597144478937 0
3.505084367170457 0.3123454921697648 0
3.486473454557852 0.3018809948143809 0
3.899375579927923 0.9079289665477912 0
3.877445777254594 0.5474789295755672 0
3.989614081445887 0.9174926135875718 0
4.007650666986514 0.9068614303308528 0
3.542581798576506 0.3546717360574326 0
3.764986396402435 0.4571712073661285 0
3.785871986363468 0.5560847188865276 0
4.024007864412242 0.6705093418321981 0
4.024067771966738 0.6913597458489226 0
3.862589764481474 0.8452510179133291 0
3.635957166131241 0.4287555211809751 0
3.841019071267897 0.52360530856179 0
3.728987232245649 0.4394877217909995 0
3.446347307250882 0.08717801325251312 0
3.789917348841388 0.8660086881192048 0
3.673512223383828 0.4713264937200417 0
3.86050468890314 0.6190155089828397 0
3.860685112172504 0.6399959625052675 0
3.767261172603416 0.5456031144005647 0
3.844832395600815 0.9188053664774622 0
3.689509113803954 0.07329101664968674 0
3.597763751812872 0.3220196347865303 0
3.917641012631783 0.9183644046744726 0
3.771405436954935 0.919028058234507 0
3.752933840315487 0.9083339055023036 0
3.753099576156768 0.8870419125637603 0
3.73449016809065 0.8975967358256314 0
3.73437028207943 0.9189964804593123 0
3.716090725377855 0.9077438609254432 0
3.715602993969296 0.8875012922129683 0
3.697295994355672 0.8973234455263486 0
3.598629491484723 0.4076359844865944 0
2.575313417342031 0.06871685760034729 0
2.125897413599709 0.8636990071074626 0
1.461256728423249 0.120380672330449 0
1.442970405021486 0.1088707822701651 0
1.444358552388731 0.08831371125712012 0
1.424813224320081 0.09761046214629271 0
1.42385061565521 0.1189971430690189 0
1.40553498769515 0.1074738226343332 0
1.406358768923664 0.08694696693015191 0
1.387102167754982 0.09613163226665089 0
1.386323845582017 0.1175845423164016 0
1.36796776699969 0.1060349951359211 0
1.368017023769551 0.08560794684271877 0
1.349490738923873 0.09463788033825082 0
1.348752304000695 0.1161552416281544 0
1.330393522450069 0.1045840540990154 0
1.33123207994017 0.08288040033189015 0
1.312041255246136 0.09298416239645824 0
1.31121383874118 0.1146788090240045 0
1.292843053105198 0.1031108982647545 0
1.292023204145346 0.1248037518931813 0
1.273646393746962 0.11324504040491 0
1.274464052152337 0.09154055695504737 0
1.255250999041247 0.1016875164953066 0
1.25612188641886 0.08006441522057384 0
1.23686169192794 0.09013781236103935 0
1.236038137889368 0.1118407275172825 0
1.217641946022095 0.1002802841762604 0
1.216828123835375 0.1219871185686541 0
1.198431717529446 0.1104296262953557 0
1.199803256535361 0.0897831445723436 0
1.180175545753792 0.09914992718793114 0
1.312877227675714 0.07126421845704706 0
3.618110506948752 0.1625872801043094 0
1.179227004910906 0.1206560279534665 0
1.160839185727679 0.1091037873320912 0
1.162290541087301 0.08844710111667176 0
1.142571460324438 0.09776730615369511 0
1.141632722798783 0.1192727605694852 0
1.123237468583691 0.1077160735506595 0
1.123786249914823 0.08714671405744617 0
1.104630594338141 0.09653887560575092 0
1.103983706534707 0.1179097038887393 0
1.085554908699941 0.1063798683453526 0
1.086209674916433 0.08486753008882592 0
1.067127936236222 0.09482198982848006 0
1.067553908899124 0.07366147964628256 0
1.048664595365163 0.08333410291265525 0
1.047934043222007 0.1049762910828083 0
1.02951497813055 0.09343515510674505 0
1.028749590964471 0.115136876858707 0
1.010325022520238 0.1036042092396467 0
1.011103046040881 0.08187809052606793 0
0.9919027155639131 0.09207457701207755 0
0.991131449695883 0.1137911787037512 0
0.9727125519153774 0.1022712918771672 0
0.9719453418339765 0.1239782092894205 0
0.9535176507004275 0.1124446946476049 0
0.9542910247380623 0.09075280667893681 0
0.9351030959761879 0.1009224905368058 0
3.697322634071712 0.9220303610299567 0
3.678516187252248 0.9079326914034287 0
3.679500346705072 0.8877172772967387 0
3.660132972713904 0.897414541217145 0
3.657695951473772 0.9217902077167515 0
3.641037954573705 0.9076279903355902 0
3.642189794622865 0.8873954819563494 0
3.6226005024551 0.8970184698942434 0
3.622149202596654 0.9177405143245541 0
3.603848492058018 0.9067086705941754 0
3.603356252332517 0.8865654116417809 0
3.584778105282163 0.8963530841216411 0
3.584581916504444 0.9180097450993905 0
3.56586482026951 0.9070013055152427 0
3.566056220537217 0.8852697104024119 0
3.547143174761257 0.8959608936212252 0
3.546951122670265 0.917698128011683 0
3.528221328634082 0.9066628464978193 0
3.528417530024825 0.8849210473481006 0
3.509490154068398 0.8956235153065695 0
3.50968743184406 0.8738816186773442 0
3.490945027902674 0.8849133995131468 0
3.490592201699761 0.9063838647181932 0
3.472047544430872 0.8956799969145474 0
3.47166886490777 0.9171116717412933 0
3.452929979476774 0.9060666891262116 0
3.453085035777919 0.8842334182657665 0
3.434151480556034 0.894947716128199 0
3.433945408094485 0.9166930946363214 0
3.414970769674371 0.9052311761430747 0
3.415365735822881 0.8838165732695722 0
3.396415806759389 0.8945083108047653 0
3.395632402813074 0.9152387674344367 0
3.377404206059135 0.9050928090792899 0
3.377693700734264 0.8834874573708067 0
3.358749852876262 0.8941929298620412 0
3.35854677352719 0.915954478904532 0
3.33981656746042 0.9049213891310913 0
3.339389105897124 0.9262896438476218 0
3.321173746493831 0.9149941188320447 0
3.32112919514248 0.8937659623795309 0
3.302528944407333 0.9038778728739596 0
3.302415058785362 0.8826830191932984 0
3.283470930499932 0.8933776473083332 0
3.284967437141381 0.9181906390109623 0
3.264752681268097 0.9046752965717839 0
3.264719034732658 0.8825111510250762 0
3.245767101244936 0.8932435999647296 0
3.24555507779957 0.9149972361604208 0
3.22679257111334 0.9038657983859477 0
3.226976230452851 0.8821074416818053 0
3.208075273060323 0.892816121251275 0
3.207871159331325 0.9144992539539568 0
3.189226686740117 0.9034572861800865 0
3.189377197418337 0.881856806302993 0
3.170598612766319 0.8925033236237638 0
3.170431924671484 0.9140432694728474 0
3.151867372031576 0.9030939749707101 0
3.152011294167644 0.8816235105110191 0
3.133330622520068 0.8922003958365516 0
3.133147149222264 0.9136755383747601 0
3.114653815111976 0.9027385880437349 0
3.114849340397521 0.8813003767811619 0
3.096205770935367 0.8918218126480549 0
3.096436499789303 0.8704447563419098 0
3.077815527327419 0.8809348681820873 0
3.077517754180302 0.9023298467801766 0
3.059160884637989 0.8914045873252412 0
3.059428491462802 0.8700589595045285 0
3.040813468564413 0.8805147290938643 0
3.041065251244545 0.8592012406554524 0
3.022491032706148 0.8696275010018182 0
3.022732972338152 0.8483352811150923 0
3.004190158307487 0.8587585922455799 0
3.004441535437287 0.8375050785271948 0
2.985932424323844 0.8479119141833257 0
2.985660609100052 0.8691433763887935 0
2.967395506555979 0.8583051776332025 0
2.986181771243254 0.8266889301377374 0
2.967121288618138 0.8795697762762074 0
2.948820605532665 0.868702259196095 0
2.948554172219284 0.8899982250118539 0
2.930252459786664 0.8791493957895347 0
3.040667199482648 0.9016381128318728 0
2.949151904307841 0.8474525626875882 0
3.004655732256893 0.8162915702507514 0
2.986451021578251 0.8054992456052005 0
2.929990540425297 0.9004190879804346 0
2.911699489674829 0.8895784090940171 0
2.967251072856156 0.9001256339817112 0
2.911090741530489 0.9101814433713993 0
2.893151774063077 0.8998559989156809 0
2.893441166086331 0.8787867141691337 0
2.875012522770358 0.8891226392608023 0
2.87501610774849 0.8685063655749694 0
2.856882538745585 0.8784682349000326 0
2.856673602810468 0.8993944055360426 0
2.838616425259177 0.8886764848333255 0
3.004890224051981 0.7951402833407725 0
2.986701071771744 0.7843650303748829 0
2.968273127243917 0.7947041866295836 0
2.968673657398722 0.7738460555001978 0
2.987313559860727 0.7632825805687702 0
2.969319564788828 0.7527705502853331 0
2.987701447402645 0.7421512172412625 0
2.969478110020912 0.7313516940348952 0
2.987645882452501 0.7209045015315579 0
2.969313167752015 0.7100675441908419 0
2.987805705848293 0.69961918149711 0
2.970140687385582 0.6887566419007447 0
2.988157033369928 0.6782848381357234 0
2.970472985970166 0.66738680774798 0
2.988449268862841 0.6568962504505116 0
2.971102947643784 0.6459841630421974 0
2.988787000799503 0.6354758499971256 0
2.972156184297861 0.6245599059752323 0
2.988903042710643 0.6140308146584956 0
2.971450622523102 0.6030973183599188 0
2.988915900938391 0.5924643851192882 0
2.970685528327959 0.5815972422212444 0
2.989255451431074 0.5709758022060228 0
2.970730393802688 0.56011468842902 0
2.989353029100832 0.5498304096043021 0
2.9709993945644 0.5386987130885232 0
2.989582208188792 0.5282147109441709 0
2.971221277332266 0.5171949892315917 0
2.98992314981834 0.5065031596604352 0
2.971437379309887 0.4956655743217588 0
2.989921723521416 0.4851446173332721 0
2.971716433192193 0.474205466416328 0
2.990000625879584 0.463445784605761 0
2.971943600775512 0.452676325651123 0
2.990582285206919 0.4419205175676183 0
2.972222504286655 0.4311680265033273 0
2.991027107744576 0.420661040334503 0
2.972554442614577 0.4097299530101455 0
2.991323951711185 0.3992192228851933 0
2.972857793602873 0.3882726571618931 0
2.991590264720934 0.3777449381354623 0
2.973116081665431 0.3667821094315568 0
2.991843501798121 0.3562625701259228 0
2.973371745780112 0.3453048140356975 0
2.992094679037697 0.3347857605476724 0
2.973631926322431 0.3238317854986423 0
2.992339184577945 0.3133175087268367 0
2.973884326584677 0.3023674986988328 0
2.992584955540252 0.2918593921675774 0
2.838344368426881 0.9095788681223622 0
2.820364528654301 0.8988459849098986 0
2.950287892416228 0.7842287424718684 0
2.893568035728548 0.8549952359386764 0
2.892716118190796 0.9208134371925885 0
2.974140395189471 0.2809353019410094 0
2.992826572246871 0.27042636986059 0
3.006654515856527 0.6251936445855876 0
2.820604690662481 0.8780355825605319 0
2.802398763712442 0.8882087969654179 0
2.802080655220418 0.9088409088407268 0
2.78427888796163 0.8980919183610578 0
2.784644328639594 0.8776271826264703 0
2.766781632163048 0.8875772171890467 0
2.766272649832974 0.9079208748541148 0
2.748953164799376 0.8974247038308856 0
2.748508193572185 0.9176555085432669 0
2.731314470613714 0.9070811667027847 0
2.731798480447422 0.8871538762808368 0
2.714245164592987 0.8967087545019934 0
2.713911306458316 0.9165008728162938 0
2.714707778960003 0.877062544310978 0
3.007216800447145 0.5608177504415893 0
2.954921992343405 0.3343536326620522 0
3.007552687537423 0.4958634521480794 0
2.928549445672792 0.9197646108855689 0
3.0086883416116 0.4314625881831072 0
2.954095709339282 0.3987444317482845 0
2.857147516603233 0.8537477019958004 0
4.804465044824237 0.1285874197672422 0
3.580008430798496 0.3970850105733752 0
3.672693471666225 0.3854858070765471 0
2.502274542569896 0.07122455292314828 0
1.74193995797798 0.2713677063125893 0
2.318060002488917 0.2713677768922897 0
2.003189792756524 0.91012882790719 0
1.992955149764977 0.9264787399517052 0
1.98396436817397 0.9093947203481383 0
1.973685906070009 0.925684662598622 0
1.845547731386999 0.581829072371926 0
2.213426484923895 0.5811249431784428 0
3.011279513953348 0.2813536840968115 0
2.869785187040685 0.07976716057725602 0
2.951724879889501 0.7206915522413846 0
4.328231681431387 0.02023481958417128 0
4.681045158794873 0.1295210432492833 0
2.95322802448564 0.4631932112086544 0
2.050241820196002 0.9280364797593318 0
4.103840312680639 0.07065150356081784 0
1.76959143483612 0.5337297793027896 0
2.290390356172101 0.533767672644438 0
3.528029969237558 0.9284048484593148 0
3.023081668996455 0.8058948434692694 0
3.842435960512026 0.6297018292858654 0
1.084799300588375 0.1280347946559805 0
0.6296870084999437 0.02864896283979451 0
0.6286749129232656 0.9711919159776295 0
5.149181195515737 0.6274790520818069 0
1.935128895240157 0.7266743205649124 0
2.952487623355586 0.5276781288772442 0
2.947782502511167 0.2267433614685079 0
0.02990429753231005 0.9700957024676933 0
2.661518583325162 0.9685366491844754 0
0.9358779848479939 0.07924219536900379 0
0.9167137416576403 0.08944582315842675 0
0.9159416880174982 0.1110809080607228 0
0.8975917132971365 0.09963379890618074 0
0.896834869429965 0.1212514380322153 0
0.8785443223527534 0.1098019326899463 0
0.8796683020490601 0.08868534189924282 0
0.8602289115553483 0.09835310439289208 0
0.8595475284433567 0.1199161785779505 0
0.8412882260457479 0.1084943653414011 0
0.8413870417055325 0.08762870849353521 0
0.8229662507061759 0.09721409675178716 0
0.8223789131397565 0.1185979922868102 0
0.8041449347820175 0.1072593818957118 0
0.8034939174541877 0.1286147045009476 0
0.7853538039245347 0.1173459974463282 0
0.7846306666034872 0.1386228761316189 0
0.7666182262787473 0.1273956177444071 0
0.7659238249294857 0.1485558883211939 0
0.7479735190438028 0.1373978573314942 0
0.7472623851315974 0.1584431364318293 0
0.7294123515264785 0.1473575075900818 0
0.7286994821005863 0.1683038888440369 0
0.7300923894595628 0.1263854136126355 0
0.7109342950864879 0.1572716615446278 0
0.7102255198454621 0.1781758993369205 0
0.7279155526630154 0.1891833429531572 0
0.7096241160008241 0.1989820577430427 0
0.7270311216663121 0.2098923315534929 0
0.7090585783633867 0.2195065361572057 0
0.7672952026789939 0.1062140974889301 0
0.7258083147371965 0.2302378689512051 0
0.708440555733949 0.2396375256718496 0
0.7248509930311422 0.2501587147343941 0
0.707871078693181 0.2593696489306418 0
0.7243164052259115 0.2697071294055188 0
0.7074403817067507 0.2788318266854038 0
0.7236273042573924 0.2890653580085387 0
0.7067016517616871 0.2981347639665499 0
0.7229764521636666 0.3082974906206739 0
0.7059275666151263 0.3174656514538949 0
0.7224143462158712 0.3277209823843369 0
0.7051120537876394 0.3370581262475981 0
0.7218579985978422 0.3476008407379303 0
0.7041335469988472 0.3570037485399587 0
0.7212536618399072 0.3677263560320553 0
0.7033033223812908 0.3772461595851059 0
0.7198830948009463 0.3880180982478269 0
0.7023939100050094 0.3976846167453868 0
0.7221721841779105 0.4097344677147502 0
0.7021176972712171 0.4184512331089883 0
0.7192754344048626 0.4291634072861712 0
0.7015204368793102 0.4389274591142966 0
0.7186590088490059 0.4498337458124954 0
0.7010371265907598 0.4595797804258667 0
0.7180124931087422 0.4705199560661193 0
0.6999383302613515 0.4802624206579363 0
0.7172571831484513 0.4912336866890437 0
0.7344645689998028 0.4802818658433144 0
0.6984617014103947 0.5009395399863096 0
0.681020011943525 0.4891089373882759 0
0.7160989640568769 0.5119603772573404 0
0.697490214811769 0.5216635931162538 0
0.7152809993559288 0.5327283014965315 0
0.6971752425191682 0.5424886617602778 0
0.714938500939085 0.5535383998755791 0
0.6966355962733144 0.5633383900119274 0
0.7142797173880036 0.5743459390948368 0
0.6790291879939678 0.552303165717683 0
0.7321475913116491 0.5444726651758411 0
0.6960176187915217 0.5841182990158877 0
0.7137668087775575 0.5950684264178012 0
0.6954816865334168 0.6046703001374019 0
0.7127101602410071 0.6155622587772233 0
0.6948460508182357 0.6249372465290056 0
0.7112843727349549 0.6355307913052906 0
0.6931033162223921 0.6454834954898463 0
0.7101728301132808 0.6553902663569654 0
0.6923736690837068 0.6654943845014633 0
0.7086463211357055 0.6750012639817053 0
0.6842976930192528 0.4280070732146378 0
0.6925934030233067 0.6843877967363081 0
0.7079303438986493 0.6943329729149749 0
0.6919268736753239 0.7034384171600351 0
0.708334620876893 0.7136757814978693 0
0.6907943665919629 0.7227227411299239 0
0.7078736605413889 0.7331748216049848 0
0.6899248542822765 0.7423631268183024 0
0.7073906787103463 0.7530215671551344 0
0.6889260559489649 0.7624060870057222 0
0.7067928502590464 0.773134330423639 0
0.7368289051684882 0.4400954839637333 0
0.6881034126569388 0.7826346863945396 0
0.7061574696269366 0.7934436082883918 0
0.687950638827965 0.8031132988790324 0
0.7056292080568902 0.8139628128512513 0
0.6871236561633722 0.8237470462270933 0
0.7049262455384249 0.8346686462311207 0
0.7237229738769795 0.8243172428477665 0
0.7228138238920523 0.8455446159539087 0
0.7042526092227661 0.8554751478000168 0
0.7220684147932581 0.8665445948750489 0
0.7406355700458402 0.856640799425609 0
0.7399326793376073 0.8777212118543213 0
0.7585972066370759 0.8677365451615956 0
0.7035446914795283 0.8764133421509408 0
0.7579185389293939 0.8888865857201973 0
0.7766543957915319 0.8788956096902372 0
0.6851226607600305 0.386849828558814 0
0.691547766809629 0.24911282043738 0
0.7393535149577448 0.8987320573029831 0
0.6784410598975179 0.5939299503470797 0
0.7760634313508172 0.9000070907675355 0
0.7947647130262689 0.8901179241668198 0
0.7227830596521188 0.7837798963782177 0
0.6896242169654718 0.3077472545794959 0
0.7283706985806337 0.6265918135517863 0
0.7954298418180783 0.8688222313074172 0
0.8135763019740896 0.8800443883735143 0
0.8129083662336125 0.9014446279938731 0
0.8318214879946846 0.8912803221912704 0
0.6925314011864279 0.1671634037461584 0
0.6931788161196615 0.1462675703024764 0
0.7317897889831866 0.5853596383358902 0
0.692559265043194 0.2082064975067653 0
0.7256651215710415 0.7031449886130136 0
0.6872300141398919 0.3463245616842757 0
0.8311805761433988 0.9127894604379013 0
0.8501460508591385 0.9025566602152902 0
0.7235579690907814 0.7437293888819148 0
0.7361920617381172 0.380159970774857 0
0.6737744948265947 0.6943536800016705 0
0.8048546328446387 0.08602155862693517 0
0.6706895427060204 0.7513653321807063 0
0.7592174732384687 0.8467205270767362 0
0.6857340857089231 0.8653056213510613 0
0.6849921356398598 0.8862594147869035 0
0.8500910276229838 0.8805890264634961 0
0.8687348215006221 0.8927230906053197 0
0.8685043150865626 0.9138090532913028 0
0.8878017802500922 0.903289592609511 0
0.8879635018352046 0.8826998980141719 0
0.9063634659917508 0.8939066852920888 0
0.6772382186428954 0.634419446306002 0
0.9068910118617635 0.9139062273107406 0
0.9254105802701225 0.9044752684640689 0
0.9245219757863583 0.8798931016696323 0
0.9443676380835841 0.8935502500939604 0
0.7467838865980128 0.2214327012621912 0
0.9454443080079593 0.9140905299131421 0
0.9634185047392809 0.9051690515945547 0
0.9632785376929975 0.8842316918546547 0
0.9824472163343962 0.8949752091380213 0
0.9824436778005368 0.9164464686912883 0
1.001010872375516 0.9057510269313676 0
1.001705099840204 0.8842807960686003 0
1.020429906171113 0.8956839918067335 0
0.7267161587898372 0.6669199817416848 0
0.7398784918049588 0.2991127165050079 0
1.018885685191483 0.9208739086907162 0
1.0390413913367 0.9073121581071034 0
1.039692282368591 0.8852682577947306 0
1.058430214961578 0.8967111763025166 0
1.059169878816089 0.9214933283415403 0
1.077207374159354 0.9081157372580695 0
1.077721073578253 0.8861712373814352 0
1.096472413751282 0.8975868952006968 0
1.096355726716535 0.9188831958002888 0
1.115289789750682 0.9088964105039223 0
1.115747615016215 0.8870375560180646 0
1.134500680226987 0.8984506041366485 0
1.134997279478649 0.876522676340158 0
1.153753295225191 0.8879338419876842 0
1.153244349950031 0.9098850159403643 0
1.172509013889503 0.8993510737247959 0
1.172165858541926 0.9210345530568129 0
1.191295349171936 0.910723430751688 0
1.19177951661095 0.8888072319439075 0
1.210538765563084 0.9002208734295568 0
1.211039891049253 0.8782768189553156 0
1.229798442300515 0.8896902720373153 0
1.229292798405337 0.9116436214439334 0
1.2485594519676 0.9011042981289346 0
1.248127066826408 0.9228976815564687 0
1.267324357785093 0.9125188484081973 0
1.267826340473458 0.8905632104894643 0
1.286605716048111 0.9020067035216852 0
1.287105664248425 0.8800274112984597 0
1.305870121878107 0.8914381625747496 0
1.305460837069616 0.9134832222604936 0
1.324685039901154 0.9028821621471153 0
1.325138955335322 0.8809316016345944 0
1.343786879963793 0.8923803633010954 0
1.343481355748642 0.914114975761552 0
1.36233257924183 0.9035640345119282 0
1.362876073509441 0.8821778661470649 0
1.38105969708776 0.893511693665046 0
1.380624758879358 0.914275911406993 0
1.39897358548766 0.904183232711 0
1.399498941669187 0.8836142380435719 0
1.416953871385293 0.8944330354649027 0
1.41653657974659 0.9147326537842686 0
1.114787279570366 0.9308340406194937 0
1.417537999533487 0.8739820739450369 0
0.8121773597085604 0.9229674684640721 0
4.010264850829183 0.9737667296289549 0
3.95128797452626 0.5854304053556882 0
3.969662814078492 0.5968741299077597 0
1.469698252856757 0.9679552062889526 0
4.738943009912632 0.1275702709199768 0
0.6746784973040549 0.1561294585085571 0
0.6752160316974973 0.1352349088609373 0
3.050095702467692 0.02990429753230794 0
2.176706867207121 0.5616463137138208 0
1.882039598175327 0.5591099331640422 0
2.951004179872374 0.5940845039056525 0
2.871742034348541 0.1434997649052675 0
2.697008869786824 0.9063372880406311 0
3.409383584324107 0.1309287467688368 0
3.409644812644826 0.1525217836794399 0
1.927412379770655 0.8615336201845424 0
1.936392910083969 0.877786977032102 0
5.096804094947036 0.6114241333938518 0
2.263747670905716 0.2250597838009366 0
2.262505207150396 0.2051170425470359 0
1.79625232034641 0.2250597680601182 0
1.797494789659096 0.2051170368076553 0
2.696469976338921 0.9258027621122156 0
4.805153356740052 0.867962358152965 0
2.955038668876763 0.6542820903378656 0
4.775316081453599 0.9237538057657397 0
4.734272251652926 0.9250507095825996 0
2.777626208454867 0.07187447876042513 0
4.817435568966975 0.9244339365029963 0
3.00571042982223 0.7317394240510017 0
2.54086598991902 0.1368532434398008 0
2.114032952748619 0.7476899920493347 0
4.488643071817854 0.7994960887579806 0
3.427413812860917 0.07655349931918787 0
3.408759923509632 0.0876318726713165 0
4.762525845278029 0.8712002052741067 0
4.530828399462893 0.9081210002845194 0
3.803726142451445 0.4809451091674259 0
3.358978023326324 0.872473988095708 0
0.992671144922302 0.0703391791651129 0
3.826577794773751 0.9295479155962751 0
5.028129683700448 0.770054769039878 0
5.14959242337454 0.3390905510651246 0
3.011312077870452 0.2602653715091799 0
3.114424229726524 0.92423384855352 0
4.705552930373542 0.8673606490961792 0
1.434220281214163 0.9051331223077972 0
1.43380292117771 0.9252533222809138 0
3.059689664120646 0.8487558911282266 0
4.640627592281767 0.8678690493982573 0
1.556109451765848 0.07071753191698177 0
4.836831307726705 0.0754328595109956 0
4.028129388888114 0.07169961468119534 0
4.989481317134236 0.1980084728579933 0
4.404564387855025 0.9085272101471215 0
4.292163767291814 0.07030502443375763 0
4.460278999514811 0.7052460473411039 0
1.191265674987261 0.9333314322321 0
4.456610169960321 0.07274733061333971 0
4.435362976420034 0.0731032964693305 0
4.478059152829108 0.07273656358461217 0
4.460391065684389 0.6407217761139268 0
0.8041996822918656 0.1515315424555773 0
2.767176922694778 0.867330849617689 0
2.177289017688712 0.5825152517056594 0
4.460436874961005 0.5761333847428185 0
2.292068572162683 0.1229940218592762 0
4.40518559148857 0.7375692973661168 0
4.46039476250016 0.5115457691568639 0
1.767977133992803 0.122843667574807 0
4.989697034411348 0.8038844194052485 0
0.8129529308471428 0.8544446191412711 0
4.460375417807999 0.4469774826815406 0
4.460239056135954 0.2749078009173699 0
4.460354459080747 0.3824204819472996 0
4.386016957530964 0.2321221161751215 0
0.6698685871528025 0.7921222566987118 0
4.499344139953322 0.9265474282966404 0
4.478267494957263 0.926650531434225 0
2.955472372929232 0.291423100889647 0
4.460328253205672 0.3178927580850177 0
3.767479445832784 0.5669433297409334 0
3.559842853955922 0.2368276386698909 0
3.57881415954806 0.247446658502428 0
3.006178016504813 0.6891830750697595 0
2.106526303099646 0.9304831644698588 0
0.9527334729851975 0.1341070484516375 0
4.404643100963185 0.3073786960091356 0
4.614680208650459 0.1286355987606861 0
4.560504262770612 0.0742619336136609 0
5.009774594878698 0.1308629424409918 0
5.076707125848349 0.6838565642409807 0
3.971580411885609 0.9277586169676169 0
2.275039574319876 0.1341264954373332 0
4.441556332111753 0.2000124532891314 0
4.46002914643855 0.2106563631432106 0
1.785026897753773 0.1339940091193024 0
1.918452688092426 0.8445522767725067 0
4.603790975113225 0.07427368967096498 0
1.784871536196092 0.4232583902139922 0
2.275132341397756 0.4232571449155977 0
3.023301182039428 0.7844247915807454 0
4.646741371862031 0.07399376944168479 0
1.909276223918376 0.6336813078368738 0
1.899615692214207 0.6145825893704792 0
2.929294359547842 0.2169660075050315 0
2.765885968007862 0.9283762511565088 0
2.747996534079364 0.9379475106279895 0
5.159952964231686 0.3570194558607663 0
4.41492546900299 0.9271183124108651 0
4.561620213732533 0.1465003319092336 0
4.023976187810202 0.6496171212042599 0
4.005843584199985 0.6392147032330928 0
4.329772306166525 0.1354230917982082 0
3.856075784583024 0.7507195266947015 0
3.868412356490626 0.7661212712148312 0
3.875667592841891 0.7474386865922842 0
3.861415573646631 0.7849425808957435 0
3.881295545550042 0.7817607705301977 0
4.076113442442479 0.942973558918936 0
3.899905911006583 0.9282615516055032 0
0.7645318479635856 0.1693099321341136 0
3.808115528469333 0.8555035139200754 0
3.132964866927456 0.9351982062982795 0
4.878871376455074 0.8540183527518133 0
3.645225330806962 0.2085545548097749 0
4.393661097465364 0.8906432559004992 0
2.19160101531089 0.4741963622618973 0
1.868400779298172 0.474195682595361 0
1.47952608882465 0.1318753183415233 0
1.416066208993467 0.9351322946800661 0
0.7387258111463058 0.3374939910149427 0
3.486719670953433 0.3232177849464698 0
3.468123445225817 0.3127630991364727 0
3.467868008561044 0.2914352012295898 0
3.632344526355713 0.2447027090143133 0
2.504117077657429 0.1332380683306472 0
2.144125493753272 0.8318893936007823 0
1.27282573095882 0.1349375078700671 0
4.404607454499287 0.1570889799518047 0
4.878138050001832 0.07477261270311331 0
3.790377653874888 0.8457321989241959 0
1.154258615247844 0.8659921330967395 0
2.909138931250306 0.1635970061884151 0
4.042079020071786 0.6809073624515256 0
4.042069337489275 0.701738958862433 0
4.024174070422204 0.7121828370685096 0
4.042136368118229 0.7224920761867961 0
4.442704802612337 0.78064313225465 0
3.748889664824535 0.5564755699493914 0
1.935214639397359 0.4385779784616979 0
1.936592411034747 0.4198433594790424 0
2.124852653532407 0.4386701944240757 0
2.123780013875569 0.4174833341512201 0
3.842677452774144 0.6506414798977039 0
3.860853371764294 0.6609148332135615 0
3.490823237970839 0.8643481728492984 0
4.858650871259528 0.8538062505714386 0
2.106486888178761 0.7991901839364856 0
0.7405544242200155 0.2611263462763891 0
4.007852791830553 0.9278042501218926 0
4.025905424742849 0.9171019420187263 0
1.907863663899245 0.8609419661730811 0
0.6672119573443762 0.8751174146736759 0
0.6664143972259446 0.8961071333357093 0
0.6842595105069365 0.9072855518439236 0
0.6656140151869725 0.9171675582961109 0
0.6835186073104267 0.9283983309005666 0
3.01008636638101 0.3887080703949005 0
4.066307452263795 0.1360670706800783 0
2.184434364580098 0.691809830257811 0
1.268334161686156 0.8686126149237308 0
3.010578054819336 0.345739300314298 0
4.060031805922296 0.7121080668379524 0
4.059990758402723 0.7327985963943529 0
4.042174279100879 0.7431367881137334 0
4.059913741086241 0.7533473983998999 0
4.042242296567351 0.7635365762347384 0
4.059853798415926 0.7736897095034423 0
4.04209983105748 0.7837917588597304 0
4.05975321482746 0.7938696407898878 0
4.042075093408146 0.8039036548361667 0
4.05971770986434 0.8139588628522347 0
4.042292065413831 0.8240084324780218 0
4.059761384376742 0.8340288398909372 0
3.580224532232821 0.418490162751305 0
4.436090928204282 0.1090207565131957 0
1.482045821249346 0.06724743600877525 0
2.816280681376241 0.1344218363111409 0
2.798527450564432 0.1455312508958372 0
1.724591387866359 0.2605497933489401 0
2.335408599928119 0.2605498151524464 0
1.267728392107498 0.933535398361215 0
4.950245949080927 0.09377748644191336 0
4.97063873909752 0.09425698435463942 0
1.238548521101341 0.06929058508649744 0
4.459195610625673 0.7482028665178828 0
4.598707113892772 0.8673457551240735 0
1.88154938068792 0.7456903315540272 0
1.553622109601168 0.1343903476793351 0
4.467342645746426 0.05410472443936837 0
1.423090672271836 0.4228980045355485 0
3.619053639026095 0.2642191090445402 0
3.391090022903902 0.1419532794162844 0
3.690172390076008 0.1385010425880323 0
5.029443611226227 0.1311763131259697 0
5.060219308797343 0.2841016145209308 0
4.02392608279554 0.6286733356666714 0
3.390687849200787 0.1636500482594418 0
0.9162258030969046 0.06867202597470462 0
4.596856559414379 0.9404117923417784 0
4.578779362825154 0.9399907108732701 0
4.254575358628794 0.135510235923204 0
4.618661966457434 0.9401894187873177 0
3.3193679944548 0.9387256838633427 0
3.019821992254868 0.1609758292346716 0
4.541270317407911 0.8898427736151673 0
1.866673233273005 0.6677199514552841 0
1.952615963943475 0.4300064584680716 0
1.953993701775185 0.41080673673415 0
1.97038402861669 0.4212414455722142 0
1.972018725925495 0.4021484623092349 0
1.957981645728038 0.390710883335582 0
1.988490837906185 0.4123640120444982 0
1.990149612289096 0.3930023211354133 0
2.00702285835752 0.403809139389513 0
2.008246625508217 0.3833506781799149 0
2.025438576337179 0.3945354071829348 0
2.026330627521784 0.3743825615222969 0
2.04377185951245 0.3853366202721025 0
2.042247080988999 0.4047012968643956 0
2.060410761023558 0.3952859708158032 0
2.061976997583622 0.3758987279288984 0
2.078866757044005 0.3866141959615089 0
1.992646306034865 0.3733810039448019 0
2.075927273811193 0.4076576660323185 0
2.08041853508933 0.3674119560033469 0
2.096877712642279 0.3775727555648604 0
2.098152305748727 0.3579258523575902 0
2.114632358005911 0.3687313802701878 0
2.114933799699484 0.3486395374158642 0
2.131869871320778 0.3597570968643093 0
2.003984259016724 0.4259184727414925 0
2.021578900510256 0.9444225882727351 0
0.9903690645129981 0.135491686181367 0
3.873404263734107 0.8015695078852441 0
3.851586803845442 0.802278685031159 0
3.894130687661787 0.7976546285018348 0
2.758867523487266 0.06177772985681673 0
3.020884093019958 0.1821582233415088 0
1.40005483367029 0.8630971784288083 0
2.258268220347968 0.0592941651919261 0
1.801731779652032 0.05929416519192582 0
0.6648095986688276 0.9382645574201798 0
1.534819403263196 0.1443244528282506 0
3.408478430499906 0.06593349365997214 0
1.92853041107223 0.6719279859650359 0
2.161065324498743 0.9406783660004714 0
1.903144782796191 0.941009001428132 0
4.414732348279126 0.8167478064048066 0
4.393473779917021 0.8167047651699826 0
0.7885505240286739 0.7781374252319487 0
0.783706232466717 0.8000988787355909 0
0.7782879350666301 0.7595324654773568 0
0.5726006066558338 0.5887388333580691 0
0.5939594083538586 0.5814917018243565 0
0.5779370987014121 0.5672043875164003 0
0.596870860311242 0.5607110132314792 0
0.5807574126213411 0.5473831540512925 0
0.5997339037639835 0.5396010590480592 0
0.583904346581078 0.5268518751118817 0
0.6031539563421568 0.5189150139536198 0
0.587240436271089 0.506386712263133 0
0.568495998830195 0.5137261183196804 0
0.6066625159927721 0.4988393134698141 0
0.5906455987259591 0.48580587925622 0
0.6099993096775211 0.4783575955484282 0
0.5948208594810263 0.4653821783282643 0
0.5733206228584191 0.4702551977355645 0
0.613202343882163 0.4581084828440307 0
0.6143189843581862 0.5737109164264267 0
0.6218070653076142 0.5112912956623629 0
0.629428092480292 0.4709655996214703 0
0.6314035327550427 0.451711001444831 0
0.5617736374128619 0.5544861886459427 0
0.5993722339811678 0.4458107285896212 0
0.7891863474598753 0.3806763409248691 0
0.7841669661751363 0.4021663997213243 0
0.797587294472915 0.4157235779776497 0
0.7791168610906711 0.3604680700376962 0
0.7785422437507303 0.4213887505845498 0
0.7931934701621608 0.4360647238653861 0
0.7896914997635864 0.6243159275821755 0
0.7815155951925876 0.6060562550411301 0
0.7909558172783502 0.5874201774671894 0
2.857823486530665 0.8122925758777051 0
0.223844901499421 0.4095716893372877 0
0.2058246426920936 0.4191933464852762 0
0.1870373682124433 0.4090364990766458 0
0.1880080836802303 0.4296205688169822 0
0.2063746185620214 0.439954338949846 0
0.1886167853286516 0.4507077988591753 0
0.1702927354776307 0.4410219690425894 0
0.1707697144038329 0.4618306615283845 0
0.152313439973967 0.4520590611231788 0
0.1528222039551363 0.4729800831264524 0
0.2071260412280913 0.4606599938347695 0
0.1341632699114896 0.4629425068477772 0
0.1347994317359071 0.4840911309958412 0
0.1335004287682824 0.4419800416873404 0
0.1534680799191741 0.4941133320514127 0
0.1354491743184552 0.5052680337992902 0
0.1154287720692437 0.4528363245601876 0
0.1146187505000165 0.4316105673664897 0
0.1541546806314216 0.5153375331942948 0
0.1361276379692722 0.5264901440724505 0
0.1173870590044275 0.5164502297369964 0
0.1180734717196716 0.537701155854175 0
0.1368242567770181 0.5477334630644967 0
0.1187720594448831 0.5589596768251177 0
0.09929561276653276 0.527656834088791 0
0.1375394132693479 0.5689525949763732 0
0.1194932661195671 0.5802138844623105 0
0.1006800254005022 0.5701949289718018 0
0.1013983633314068 0.5915073965839533 0
0.1202211874668855 0.6015113904708357 0
0.1021347808322592 0.6128183950185904 0
0.1555432615440102 0.5577488576851711 0
0.09663043202031618 0.4427390047372251 0
0.0959820487925227 0.4214365035910697 0
0.1138050585685275 0.410250984558465 0
0.09533031346803567 0.4000942684433365 0
0.1131719247651959 0.3889066962332146 0
0.09472350160455223 0.3787716725848848 0
0.1128838614413712 0.367569586711118 0
0.0941075534914475 0.3574769323523326 0
0.1123572036493035 0.3462200778267552 0
0.09349580728244078 0.3361250428251291 0
0.1116031895869676 0.3251349081606847 0
0.09299534780514085 0.3147842843220661 0
0.110806453367684 0.303799967911453 0
0.09246470232485926 0.2934313419363219 0
0.1103084566390153 0.2822137965382857 0
0.09185681550404468 0.2720676200990146 0
0.1099006655468178 0.2608730581283841 0
0.09115981838571097 0.2507311946351661 0
0.1093073686353763 0.2395215647407663 0
0.09053909035392804 0.2293934344736038 0
0.1087004032598462 0.2181830920347059 0
0.08992863889395064 0.2080566248813187 0
0.1081031948294577 0.1968403393673117 0
0.08933000759559562 0.1867230259762168 0
0.1074961662431719 0.1754907202434881 0
0.08917555323431481 0.1653665662829447 0
0.1069537802417941 0.1541730766954017 0
0.08893697998902805 0.1435417114467972 0
0.106392964097759 0.1327870368574779 0
0.08795584911475851 0.122155972453035 0
0.1057023075220003 0.111479419076653 0
0.0877636282419596 0.1013636543851072 0
0.1052140667601962 0.09038248047760233 0
0.1207779555413411 0.622553676829855 0
0.1028461652757335 0.6340742910157782 0
0.1230278881428633 0.6429397918000065 0
0.1043315452776814 0.6552106285178413 0
0.08488538161932668 0.6453654211190143 0
0.08567248685311979 0.6667023461615595 0
0.1050100364450643 0.6766904396588849 0
0.08643563378249564 0.6880545405592217 0
0.1057255133971458 0.6980306826795482 0
0.08781687090639956 0.7093461307977961 0
0.1065805611700843 0.7193290751685255 0
0.08836748477126033 0.7306473732522314 0
0.1073389591933021 0.7406571825423294 0
0.08935498619872506 0.7519209195360192 0
0.1087953754627291 0.761924347307615 0
0.09010631388973911 0.7731919595781093 0
0.1091928972598715 0.7831601341550812 0
0.09065395912037344 0.794449654584953 0
0.1088957394487204 0.8043894340492149 0
0.09130320259123748 0.8156955565309298 0
0.1091870466957015 0.8261473090478839 0
0.09206700352667507 0.8370135607953243 0
0.110160368777557 0.8474979747597744 0
0.09292842148234026 0.8582729458229756 0
0.1112343663173818 0.868073699372512 0
0.09346738562370449 0.8793073040771633 0
0.1118815800450084 0.8891355886530083 0
0.09440526254176529 0.9001545743753383 0
0.1123771734479759 0.9098237423408092 0
0.09537505109352562 0.920608067543623 0
0.08253449731456186 0.5814696303163575 0
0.08784132040469927 0.07937562600146464 0
0.07610323082394066 0.8905468852050816 0
0.07658895851160175 0.3899461509201962 0
0.1262400474256156 0.7292107188469367 0
0.1721386904439841 0.5042271024462097 0
0.07476893762062842 0.3258477178948273 0
0.09861009554726108 0.5063451809712394 0
0.08044599317931889 0.5175732500316763 0
0.07980113058850469 0.4962444864096018 0
0.1241622638494726 0.1415031234305479 0
0.1131887725098597 0.9300439966919964 0
0.07349305516348847 0.8266237182909004 0
0.1273991934221166 0.7941385885797572 0
0.1388059214185833 0.6110852694626994 0
0.1268623380852949 0.2070087422521272 0
0.1281928446044609 0.2711671509448127 0
0.224838688834017 0.449893942094843 0
0.2255990977159752 0.4705847511552213 0
0.2430748531963012 0.4602143384155268 0
0.2440052108658528 0.4805572568472138 0
0.2614458829322857 0.4702142651206168 0
0.2624032675729309 0.4904782185516346 0
0.280163707141297 0.4795127776473277 0
0.2447111727086124 0.5013283903449173 0
0.2808428371934006 0.500266060908191 0
0.2985940040549306 0.4892954753733728 0
0.2992260939712108 0.5101061977880942 0
0.3169554115109929 0.4991557601139329 0
0.3175811833963635 0.5199654877057919 0
0.3352958783601983 0.5090193885843396 0
0.3346783445673394 0.4882145916142693 0
0.3529987635060143 0.4980801084145961 0
0.3523848849784996 0.477288090160635 0
0.3706941187533266 0.4871523046868668 0
0.3713123429311147 0.5079370829810701 0
0.3889996907709037 0.4970118476288224 0
0.2816961481833258 0.5212420817424105 0
0.3896171438132741 0.5177915349177621 0
0.4073010530524894 0.5068684016317472 0
0.406687107758549 0.4860926323226464 0
0.4249858302734346 0.4959464127504682 0
0.4250593797470725 0.5158470124788866 0
0.4427350314811029 0.5049122826103232 0
0.4425793538706291 0.484874071672706 0
0.4608663458897277 0.4947053289395614 0
0.4594097175984844 0.5182737855589497 0
0.4787471472565001 0.5049008035264109 0
0.4785585428013559 0.4839501683434873 0
0.4968677221393272 0.4938413069271985 0
0.4981372930650336 0.5138234356397576 0
0.4965545649048813 0.4733997234112872 0
0.2982044984503571 0.4688023469980139 0
0.1308533392535662 0.3783204635150821 0
0.1283047327379006 0.8577911059127066 0
0.0727582444853172 0.7624317545348773 0
0.1301336707808747 0.9194457172329112 0
0.07210241994759947 0.1759391880300234 0
0.5146928260938788 0.4829570728477967 0
0.1236302534307585 0.1004184207649069 0
0.1230771435093105 0.07940329752755004 0
0.07121750778458713 0.1102408755294053 0
0.1249302324289299 0.6864300318659946 0
0.07780102209481399 0.4326464423246075 0
0.3359123844932239 0.5298233655158662 0
0.06667261608460739 0.6567170436067979 0
0.3700786700647307 0.4663681635581661 0
0.5143276572873918 0.4625298742318297 0
0.07314619256104171 0.2619083614948847 0
0.09632122405038901 0.9405836149210753 0
0.0786620309371906 0.9313583959639417 0
0.1297899405968255 0.33585463213931 0
0.07191017538033639 0.2192506035798515 0
0.06591220423041122 0.635347042883883 0
0.06933401444642451 0.6993487370516792 0
0.4791228345899814 0.4645306291394741 0
0.1308486797992767 0.9394652702172865 0
0.8305262838889091 0.9343903993449461 0
4.395288969073027 0.9265021012247041 0
1.049515795132889 0.06147428187360782 0
0.3182068463691827 0.5407671014950828 0
2.276070030934552 0.4436332698533992 0
2.25883126873559 0.4546591866170344 0
1.783931176455613 0.4436343921112306 0
1.801169493620627 0.4546602883681059 0
2.104236278381408 0.7647552329801448 0
2.09437312960895 0.7471679832729815 0
0.06282576555898345 0.5074426699909989 0
0.06087338065228876 0.486017045111037 0
0.0624618884233219 0.5288537701464104 0
3.449524838955714 0.3023137694619802 0
3.449269265176009 0.2809782579219275 0
3.431387885861928 0.2918611845767507 0
3.431192986334244 0.2705026159317567 0
3.449075761205262 0.259599728925106 0
3.430468865780921 0.2491267317500234 0
3.410034732302207 0.2592644914510019 0
3.411999621545127 0.2374293800675282 0
3.430145975444359 0.2276984592146187 0
3.411466804318196 0.2170329364640288 0
3.393646233437196 0.2268484505002829 0
0.789490193072572 0.2190724993306801 0
0.7791891294100304 0.2395003370638421 0
3.99160164386403 0.136207802604008 0
2.838512910274064 0.8229698397810665 0
4.104094634158182 0.1360211031974981 0
0.1848495950013667 0.03134728378492951 0
5.066832026596813 0.8370669937877191 0
1.116245807154651 0.8651090132004191 0
3.362652340811434 0.01887356835895559 0
4.348211780814868 0.9666936281599593 0
3.446090036106661 0.06545744012354671 0
3.465049320760287 0.07610950110497855 0
3.844456959270635 0.6714288121979145 0
3.861852935880001 0.6817521956463902 0
2.784905208992732 0.8572715089142307 0
3.528615872766208 0.8631832267855869 0
4.024507493987872 0.7737118246892992 0
3.671160263393074 0.1526395508103377 0
3.115007435005637 0.8599575306985049 0
1.31039552767271 0.1363599237607788 0
1.828997396288518 0.570240284598803 0
2.230903478195787 0.5701980144279538 0
2.48358921129557 0.0614710450137923 0
2.121717583418347 0.6937155269692998 0
5.057312983892352 0.8536484454007356 0
4.91941262113297 0.1469135124531202 0
2.880639595183907 0.816375867440265 0
2.895990125962723 0.8011733966447205 0
3.749131546480482 0.5778029154051562 0
1.287605541107891 0.8580761874436628 0
1.962574548115349 0.9075320000928042 0
1.95438531266636 0.9249397579917247 0
0.7966326831459605 0.8111054281117532 0
4.898718335109495 0.1469249448529217 0
2.234158044905906 0.3060321360233419 0
2.233055019771256 0.2862659306584135 0
2.217152265948057 0.2960165178078576 0
1.825852960911378 0.3060709625363058 0
1.826945309457822 0.2862429217533904 0
1.843411681031578 0.2970313032377041 0
1.501104526585555 0.05735962869285743 0
3.62349827979273 0.2859460491255728 0
3.601310553847203 0.2782762841636308 0
4.488872480195052 0.9448555546554001 0
5.15987319528957 0.3932603989903718 0
5.170064567978097 0.4112752507808026 0
2.174937489086689 0.7466491846063583 0
1.575863801782119 0.06100426185657482 0
5.087424641384418 0.3747321523180027 0
2.15884954830694 0.5724793364481564 0
2.159726615523081 0.5942521331808891 0
3.377916851908952 0.8617720220871522 0
0.6745363982791757 0.1764074038891454 0
2.732046245557074 0.8673969338414194 0
2.715116483723025 0.8572515460842189 0
2.69788003058491 0.8669283642448289 0
2.333575462407556 0.2408551513119599 0
1.726424878210629 0.2408546049537814 0
0.1418631860284161 0.08935786206234131 0
0.141270026030536 0.06844995411521204 0
0.1226494154405127 0.0585422636482299 0
3.879108074799774 0.6711831406905326 0
3.879345747059511 0.6919672020188852 0
4.006806969211466 0.8444913913109211 0
0.667930539761457 0.8542669495763586 0
1.963389676863638 0.9420854009583706 0
0.1419437887029709 0.1099420885975548 0
0.6486457297622839 0.4637030514524962 0
3.096467703108436 0.8494406329320794 0
0.7693062537326809 0.7863446238951801 0
0.7582580690737262 0.7677130328719657 0
4.042288573559557 0.8441800386014136 0
4.05983819424663 0.8542371832790838 0
4.998952801530778 0.2151973406847826 0
0.9151626813701124 0.1326816783650377 0
0.8961058812632976 0.1428272580822927 0
0.1562628077635702 0.578914351172449 0
0.1736085341875055 0.566753289714709 0
0.1734213756246086 0.5464395862549797 0
0.1914187958003257 0.5553911981628299 0
0.1913230941878656 0.5352770391069323 0
0.2098840383027043 0.5451845100056582 0
3.654871577940793 0.4607932434951941 0
3.655080383395781 0.4821963796659512 0
3.673695121892073 0.4927161418015725 0
4.292137866283081 0.1354697805626645 0
3.786458808964071 0.577494286730892 0
2.577697678760533 0.1316336806236844 0
2.596315514692633 0.1414825671258192 0
2.900552816511789 0.8207247751564183 0
0.8135649122270419 0.4287835095393328 0
0.8078861348362274 0.4508092154314381 0
0.7878985077028553 0.4562441724426863 0
0.8026680647665112 0.4710727053802822 0
0.8226603382963442 0.4659324774364142 0
0.8174449813915017 0.4859779204749574 0
0.8377381195250511 0.4805732108537842 0
0.8323037946574985 0.5008173025310475 0
0.8526354777664586 0.4954055183020843 0
0.8120145364840339 0.5062001921413029 0
0.8592600213730996 0.4721118334270298 0
0.8730390231516003 0.4900034102193443 0
0.8675410305962394 0.5103996102305668 0
0.8879870213764953 0.5049892430161284 0
0.8936560668064975 0.4850030419403792 0
0.9085403357430111 0.4996438442970499 0
0.9144363367289927 0.4786217053155911 0
0.9291651814143269 0.4940690006954534 0
0.935310915122638 0.4730235701440881 0
0.9498346896351646 0.4885513224459023 0
0.9441732050171663 0.5092268648513019 0
0.964802443646817 0.5037543811627014 0
0.9703750744928743 0.483137353649712 0
0.9854344138840558 0.4982878393954018 0
0.9910080047558048 0.477658881208107 0
1.006089078439192 0.492809219449728 0
1.000506577098621 0.5134467308695333 0
1.021174206875076 0.5079649306926918 0
1.026755091509101 0.4873200629708481 0
1.041845685398684 0.5024770322942954 0
1.047427229011627 0.4818273529241728 0
1.062521120042143 0.4969867466750331 0
0.8824602724359512 0.5254325567972877 0
0.8268253867961404 0.5210692938283057 0
0.8065420339022502 0.5264320535448656 0
1.056938346256273 0.5176386859032849 0
1.077616068279622 0.5121481723616591 0
1.083199116222403 0.491494251225984 0
1.098295418707349 0.5066565162443071 0
1.104158446775576 0.4870546160604283 0
1.11902233705893 0.5013398266276481 0
1.125354010517968 0.4808066857063283 0
1.139864835669206 0.4954996613627917 0
1.134115476658783 0.5163291160125282 0
1.154796431046962 0.510807142394953 0
1.160514968812992 0.4899120493268996 0
1.175473036316392 0.5052934915226917 0
1.181123006152927 0.484650220690741 0
1.19614203608217 0.4998354106772295 0
1.201723613638639 0.4791830799888603 0
1.21680866020982 0.4943522646996641 0
1.211220006620627 0.5150126928483908 0
1.231899965205569 0.5095208230803984 0
1.237485093731258 0.4888618590231019 0
1.252582038535662 0.504019487972675 0
1.2581711419721 0.4833845380511018 0
1.273248359293898 0.4985578590779258 0
1.267661319358458 0.5191598650630861 0
1.288317891292806 0.5136865759076999 0
1.29386345467404 0.493130902396228 0
1.308873555872049 0.5081583117699976 0
1.314402777297638 0.487699379589974 0
1.329300145606108 0.5025979018311684 0
1.334249259175495 0.4831494409967257 0
1.349459714286304 0.4971842667199121 0
1.353818848742565 0.4752678969964083 0
1.369311384855533 0.4916139607719674 0
1.364150553538111 0.5114507038265471 0
1.38374502397984 0.5060956747615262 0
1.38902557093662 0.4867920740999383 0
1.322942395161854 0.5250789677815424 0
0.7917611848540591 0.5115654010705961 0
1.319805928028374 0.4695578363715288 0
1.378672325113451 0.5255458664111408 0
1.397921094580935 0.520297865810091 0
1.07203209013709 0.5328021639152393 0
1.015589063040919 0.52861026896831 0
0.9591959371552192 0.5243861178829562 0
1.392904329110028 0.5395584129592136 0
0.7862156758285379 0.5314895902939619 0
1.186691704732283 0.4640374628780126 0
0.9385773562631867 0.52984395221632 0
1.149184752855607 0.5314886310598903 0
1.243068705271872 0.4682064924571077 0
0.7715225456309078 0.5168511414059574 0
0.8213247790272802 0.5413072205969105 0
0.8963649134975109 0.4657965879384603 0
1.091856102161803 0.4701079649594123 0
1.226316057979171 0.530179166751368 0
1.205633959316057 0.5356722226606272 0
1.282754435981641 0.534253265151259 0
1.41189807684699 0.53431776444183 0
1.128498470990108 0.5369847597842657 0
1.263755867853937 0.462730464218425 0
1.032333874449737 0.4666731505946076 0
0.9537874830300801 0.5456570126603013 0
0.9759230658745894 0.4625183775223793 0
1.143590513817258 0.5521501255023014 0
1.35882383016381 0.5306923817097159 0
0.77701833789214 0.4966739961467094 0
4.028799830995455 0.1360522927435062 0
1.088013676536567 0.06128725294210619 0
3.523964633832861 0.3441927667872982 0
3.524210983485162 0.3655402667092808 0
3.505626376596501 0.3549722220610121 0
0.2092980610768911 0.5243212186700343 0
0.2278358823165179 0.5342704999967272 0
2.954107750656798 0.2703327323970739 0
3.578340333053377 0.2259413710452236 0
2.949889518716998 0.8050821226581661 0
1.047177292264502 0.1266661098549984 0
1.027983621300213 0.1368354126826607 0
3.771813305569517 0.8555625291210279 0
0.6455536405842981 0.4840777254080563 0
3.542802015888847 0.3760033251411408 0
3.599449161784325 0.427926924429069 0
1.235215303887592 0.1335399924540257 0
1.216023441562158 0.1436769904529858 0
2.132953486193837 0.3409962400976605 0
2.149160774747444 0.3518768589969479 0
1.78356841745222 0.1542378176907975 0
0.2078020152223736 0.4815645399419078 0
2.01711435451524 0.8052204577117779 0
4.02565228944926 0.8961127275793139 0
4.043935761104418 0.9063834211838067 0
0.3340732500671004 0.4674178723565067 0
1.192283862895944 0.8668644113067412 0
1.211542271218048 0.8563335294660275 0
3.32128684181082 0.8721165587420954 0
3.302562873531397 0.8610408444194062 0
0.3719282287279353 0.5287242384551266 0
0.3902338722280834 0.5385681480845211 0
1.051354772577691 0.5382895882066394 0
0.7639491551480377 0.8057575451306926 0
1.053008436334906 0.461175365914667 0
0.9965782939512731 0.4570218332926965 0
1.262095165815162 0.5397757760774459 0
3.490374706539162 0.9280921480866731 0
3.471436276773224 0.9388098745634879 0
1.228344680794589 0.9321722143641371 0
1.153755802578011 0.9305021702470774 0
3.822428568050442 0.4915390779754638 0
2.276471166752451 0.1542936307428374 0
0.9949204535502461 0.5340826073696192 0
1.01000365336932 0.5492558114333709 0
0.9554809815299379 0.06984271459534147 0
3.392792628928702 0.2065037995497083 0
3.390542306961376 0.1203678375750716 0
1.275856982400589 0.07090640367022427 0
3.002304721347988 0.1933458293476972 0
3.021554018462655 0.2035510491092878 0
3.004406637066016 0.2159028033169055 0
2.981693017855794 0.1190928383215716 0
3.00026879840707 0.1083774533678658 0
2.981083498841607 0.09768061079160972 0
2.999297048287615 0.08642662950850133 0
2.980382432402926 0.07618595277959911 0
3.01850628621335 0.0970877496892823 0
3.017505949358785 0.07518904784686364 0
2.962161454162754 0.08742700443571833 0
2.961495709371009 0.06600085886185614 0
2.943301555923632 0.07726253349396406 0
3.651868760654174 0.07377829513054113 0
3.632913850554867 0.06311296008245271 0
3.614208264403636 0.07421606952952348 0
3.613936335817636 0.05244959437852076 0
3.595272526897515 0.06359466837745475 0
3.990959393218293 0.07105087869093341 0
3.972064667780721 0.06024220854677076 0
4.065954359416393 0.0713313228295 0
4.254546100557856 0.07032680683305881 0
4.235687795634179 0.05943492834098973 0
0.8620207032043927 0.5307766094859907 0
0.8767759496792771 0.5453063020694562 0
0.8974038389355132 0.5404365804768978 0
4.960208779163501 0.1812227244513203 0
2.81435486444173 0.07077338861668508 0
2.832492282552871 0.05955145585425775 0
3.84503302257805 0.9401528373015393 0
4.436141388087761 0.9270766937416111 0
5.076436935732603 0.8204644505928881 0
3.932866452424556 0.5766514593828496 0
4.404615377642768 0.2642875110093029 0
2.538317339889654 0.07048676222104744 0
2.85639295848534 0.9204165654986891 0
2.837969699591707 0.9307045637154324 0
1.937994445452801 0.691074682314331 0
4.077083653559342 0.8038984588477612 0
0.6937911402318495 0.1253510179736627 0
0.6759230574801007 0.1143043112680498 0
0.6945203979811074 0.1044008445816372 0
0.6766112167833704 0.09327056001523737 0
0.695274437611433 0.08333762763016395 0
0.6772622080925628 0.07215328304056889 0
0.6579836626803042 0.1031557776254564 0
0.6959288191546744 0.06218039497120004 0
0.7140018051317325 0.07337488881334853 0
4.395164521653138 0.8547953360224044 0
2.063267803134675 0.3550262603737145 0
2.309046932861391 0.1119073754930431 0
2.290997768312852 0.1027343394249935 0
2.307910948707482 0.09169607118815531 0
2.185306383861598 0.7285236323850222 0
1.460425233177843 0.1419671293186739 0
1.750963264947789 0.1117377019236582 0
1.769054685566569 0.1025283568961523 0
1.752092744343703 0.09146262276401307 0
1.248712161531145 0.447565265616641 0
3.822540702816199 0.470502029593697 0
3.841036510067038 0.4807160262884153 0
3.804087697641946 0.4568380450556542 0
3.789852024418193 0.9296812091601308 0
3.771364634383949 0.9404373235394207 0
3.358566153798371 0.9363755745766995 0
4.005789111202163 0.6182348553206559 0
1.41847872961067 0.8534955636205094 0
1.435824508959282 0.8649788696040592 0
3.987789047830892 0.6287443018426543 0
4.510213350453115 0.9446828092058921 0
5.038139584644409 0.8537308396615866 0
4.467815102629835 0.9450154762069718 0
2.105082882502383 0.4284525508399906 0
4.99931395348233 0.7870389625470321 0
1.331658032318572 0.06266630997301292 0
3.410899261762057 0.1957428796960003 0
2.112038178983875 0.7115638908591686 0
3.374419434264452 0.2173188288638289 0
0.7021584948489832 0.9184775866699515 0
0.7014956829562713 0.9396670768044253 0
4.878339621469185 0.9248616486793916 0
4.867935651154724 0.9427706549077142 0
4.847260696643437 0.9424710888037531 0
5.039140887564757 0.1481608423180413 0
0.813434722261414 0.5842655440192064 0
2.126470778805676 0.8967636942367643 0
2.159404026208033 0.5517331046090247 0
4.425680934945195 0.9454124642932189 0
3.708266962769018 0.0621900747656996 0
3.689285737633763 0.05149161612037523 0
2.205744102264304 0.6547711964944971 0
2.216374520091798 0.6371690451188494 0
3.969137405214035 0.5732579311903562 0
3.987447298967862 0.585696156278518 0
0.1868864007837412 0.3880768183548445 0
0.1680869566061456 0.4000154943962471 0
0.7202490833161017 0.9297802696751589 0
0.04866898407234777 0.6466927592572878 0
4.577773560839688 0.8670537099958664 0
2.981835327867632 0.05343103050794884 0
4.87043857555075 0.8373286020386477 0
0.8114696580039318 0.94498941897703 0
0.793396172573487 0.9328773891951727 0
0.6112869168448951 0.3817656421831862 0
0.6159994723837399 0.4012283504714489 0
0.6307482570021661 0.3865452048272708 0
0.6359425068136866 0.4064329554810532 0
0.611160187835422 0.6182016389231147 0
3.041479655487401 0.7955219703724341 0
2.713372469536856 0.9363672751017775 0
2.695977934129997 0.9452065162733989 0
1.207211512593214 0.4586258475745649 0
1.191918160034959 0.4427818258249757 0
3.918388187722861 0.9385913374332316 0
2.937080413243642 0.2804888802447735 0
2.936471492162425 0.301105481200574 0
1.164239247205199 0.5465347428572349 0
0.21706511735555 0.5875297357491375 0
3.359187067985935 0.8507271004553728 0
0.533056022131545 0.4722563215694129 0
0.5333595624872445 0.4927327314029449 0
0.190750266765773 0.6196845657770148 0
2.860920030229853 0.1894623130129255 0
2.289998441014998 0.08256518966278448 0
2.306814218622099 0.07157518114782485 0
2.324781225527514 0.08066828460556036 0
2.323644905808336 0.0605595633379869 0
2.3416769761557 0.06961598332529817 0
4.077368507526423 0.7636224355570905 0
1.01188641556797 0.06013602934409817 0
0.9934374385149998 0.04858201462066603 0
0.6562709062951104 0.1658332683979497 0
0.6577009143088084 0.1858221077120439 0
0.8184188957076004 0.188625590499586 0
4.311011058075696 0.05942130541733776 0
1.103204792749096 0.1395486203520638 0
1.084034661246243 0.1497041300423835 0
0.04281280506368068 0.5171017037684644 0
1.870165497479868 0.435948693804555 0
2.189868070375528 0.4359717850217969 0
3.464355731132814 0.05514259854478987 0
3.483443173261271 0.06560087306417989 0
3.483934674802758 0.08685423211080984 0
3.502401150773422 0.07625712228359566 0
3.50286880427428 0.0975253220435327 0
3.521589572648776 0.0864870616908433 0
3.521427757358865 0.06465170468385967 0
3.540365414123506 0.07534323957533057 0
3.540629982794921 0.05356429416225972 0
3.521771173136721 0.1081234831058575 0
1.770027090386868 0.08231300461737656 0
1.753196887660905 0.07129248374170505 0
1.735175143982185 0.0804102680930221 0
1.736338526085694 0.06022260778429139 0
1.718213055654927 0.06931418260351763 0
2.274068421331237 0.4031000405612946 0
2.292326140991813 0.4121963797162916 0
1.785930535371345 0.4030972224448867 0
1.767673859008188 0.4121963797162883 0
2.215823990792023 0.2774837039439931 0
2.231941634074531 0.2667257167028224 0
2.213835006713317 0.2588607458116118 0
2.230628150109585 0.2472659066132188 0
1.844270055242764 0.2776490000314631 0
1.828074095136115 0.266749431233229 0
1.846183289160923 0.2588922475812571 0
1.829377520737897 0.2472751093298928 0
2.291324731158694 0.3919475994178283 0
1.768671703783361 0.3919469364099438 0
2.1271487610917 0.5141798773604347 0
1.9328512389083 0.5141798773604342 0
3.546769546361683 0.9394436823787735 0
3.527838205072959 0.9501597023726307 0
4.436125883187948 0.8170985938583599 0
4.60707042226487 0.95886465474434 0
0.5817889854807854 0.4120565558944072 0
3.371971135968359 0.1520895962539399 0
4.292160181872578 0.04851435486808164 0
1.433635594164433 0.9453348903368954 0
2.679976820478607 0.9153584223685443 0
2.680488618391636 0.8961999718793723 0
2.088789189113979 0.8316675766826787 0
3.524295118471126 0.3866073069683907 0
3.644154374448384 0.1884877749691438 0
3.62791069023593 0.1972536908602188 0
1.943982558897824 0.9413546175732089 0
1.934897487729967 0.9247169462954064 0
0.7682012367144588 0.6227293059253127 0
2.164266477431891 0.7991056014067484 0
2.174591738917842 0.7819291479673304 0
0.6488055922740996 0.8852292400546369 0
0.7643451739918552 0.4081861220358886 0
4.121357144013399 0.06066634757349448 0
4.104720667339869 0.05270945609027811 0
3.887037975879249 0.8167340780852069 0
3.483296310524872 0.0421801837965044 0
2.087192406227421 0.9300396587447387 0
0.7680624385547576 0.5887856516903314 0
3.636645413705855 0.4713516015041064 0
2.855591878719094 0.9406739027993707 0
3.561931511894312 0.4079279423113688 0
2.136043922723383 0.9137854674714259 0
1.826929595237626 0.5907208698566145 0
2.232401253557131 0.5896310049020299 0
5.07754058024072 0.3920567536979201 0
5.087065744448468 0.410168001935544 0
3.389812005032703 0.07701810257143288 0
3.389838441208651 0.05582015808690327 0
1.865078842883621 0.5942036462924034 0
3.029432123366146 0.2708954985244214 0
2.245834846792253 0.2161910068287692 0
2.244546344271574 0.1961033434270135 0
1.814165326344334 0.2161910143558151 0
1.815453655728427 0.1961033434270115 0
3.024856136355119 0.2261303967121879 0
4.940266153350629 0.1810083320868939 0
3.644072206224982 0.2910385088335933 0
5.065193803271743 0.4114604767800556 0
1.314169876165828 0.05161722752119013 0
4.48827252306239 0.05448572141033464 0
3.900746211034208 0.7787448661111728 0
0.1474820835026978 0.9290107602350056 0
0.1472530150143929 0.9089363589927724 0
0.1477522035761192 0.9484037394142451 0
4.909810272950311 0.1642887381384404 0
1.094214839204763 0.9425088764783319 0
1.114822459847724 0.9541035382990192 0
1.416446464321674 0.515134711975054 0
4.890170090908107 0.8366553885702255 0
3.096830090907304 0.8095826106297548 0
1.450911138786598 0.9156078320421512 0
1.451622951251528 0.895090935016626 0
2.893328336962114 0.2166990664781844 0
3.042141020882301 0.2146852830621451 0
2.767437066011916 0.8470529080402366 0
2.096492225538215 0.9472361461929796 0
2.077538178324184 0.9464621189481771 0
4.979987234132198 0.7870993072904825 0
4.969178711554715 0.8036412531683528 0
4.989593412846061 0.7702592415496355 0
0.777104876767686 0.5703917769282729 0
2.500997085310336 0.05052373080931638 0
1.72426234671098 0.2802853381405226 0
1.740831587227388 0.2912693315976849 0
2.335737653289021 0.2802853381405251 0
2.319168406183763 0.2912693433609698 0
0.3365315842687369 0.5506282264196695 0
4.88947274409543 0.1641565651069609 0
3.562207673398845 0.4293335443807964 0
4.508627542424161 0.1984103703135633 0
1.783579965018407 0.4641056292033965 0
1.800405380971886 0.4750629156721961 0
1.81842517955513 0.4655610367799558 0
1.817244138619956 0.4858506999747751 0
1.799552566813569 0.4953943029768674 0
2.276429896459724 0.4641048794180206 0
2.259594619028113 0.475062915672198 0
2.241574885271079 0.4655609430936414 0
2.242755872184411 0.4858506843603909 0
2.260447434987158 0.4953943003744717 0
0.07971328244797382 0.9508027931807637 0
0.06172690477235543 0.9421952243103178 0
0.06078977541230524 0.9222185297514873 0
1.277057701677364 0.5544160603820159 0
1.297823860383529 0.5493857440563112 0
2.967201379840118 0.2371018933016281 0
1.446961916436541 0.5423711749278608 0
2.306049287740191 0.05205624999277919 0
2.893280033638482 0.1960130685532357 0
3.029753489662256 0.2923250173993894 0
4.459847512114208 0.1896587373143255 0
4.441412602307747 0.178935454021781 0
4.551861363229065 0.907991840822975 0
4.541336218134644 0.9261678986320696 0
3.079911791885658 0.8171719580435589 0
4.077936174854339 0.8431607635283593 0
4.077224756224536 0.8620609611806695 0
1.753932051851189 0.05176534767494595 0
5.079413695494109 0.4258922512522105 0
3.824698365880425 0.6399073490170415 0
3.824234965791715 0.6193405183233218 0
3.806464633508657 0.6295563114788466 0
4.330589990284607 0.1774826903906987 0
2.054041535340797 0.7506288868803834 0
4.024190934355748 0.8138509487552903 0
0.1675309914780105 0.3787617106998573 0
2.928612410985864 0.2410326393713554 0
0.5323509258163801 0.4519295454333294 0
0.5146053078771162 0.4396969342341456 0
2.942894477518653 0.05628544316628814 0
2.924478938661268 0.06718674235953837 0
3.11389977035656 0.9452732656196443 0
3.095594750271394 0.934726760614214 0
3.132103358192187 0.9597680653296209 0
3.151579785042915 0.9461299527251579 0
0.7744617430471863 0.6426128341323376 0
1.172529876297449 0.4490443257434253 0
1.994164524908151 0.8936463807510826 0
2.204757761258318 0.6202749781041748 0
0.800433163541233 0.1844523766313847 0
4.077325697932055 0.7225010243966394 0
1.06617773362308 0.5524343067618022 0
1.087058871570034 0.5477065297030953 0
1.921144683750982 0.6158856523903429 0
1.911661068289122 0.5967581361686669 0
1.930094140799135 0.6351958564138953 0
1.406830625719453 0.5531114901005529 0
3.897055531222817 0.6814464798405819 0
3.897230425555795 0.7021695536078802 0
3.805948900881168 0.6090455332443007 0
1.558587480794087 0.04984120960710381 0
0.227425491579587 0.555150083125053 0
0.2482390376607833 0.5465785335101651 0
2.008417460404224 0.7550772783310771 0
2.000773912489894 0.7689808922112668 0
3.042127831633367 0.8158268624743753 0
4.859214841466383 0.9609735192326229 0
3.74865538317705 0.5351338360815949 0
3.730284833765111 0.5460051676617916 0
4.542883309892725 0.8553490906963557 0
1.70907919337054 0.2489928472187174 0
1.711130314790444 0.2300499441651477 0
2.350920927084291 0.248992812952763 0
2.348867384148572 0.2300508893210192 0
2.932062851003596 0.7943180991984932 0
2.933097129665859 0.7727501334399625 0
4.042558532068602 0.8646011760219413 0
3.559669718622919 0.2153812675244249 0
1.478543851447389 0.1531405994721597 0
3.876508875514508 0.7140577786439426 0
3.897161614991743 0.7225340973056001 0
3.915343274299892 0.7122957935538377 0
2.837765922647019 0.9525553191832264 0
2.817684044105713 0.9437832984476016 0
4.478690593008142 0.9631934460922659 0
0.6493459262232559 0.4427798731845158 0
2.116107763053985 0.9467850583771508 0
1.497570442856124 0.1428612568032791 0
1.955203686140546 0.8786960141365602 0
1.538385902250988 0.0592992294205692 0
3.596099817134029 0.2364241723064423 0
0.2441898968131406 0.4384692923410902 0
0.08184627562525026 0.5600855535232091 0
0.06277458917664314 0.5714965819862479 0
0.06422343488669169 0.5928020339410285 0
0.04451309951715121 0.5829251860107093 0
3.773502446944339 0.8329293728344105 0
3.75414625426604 0.8456155311166239 0
0.09800062418844391 0.4850398746595838 0
3.787515298795652 0.6205019405228823 0
0.140382779886437 0.04832967720624592 0
0.3721837317685739 0.5489274916461574 0
3.067876013539687 0.7689611873320753 0
3.953417290797369 0.8969246153039327 0
0.01669286635044021 0.03239197134656946 0
3.881291913496414 0.9184434578132854 0
3.882519430516813 0.941474159776679 0
0.07849289502299817 0.4539868421411573 0
0.05959273563630951 0.4438433330071509 0
0.05892664505505119 0.4224465722957902 0
1.220617694496326 0.5503410696983877 0
3.827416796733954 0.9500812111443191 0
2.777195572291712 0.05118961544691758 0
3.843002659260239 0.4600548499863689 0
0.7566393075185422 0.5694052920588329 0
2.925021958029972 0.04725982244924948 0
2.905805799026286 0.05723777614339731 0
0.650368430209209 0.3916712630668138 0
0.6441356846622166 0.3729194613132296 0
2.11413496193449 0.3871674255491441 0
4.888490229420968 0.9423190460376738 0
2.008776966663329 0.7817548478791945 0
1.993637166422075 0.7831395995730933 0
1.983231728688403 0.7668717263617237 0
2.339670430322224 0.04950643688895595 0
2.359382412740535 0.05719347030561606 0
4.403413491678883 0.7986378075521239 0
5.169779354121046 0.3393248167974121 0
5.159789281360036 0.321230423399647 0
5.181215893272947 0.3574831159963067 0
4.499047150619631 0.1098407108716211 0
3.936136017740273 0.9287811984383572 0
3.93699435090654 0.9496067856338323 0
2.118150062019172 0.3295578447150124 0
5.019237104308115 0.1141504238936792 0
5.039957114781515 0.1135289740899991 0
4.999980476836408 0.1134305716974482 0
1.798679122463575 0.1850916787856909 0
2.261322148671577 0.1850919314942876 0
4.588596206793079 0.8497767133513939 0
4.609504631249143 0.8501777110327905 0
3.627156020007844 0.3062294759922048 0
3.651449618846523 0.3143092649136806 0
0.1647566051572285 0.9181464786498418 0
4.499232074557335 0.07287068355450288 0
4.507817610657746 0.05480680494279611 0
0.8913144541993412 0.5617178505772669 0
0.7668880571349601 0.5361693970792003 0
4.043886207981553 0.9268317412832449 0
2.14122709914477 0.5847354113680906 0
2.14127378466398 0.604683013253247 0
2.732722088428395 0.8479720764860248 0
2.715435869074705 0.835520429200994 0
3.559109929844824 0.06426332642920463 0
3.559108279670853 0.08605865407199564 0
2.659904297532308 0.8299042975323083 0
2.906744719859773 0.03541937456738187 0
2.887329022227619 0.04804696632685934 0
1.720117706274087 0.04910297172950501 0
1.700163753203868 0.05720923152239965 0
1.956813763642556 0.4608138706797785 0
3.655691741129192 0.5028423241342982 0
3.67458456181993 0.5128311947460023 0
3.692483702285873 0.5030984211238992 0
3.693105336382214 0.5241574068221315 0
1.200337171058137 0.5568908096829193 0
2.103808726214477 0.4608539815976507 0
0.05016852177458508 0.6679356410049098 0
4.383260614796634 0.7986868309908646 0
4.373175130247885 0.8165750150775613 0
4.392773323553075 0.7798611891928613 0
3.048492610231916 0.7632147460754444 0
3.042236997662856 0.744125069432847 0
4.980408720013095 0.214239766509066 0
4.989182002269212 0.2323323302009515 0
0.9335270088517742 0.550035085645023 0
0.9480963854809279 0.5656758029261154 0
2.258760406164565 0.1452658548872938 0
1.801299677013011 0.145207618368041 0
1.949480214821506 0.6735073125981101 0
5.179845863038098 0.3927236521723759 0
2.894793103178692 0.7679859506676641 0
1.470095702467692 0.8299042975323083 0
1.722670293631251 0.3001126898678946 0
1.738050269083404 0.314451754551993 0
2.337332106302124 0.3001020648318382 0
2.321845368483314 0.3146096143868176 0
0.832753306500186 0.8135761983336602 0
0.8411328259824116 0.833878639633592 0
0.8617091822559344 0.8362829645910654 0
3.652068247562422 0.05278492676597185 0
2.148098541385433 0.3699768236639736 0
2.164997160468474 0.3608639886947167 0
2.165257266519362 0.3439886691414489 0
0.1768066184318786 0.5868787317234772 0
2.422802032290355 0.1976276834785475 0
2.404628334359609 0.1916305390747725 0
2.417881541338049 0.1785941505336644 0
2.390113038591326 0.2034383459651277 0
2.400237655101477 0.1732308380951237 0
2.164140880956604 0.2943435205131527 0
1.895845806505949 0.2943157156059883 0
1.895534270352582 0.3134305025062323 0
1.913052540076931 0.322412363240876 0
1.894968773399195 0.332450441803913 0
1.912697833022851 0.3417898522954633 0
1.929216462608274 0.3316688164731351 0
1.894594988893331 0.3520718415537253 0
1.929705960037285 0.3511465252368477 0
1.878513559351274 0.3228455234773635 0
1.947667465468163 0.3380837239365072 0
1.946929630199509 0.3593591679482748 0
1.93026022947138 0.3704942074994646 0
1.967896391296608 0.3476637637536296 0
1.637198605962251 0.1976229956345963 0
1.655377392160394 0.1916245333410066 0
1.642107174758318 0.178564254211836 0
1.669870062505506 0.2034520581121641 0
1.659751012229075 0.1732189553680457 0
0.8562400930444058 0.550430278013804 0
0.7142884737054269 0.0527748965626717 0
0.7327814321588673 0.0634395802147269 0
0.7319163379331082 0.0845650997019306 0
0.7507027807324116 0.07453490418086089 0
0.7516870449873745 0.0532100044217052 0
0.7695872941284732 0.06444325135244544 0
3.450044881937913 0.3231647961187281 0
1.834646988908463 0.4758471919901663 0
2.225353023696632 0.4758471737733843 0
0.6201970371857854 0.4221692016821972 0
2.124779870442702 0.5340061926845909 0
1.932134319004411 0.5346341964848804 0
2.932582673550702 0.8153985547242359 0
2.10069045018977 0.694392587401842 0
1.48353694226266 0.04588507233525674 0
1.462226242292633 0.05594685852557751 0
3.595914794004158 0.2150146327768585 0
1.269300145821615 0.8461735385877338 0
1.249898725680377 0.8575854678878134 0
0.6783471620709083 0.05180047404578769 0
0.6593495946387313 0.06114537271509718 0
0.7933134468261542 0.8498938662622351 0
0.6668031538600891 0.4565627597553025 0
2.765148483898118 0.9484117302458971 0
2.747290603934229 0.9573476915789629 0
2.783195971938868 0.9385751115825094 0
1.045987749752797 0.1475411353101771 0
1.02671781114708 0.1575724469969265 0
3.690375818218182 0.1601894278548767 0
3.711012767840853 0.147637142262711 0
0.6541341242231384 0.4109130080638155 0
4.061354092835868 0.9138948796261652 0
4.060922366840851 0.8943062488539812 0
2.111264689109462 0.6761089846719021 0
2.163897274447939 0.3127066406092484 0
2.184122830973733 0.3033180517351671 0
0.1315429677275906 0.957467254233742 0
1.899474258491058 0.8439022158538443 0
1.91071101715027 0.8280483570176088 0
1.889095860525511 0.8615439980648479 0
0.7515879374352505 0.5209902616998655 0
3.558426445087378 0.04315338300255878 0
0.7682098897483951 0.377968775832008 0
4.467830907447425 0.8002492502100249 0
4.476444861845176 0.7797897003086026 0
0.7605050365142623 0.3598889500897873 0
4.476776524548422 0.03624493171255039 0
3.321080475784997 0.8510807261638337 0
3.300229564603112 0.8380631315094371 0
3.282928643916666 0.8508973883174673 0
0.1700957024676981 0.9700957024676857 0
2.414409929710898 0.159965447841354 0
2.43261611369337 0.165091391319881 0
2.428226575861645 0.1460282886997493 0
2.445185463255778 0.1503855724612978 0
0.04709753698673014 0.6041276004730542 0
0.09792083825306852 0.9586942200093876 0
1.07903631612156 0.5660377563921538 0
0.3188362458780345 0.5615694986512277 0
0.3009638798470955 0.5507757998236716 0
2.178579388833367 0.6028849106283772 0
0.755553798156877 0.6383991062618679 0
0.7596040813897427 0.6572565700444724 0
3.489601227632957 0.9488292645126102 0
3.470372643647329 0.9592985464788912 0
3.452984868718 0.9493054156201965 0
2.814309837268813 0.05038188760613194 0
2.832634830356858 0.03939264328625025 0
2.850692505587118 0.04846565266607089 0
4.477084687118708 0.2013949627961837 0
4.47849290767825 0.2212497851912492 0
2.257487306146635 0.1256468080112592 0
1.387700449300611 0.5588331650433016 0
1.645542093309657 0.1599175040365534 0
1.627475183584822 0.1650505624180781 0
1.631697479525099 0.1459005571238297 0
1.614863680180456 0.1513058788483573 0
4.498506014456622 0.7821956701791697 0
1.288434174108557 0.8364812307050091 0
1.306289073798567 0.8486897741179401 0
3.046342455341589 0.2808811867935707 0
1.802589031587408 0.1255502590536017 0
1.401135347909937 0.8426238803614049 0
1.382186413124725 0.8522826365315193 0
4.950797624220426 0.1967104239058355 0
1.551066217401376 0.1563804258652517 0
1.572716548599954 0.1483546316889171 0
1.532273559876039 0.1652407840416205 0
4.852065423051814 0.8355131507680009 0
4.836696645820923 0.8500444592739677 0
0.06294763340340337 0.9618173098588199 0
0.5485235338850292 0.5842226629830387 0
3.990409210932065 0.05002857365678398 0
3.972884086587349 0.04073932013942455 0
3.954668415755679 0.04994359174740237 0
3.808412090228199 0.8350126048624289 0
3.826276554730919 0.8450679345733824 0
3.82672258908282 0.8250097248300147 0
1.502054509604016 0.03641235499713136 0
5.082796859541935 0.8348284835266586 0
5.092752566339851 0.8220631962373053 0
4.403998567530152 0.114734013781492 0
4.406504135204065 0.09217539461089291 0
4.386400703150573 0.08132253706973536 0
4.404380493308949 0.0694166847848165 0
4.386749732056042 0.06052267989813709 0
4.404951488801726 0.04872784482667447 0
3.789339078002173 0.9501023149534504 0
4.369406703847462 0.7812215515150964 0
4.38132766563631 0.7614313450308755 0
2.579709083244322 0.152126426161199 0
2.59743110562651 0.161334430907079 0
2.614867794768171 0.1513707555486627 0
2.992375479551269 0.2490894434580952 0
2.468405069612783 0.1843869464452363 0
1.89037205562135 0.8260875990213562 0
1.038693871224104 0.4456904925216018 0
1.060270343299245 0.4397044758060293 0
0.162331005255727 0.05706139603600202 0
4.254006407243596 0.04942434787052585 0
4.235698997068631 0.03811263410137444 0
4.216773133144395 0.04856102795085726 0
0.7190413483987133 0.9500614152736374 0
0.7385042611019901 0.9409641714245981 0
0.7001687909315772 0.9589901600566785 0
4.49083030789615 0.766642357968031 0
2.816628392475111 0.1546164893871863 0
2.835016687967938 0.144189809829482 0
2.799810701368684 0.1658515030738295 0
2.782350564656248 0.1566757715240903 0
4.040965125603193 0.6391116603858953 0
4.041767737881923 0.6183229548978488 0
0.6616988201784944 0.03837841312364798 0
2.784593206856088 0.8378760322456669 0
2.802315841076766 0.8480531261433351 0
1.419873837310928 0.8342781971489707 0
0.03327695802114228 0.6555919765853799 0
5.047768372300487 0.8693615771439365 0
5.028536873928808 0.8704092698314454 0
0.6482467840171087 0.9268010908969744 0
3.450326364750926 0.9697573963032625 0
2.086909848434033 0.765367241449334 0
1.751164827780985 0.4010368303084648 0
1.752339827521452 0.3803515828307935 0
1.749772726226763 0.4212859854886318 0
2.308834578042692 0.4010369408097811 0
2.30720850379392 0.3805287708984889 0
2.31022722324804 0.4212859948850051 0
0.04311166260910504 0.5402167389793483 0
3.631583157726205 0.3261515447804544 0
3.65123443043266 0.3380358026488052 0
3.373554482312317 0.1960764691200793 0
1.415205352414337 0.9545693882050303 0
1.397785406979742 0.9449655082460375 0
1.397707287596182 0.9651695062552643 0
1.379986170582576 0.9557222156807681 0
2.180843601081189 0.3217159767814816 0
2.196637672530886 0.3153810435131351 0
2.488429752994076 0.1820222963715264 0
2.475846474561192 0.1660086506940266 0
2.494936686233961 0.1627799031934507 0
2.516888878290072 0.1603102744937742 0
2.532318879244646 0.1753554721905666 0
1.81649027951015 0.5048768805407198 0
1.800213957751465 0.5179962722584237 0
2.243509722590699 0.5048768775045908 0
2.259781421696489 0.518005265796264 0
2.184787193811667 0.3524519366268327 0
2.147038740688856 0.8980445021523362 0
2.278673711353463 0.5040361918811785 0
1.781328664823852 0.504040216936435 0
2.86768520968551 0.833741210241814 0
2.485780405044933 0.1459127227155122 0
1.408862548912477 0.5813540967943418 0
3.02670543503274 0.7622859644266367 0
0.1603294507335131 0.09974374317424828 0
4.960740903145963 0.07698523248157074 0
4.940413429998624 0.07608141344811536 0
4.984411870000059 0.0770495273895464 0
0.541757370700561 0.5630145652673455 0
0.5170153026061655 0.562067251053225 0
0.5289762100146851 0.5448828473667373 0
0.5081197353154725 0.5441748452240506 0
0.5174846112128932 0.525146690037877 0
0.540573666948428 0.5291868181378546 0
0.822612215851158 0.83231489796387 0
2.089159144440991 0.9642986255046853 0
2.225675814481348 0.619627125264314 0
2.237368440709985 0.6371784946065039 0
3.375108325889711 0.2395022219473024 0
3.117957033255007 0.8359877988134847 0
3.133469903383206 0.8494234401260445 0
3.827625019599747 0.8013945565296534 0
1.924561899491357 0.9400368474237789 0
1.9150790980579 0.9239459470764435 0
1.925966898392019 0.9065095282998687 0
1.806278407754171 0.5782196980166756 0
1.814559170337853 0.5592107624350096 0
2.253591662310307 0.5780866306793997 0
2.245384964097544 0.5591945319845542 0
0.9893266422688767 0.5547428809563856 0
3.580602908926854 0.2688798364326765 0
3.82802666274369 0.6969178517863097 0
3.787953013074934 0.812319023170841 0
2.663382327827775 0.9045642370394132 0
0.04266447520019989 0.9333973662657694 0
0.04156149543078635 0.9125139003462042 0
0.5505529163149196 0.4610904405903484 0
3.864591193196213 0.7323383021165705 0
3.791240709837704 0.6416914585002642 0
2.269259167006862 0.0936087547895525 0
1.790761973043155 0.093457324107458 0
2.711925927458949 0.9561880961054324 0
0.6479958710641509 0.946921862080745 0
0.02518822236764251 0.9456745762169954 0
1.21664898708057 0.5707832594388247 0
0.7727901760256943 0.03942479791392828 0
0.789204595010113 0.05467050985685518 0
0.7525160105830699 0.03327802303330496 0
0.735289299737248 0.9640950521586999 0
0.7567904591120711 0.9525503973267708 0
0.757228174229204 0.9309942599395773 0
5.180817545861482 0.3208698318133576 0
5.170115996655909 0.3018510539952635 0
0.02757393130836672 0.5953507223767246 0
1.460448950752039 0.1621249723534506 0
1.442129739097756 0.1507490941534041 0
0.6160294840525153 0.5980065207496899 0
0.6307360314648323 0.614819328026467 0
0.6332776794748303 0.5836081278816906 0
0.6322187287775702 0.5631440840999913 0
0.6501254694945902 0.573231094557382 0
0.649219921581442 0.5524110706690704 0
0.6329698646555353 0.5424028486384749 0
0.6480255526417089 0.5352995452839071 0
0.6504390006390803 0.5932448367542915 0
0.7518202663710283 0.7899803179675343 0
2.3912510270778 0.2305139743839418 0
1.668737650198968 0.2305226999129715 0
4.969457485847387 0.7716723195513515 0
0.8506417793650132 0.8572196340374084 0
0.8709751104795624 0.8526765742579719 0
0.8830179169402894 0.8380497415540578 0
0.9136092574709265 0.1527880410282793 0
0.8950870939163409 0.1641127465597211 0
0.876629493360142 0.1538531483385615 0
3.626568553433617 0.2226733502121279 0
1.234285921740794 0.1538812928964341 0
1.213115396973613 0.1651146786340191 0
1.195360536921045 0.1522842374662489 0
2.106036174504669 0.4110184543904222 0
4.561856757387178 0.8854357301446365 0
0.02130032175810648 0.9021694373541362 0
0.04101626957789462 0.8914268916064687 0
3.689412411452051 0.1856763327929017 0
3.038022272853372 0.08583991434795224 0
3.036904924384153 0.06438072224174507 0
3.017421940344728 0.05537908940395336 0
3.040244747445385 0.108008147465002 0
1.590487956029424 0.1846654568338864 0
2.240602313239755 0.1740381633105859 0
2.225502972055575 0.1872439305371502 0
1.819403483960824 0.1740422540250087 0
1.834498754462197 0.1872442771781977 0
1.955960989019781 0.3176979113257059 0
1.006486086224484 0.5698055323934309 0
1.026707203742435 0.5643283916854951 0
1.192889042347223 0.8463223059836734 0
1.214221213846414 0.8348190565359643 0
3.771743008493749 0.959601912507024 0
3.753098228760329 0.9508491139115366 0
1.254541279176677 0.5633083821482153 0
3.659514842080669 0.1724989551061696 0
2.766526719427869 0.8280697297462185 0
1.270324422842889 0.4380516621055132 0
1.284724122070644 0.4570642908558037 0
1.251714505546755 0.429713270486935 0
1.953157608597864 0.9580718672155847 0
1.972559975519107 0.9592789883771905 0
2.00385494629706 0.7950147178158542 0
1.987990239899493 0.7995819522195111 0
2.851447101841147 0.02886007206737345 0
0.7683790859140123 0.344261425879555 0
3.027331297553126 0.2486286938717649 0
2.198045966156287 0.2872760839431931 0
1.86342363205102 0.2881267109982517 0
1.860349493841009 0.3086365124929502 0
0.4960139501090279 0.5609753437820939 0
0.4873938141671754 0.5429367439842775 0
0.4719037458886997 0.5619274957707761 0
3.350741599015462 0.2086480654951697 0
0.7685657199081535 0.2217069838577352 0
0.7755340968363669 0.2024129843030786 0
0.7593449114645523 0.2397311615634867 0
1.122586397038986 0.5618610619185163 0
1.141146623260008 0.5702091145325601 0
3.53989876877268 0.03230462610972107 0
4.990269359326297 0.2676121448987452 0
5.009772730423967 0.2645526322966482 0
5.020078699005573 0.2778534293533318 0
5.028987367034923 0.2627417758742346 0
3.380294623725166 0.8376166308297197 0
3.396854361458825 0.8510790380324356 0
3.360484573998691 0.8323853564253556 0
2.179010789900386 0.3718321095518555 0
1.682338526273033 0.2662386321430796 0
2.377672837110711 0.2662253094397122 0
0.7689058517785061 0.2560842857061651 0
4.979932012426296 0.755027621138829 0
4.999316198637352 0.753381366075243 0
5.010003235341129 0.7354871793445765 0
0.7921848957365336 0.9554548721786188 0
0.1557206407522269 0.03529950842105117 0
0.7551390480830877 0.4278418768265861 0
1.479550192602586 0.1768478146720069 0
1.88959616733616 0.5960401458534343 0
2.211900155449008 0.2395005388913597 0
1.848103880941735 0.2395073395621525 0
1.468010779765086 0.9033568193204311 0
1.963791922923187 0.3696815194320395 0
1.897925145173942 0.8793645856580887 0
4.944229182586939 0.2257853843767232 0
1.175639038112757 0.4293395563640816 0
3.350578107585126 0.272994409541602 0
3.039050346302698 0.1709485450165628 0
3.039248056498312 0.1497938796843528 0
3.056554570390073 0.05265430379156966 0
0.6181620669103245 0.3256888153725388 0
0.6352926679553594 0.3367130882018808 0
0.6367475022180931 0.3161736986742073 0
0.6535044139257915 0.3273914481970647 0
0.6550761907130938 0.3071834760330011 0
0.6536097476563116 0.3454225184145584 0
0.6187835958301919 0.6732116862442417 0
0.6362518744107357 0.6618046186684174 0
0.6407701235381815 0.6834240649050773 0
0.6549046330596615 0.6695292441256342 0
0.6514527860461672 0.6501388775211625 0
3.640187118197015 0.1672115870712335 0
4.910790129601124 0.2010161311331928 0
0.02287496899763308 0.5305612354926377 0
2.147334718196679 0.319728156305347 0
5.018925398494746 0.2981287731348542 0
5.036849022948795 0.304272614665781 0
5.048118698716235 0.3209375527286329 0
0.1978806040527599 0.5859496554994723 0
4.909543137270073 0.7963107942842564 0
4.904317417924699 0.819022344907852 0
4.925250289259992 0.8092234345074145 0
4.921901674369786 0.830265582461664 0
4.939566375439112 0.8232675381177668 0
4.943870872720685 0.8022385364037701 0
5.034466710705669 0.6604408391432192 0
5.046425655855558 0.676803729426249 0
5.052732856563249 0.6610254917234197 0
5.038173155356979 0.6959994414536631 0
4.629011204459154 0.9591350876067581 0
4.639909305436523 0.9403649368298239 0
4.650453861871444 0.9595746811596982 0
0.5250210166894276 0.4187247567614388 0
0.466440944828761 0.5402699969857266 0
0.4541039612644948 0.5532199067534797 0
0.446832890448442 0.5375688259623872 0
0.4326656282249588 0.554885420178549 0
3.056009264034226 0.7271038617912677 0
3.040958421901349 0.7113036171121982 0
3.042586342060081 0.6903939056824527 0
0.7546291940133325 0.9745716417650075 0
3.153933323257772 0.82011095406357 0
0.6379077188507332 0.2957126524669663 0
0.6565820946226868 0.2869766176057257 0
0.6386140204903425 0.2754034262980118 0
0.6578846930224587 0.2670955032009912 0
0.6404589625951083 0.2553381508757797 0
0.659156446149241 0.2470844406502518 0
0.6741384275050546 0.2778717163771883 0
0.6439768773444947 0.2356421923826356 0
0.6608699068668147 0.2270464477243036 0
0.644884642587813 0.2160304983192993 0
0.6269239746152939 0.2406633705261478 0
4.869251698040394 0.1899363294766519 0
4.8697684420251 0.8083396372821806 0
1.902765937692177 0.5790726072155929 0
1.926906701433004 0.5762784717584957 0
1.913297018828123 0.559838662322895 0
0.8752034217017151 0.1791377358232679 0
1.945303921133596 0.8954281487392167 0
5.067482100759083 0.3760593521851121 0
0.8742296004181838 0.4187188454193392 0
0.863167764389436 0.4359908854551873 0
0.8854598351652365 0.4360765989511746 0
0.8447022213237227 0.4398020096423606 0
0.8776906414931702 0.581524666414436 0
2.898471828210945 0.7247860081351996 0
2.916013094088781 0.7367859675263635 0
2.917591561521461 0.7168961546963768 0
4.080842127249518 0.6998210654745145 0
5.017599789983116 0.7011297703845591 0
5.033531131193774 0.7160485010723396 0
5.052327087596781 0.710190898825638 0
0.6727389705776106 0.6541651754544862 0
5.040474923886935 0.3596468563523113 0
5.043134762267089 0.6412007555399559 0
5.060267967481577 0.6309512819286625 0
5.062946795723271 0.6113505155237654 0
4.661039954689077 0.9793665091349439 0
4.671553236116987 0.9593821473140296 0
4.096248087249597 0.7126315862512584 0
3.594004935296413 0.03877409136191301 0
3.613943545049574 0.03345685491291528 0
2.096624168316292 0.781990772824841 0
2.372825168636507 0.2319628583033273 0
1.687177301242452 0.2319618571946312 0
2.782742427198937 0.9608104697009376 0
1.430725460138376 0.5292263880842091 0
2.194185569829711 0.2524159467533441 0
1.865897773862393 0.2524659295291054 0
2.18500771314097 0.8001362807072051 0
2.194127537001015 0.7812568682126984 0
2.174660751280479 0.817669958966702 0
2.182017257821371 0.8372492798158189 0
4.848624806574126 0.1851908700732159 0
4.841133790601073 0.1658996365219877 0
4.820457368075195 0.1645646980941143 0
4.833912287733041 0.1470455740674688 0
4.861696555516354 0.1702397380645672 0
2.194021830662607 0.7461647389890655 0
2.20489884005115 0.7300463420044645 0
0.8907902973365593 0.8596321660494106 0
0.9048999351916729 0.8399738792545985 0
0.9135901467292751 0.8597207736343988 0
0.7426588007442172 0.8114981476615366 0
0.6656146365889744 0.9616631923897954 0
0.3902252599358933 0.5619234659084033 0
0.4095259091859913 0.5477502799088654 0
1.822762856433928 0.1372748180657682 0
3.443517620972686 0.04130623588116689 0
2.237271968824029 0.1372986827261886 0
0.9262401868363312 0.8420760489741046 0
0.9431159813364403 0.8219640370014802 0
0.9484525736644134 0.8492074287735867 0
0.96542039664483 0.8323301769832863 0
0.9698352279318765 0.8519009068165662 0
3.408105588298402 0.04537371113572719 0
3.905779314450444 0.813860430213498 0
0.7434191347260719 0.4108703814422373 0
3.095297416696107 0.9559679057406101 0
3.076799825518108 0.9452768994865408 0
3.076518167903953 0.9669160992023411 0
3.057459411350652 0.9560682486435798 0
3.037499338410801 0.965514600107704 0
3.03921458898379 0.9440357555095883 0
3.019816756177755 0.9534857324060053 0
3.021322091579481 0.9321623223492335 0
3.002078362067999 0.9413390527437329 0
3.003213333362989 0.9206230908020281 0
2.984401055120806 0.9291378806698734 0
2.982298312731698 0.9498223649040142 0
2.965047732400532 0.9386287196683719 0
2.963221296916557 0.9598830590175876 0
2.945142133846558 0.9488557773662141 0
3.019784851581621 0.9750989699794153 0
0.8754451841927633 0.4546857436533596 0
4.455448080872739 0.03399363177106313 0
2.910857393611323 0.7833738339026135 0
2.615713886931102 0.1711488928703526 0
5.066753046528587 0.8689952311896898 0
0.3369220548204352 0.5706015904645725 0
0.8276397652380554 0.4110346077089578 0
2.062973822425817 0.7312317018118674 0
2.082630123516112 0.7294591332340132 0
3.860398608642904 0.4704365371592225 0
3.860185112523741 0.4925359152897738 0
0.2554365074275511 0.4188627151376403 0
0.8298351477116004 0.9560612059221287 0
0.8485997726799326 0.9458034739062566 0
0.6203973727371841 0.6944108229369196 0
0.6406529977649404 0.7064318200167099 0
0.6359190152498813 0.7279487142209724 0
0.6553112142126387 0.7205135088090018 0
0.6527003406560601 0.7399040075491851 0
0.6345503602853055 0.7488885191000292 0
0.6509839511412299 0.7601416062071402 0
5.034639053446828 0.3395327498315049 0
5.052870068260139 0.3423770498203828 0
5.067196384226353 0.3282317176329404 0
5.064602365716468 0.3133877679329941 0
1.27163808545239 0.5755455454879753 0
4.310355543359607 0.03677696342729542 0
4.329768664276704 0.04556618288987119 0
4.347990905977755 0.0323338260260253 0
4.351606253521318 0.05579307317560622 0
4.292985626635255 0.02603873538575263 0
5.19295190684879 0.4101372854423998 0
5.180156683154167 0.4290104178258876 0
0.6544327907584933 0.6951350091708314 0
3.814065317352437 0.6809953434783613 0
0.266612715527883 0.4370238076556835 0
0.2859033228297063 0.4358936512085771 0
5.078018835331756 0.6219411124161669 0
2.197232788087828 0.3336864783746528 0
4.977305159692765 0.2494942167339867 0
0.6389123646407027 0.04658905110556422 0
0.5498581739733528 0.4409452146044696 0
0.5685766877140677 0.4471840941728145 0
0.5532318736714501 0.4826141962882984 0
0.6389966736247379 0.06942748142373412 0
3.059998362152264 0.1612505900703602 0
2.757291554409009 0.03838601002935021 0
2.739775074404115 0.05295251112696725 0
2.663129825280859 0.8849371947139866 0
1.70446047688306 0.268850599481655 0
2.355550843158229 0.2688372511620174 0
4.808580041249339 0.1813362905362836 0
4.80061008322977 0.1625492630823679 0
0.1646298286702383 0.8982621722641805 0
0.1466410218337164 0.8874315614880915 0
5.177776764754285 0.2822766785909677 0
5.157994740226938 0.2859839057642508 0
4.929130579209168 0.7866328166147586 0
3.67369214538958 0.3100894714774026 0
3.735720871258143 0.1819636344069747 0
3.757439651703343 0.1807130178046135 0
3.745259256027164 0.1623840965253551 0
3.766987319367661 0.161082416469767 0
3.78933797073001 0.1604913104676179 0
3.776959827308559 0.1436248074919897 0
3.798943401809082 0.1430977105412149 0
3.810900307681215 0.1599452703892833 0
3.819796967569133 0.1424301324378601 0
3.832443382507059 0.1594015365504644 0
3.841839311058047 0.1370530085323808 0
3.854218666614138 0.1591142381259981 0
3.865378717103112 0.1388093897445773 0
3.876090035306125 0.1585080513030697 0
3.887686498099689 0.1393533419654452 0
3.898694437685165 0.1589779103998498 0
3.755569634920294 0.1447085180897557 0
3.88770791182073 0.1786537286862284 0
3.920655168108135 0.1607770512650548 0
3.912896732585119 0.1377374699454492 0
3.934659913756737 0.1432901707604086 0
3.942249239958965 0.162891845691045 0
3.956346723407872 0.1455009530921076 0
3.734223584055313 0.1458872332599745 0
2.898889596846693 0.2740471356215455 0
2.917952982247356 0.2630875204465921 0
3.370873684522236 0.06641830652676106 0
3.370080728437269 0.08748154630913141 0
3.370847743008056 0.04054798036202834 0
0.0397529891372943 0.4338465164255754 0
0.04011870804353057 0.4562687031898366 0
0.03933926846231506 0.412179787463239 0
0.5669760980662502 0.4283043143220843 0
3.822867383283199 0.1796489504591148 0
2.128320653170249 0.3122306709584119 0
0.1213365132119959 0.03612804933270136 0
0.1039502084880684 0.04895772133483389 0
0.2737058368721956 0.5816376700066198 0
0.2614829347613261 0.5649594282763454 0
1.959516803389562 0.6925219035760117 0
3.062857504562787 0.8021467881110584 0
4.384666441829587 0.03842861702033246 0
4.404681855996277 0.02661402975795263 0
0.5039363932050396 0.4188228756949697 0
0.1814283438179456 0.3258987588105796 0
0.1631714176566605 0.314178620905455 0
0.1635790576329206 0.2930855399505411 0
0.1463692640467564 0.3039358740974996 0
0.1649511005834916 0.3364299525538075 0
0.1812972980063869 0.6739097686315141 0
0.1640239255720495 0.6618121638696163 0
0.164337072410119 0.639603799888869 0
0.1635138174346893 0.685198062977853 0
0.1638509875346563 0.7067462636239409 0
0.1454466710529942 0.6731685741593619 0
0.1434939175288661 0.652340678445664 0
0.1452586712711783 0.6964049641086193 0
0.1454475267687587 0.7177777735113746 0
0.1640515703473411 0.72765209333383 0
0.145996413676647 0.7389004280163459 0
0.1276750056626557 0.7503903223420553 0
0.146172001846796 0.7595703974279482 0
0.9814851704505965 0.4418756585030947 0
0.9618665309269101 0.4487333901694865 0
1.001612761314416 0.4367843681739478 0
3.915423356262045 0.7328528767382123 0
3.896694720116197 0.7446422845052789 0
3.916996670654897 0.7537348351351041 0
5.059223609677121 0.6943742906573939 0
4.807776117851164 0.8173123990568972 0
4.796997383250837 0.8345497452446538 0
4.777259483160716 0.835465729681206 0
4.788204522879727 0.8529118961388393 0
4.817626701203812 0.8359947284088025 0
5.078292995711719 0.6436205913955404 0
1.976155633093561 0.8140873273829154 0
1.582287332201615 0.1665586747468337 0
2.079586628116168 0.8475038746938985 0
2.070034638128714 0.8328864610766766 0
2.06097197223488 0.8484112382772626 0
5.002793384312588 0.7177298374172927 0
4.42170604619013 0.03477957743920118 0
4.848759590941661 0.814914121061419 0
0.01968934172541248 0.4018284249683309 0
0.03887894005683723 0.3907093494356142 0
0.6659592658117619 0.3760084540164156 0
4.788221490546359 0.1804912068493167 0
4.779437245024436 0.1612053548922036 0
4.757796453842237 0.1614688501458522 0
4.771308152176315 0.1445676044910139 0
4.746259045143111 0.1793547467564626 0
4.73805771219704 0.1606165241079402 0
2.073356922620986 0.7512257148408893 0
2.554574004560479 0.1808029156887254 0
2.547482808226187 0.1597115696079667 0
5.046659138381201 0.4233799445977177 0
2.914857334532515 0.7594523756076437 0
2.933813633114618 0.7512656003605638 0
3.721249317575992 0.8180445416382718 0
3.710740177179071 0.8365585999088208 0
3.689135066464188 0.8371702133049881 0
3.699197056688677 0.8573808037862438 0
3.721613848396658 0.8547379327151737 0
3.67616455179832 0.8561020914909826 0
0.1142514836082462 0.9490602077077778 0
5.046562035093913 0.5978148176459553 0
5.065280924583295 0.5906082426495911 0
5.068295664403227 0.5700757760180739 0
5.082246520250148 0.5826932978199126 0
5.086528148706414 0.5622168804776415 0
5.070992792167567 0.5493777002183512 0
5.089064399280115 0.5413674731089155 0
5.073613706899861 0.5284220326622804 0
5.091372408249696 0.5209899007483725 0
5.076763447097541 0.5074607849915135 0
2.945333736969781 0.9690000485514798 0
2.925440726087408 0.9584181809443946 0
2.905892070230049 0.967085451460867 0
2.90713049842102 0.9477553885277751 0
2.888870530673113 0.9568547457319975 0
2.888560896067364 0.9767460806944943 0
5.04636780145057 0.4019709278371363 0
0.8499103776604722 0.9674578140324746 0
0.8681716511427786 0.9558492159769632 0
0.8886099965998646 0.9628911262152208 0
0.8874116672304218 0.9431199485560217 0
0.9050375267583814 0.9491320409679467 0
0.8099848873568585 0.9671969413416288 0
5.049808457039486 0.555005595370653 0
4.766511658528259 0.8183625064210236 0
4.756066280095352 0.8360711618781381 0
0.6717308692026807 0.3177109531662841 0
0.8134666850957069 0.169727590430401 0
1.103774078144788 0.1636494477445264 0
1.121580631537408 0.1510670567035464 0
1.083363284387891 0.1679110809209592 0
1.969044541661637 0.4426399795348087 0
1.990992577915406 0.445140464880971 0
1.014341365387015 0.03613488513803148 0
0.9936168656080526 0.02583571104860194 0
0.9723617562907878 0.03702341354790978 0
2.063302603824552 0.318308367019001 0
2.073748210677833 0.3354223010943351 0
2.096253961805463 0.3359613400219651 0
2.053767082602685 0.3365554432611439 0
2.032839523360406 0.3371189863856521 0
2.020508001030723 0.3201948422015517 0
2.010473035653537 0.342944629003194 0
1.996902337882693 0.3227489701729596 0
1.99054534427083 0.3433161523248884 0
0.1592314676853093 0.1215071601346738 0
0.1788697981134089 0.137385930992064 0
0.156506571120973 0.1419336532297872 0
0.1698179493871721 0.1557019367211445 0
0.1493922572564435 0.1609010095494464 0
1.835510745725555 0.4558825330477602 0
2.224489267179663 0.4558825143972446 0
1.402885358213954 0.5011256900136394 0
1.408081207163967 0.4820444051106016 0
1.394239838937667 0.4679375850752398 0
1.412938186184833 0.463288729427751 0
1.427275817994346 0.4776766359201375 0
1.398259874359125 0.4490092608740356 0
1.380337176348625 0.4539223802978929 0
1.418539638376802 0.4440464618917382 0
1.421325367750213 0.4960124723430425 0
1.440307990778932 0.4905366725391074 0
3.707852277807222 0.3373510358674254 0
3.688050598795595 0.3456439936461765 0
3.705598022946519 0.3589526154722643 0
3.723271192801808 0.3720776838610231 0
3.705437940172154 0.3819574541788962 0
3.721845897434284 0.3938198105866637 0
3.740887934713947 0.3849818281291189 0
3.739007522988046 0.4058117012121553 0
3.719821587662869 0.4163170943389045 0
2.911831787586699 0.2273248004548372 0
0.2458764191323222 0.5233061799344846 0
1.434782570014848 0.8850314287943162 0
1.452650176678874 0.8751376477889927 0
1.453300577509158 0.8564208079667065 0
1.435995813643653 0.8463688941601026 0
3.433467035152601 0.95751648463131 0
3.412272200716143 0.962883775913028 0
3.419035196133737 0.9460757705949683 0
3.400721136925392 0.9470551944309458 0
3.390457311763875 0.9652442455226081 0
2.359357589587314 0.306820183026135 0
1.700596814603615 0.3067887926155323 0
3.685287357641864 0.3680573901425593 0
3.668354874493895 0.3529857481221042 0
5.077527041215124 0.358606516512848 0
0.7424409044168385 0.6527577670001827 0
0.7466398065303439 0.6709968714023142 0
0.7353827418678569 0.6860693319838814 0
0.7526140411739921 0.6891698988638451 0
0.7644667501963289 0.6753363811961337 0
0.7698894476344669 0.6938968645589358 0
0.7572358788925517 0.7066761548604112 0
4.998478575849626 0.2493738977064238 0
4.56586601457759 0.8509008526769425 0
4.578526244830337 0.8309875144391976 0
3.559206884450643 0.02056160919250349 0
2.097832031297295 0.8156759072610027 0
2.087660340512781 0.7996132710649861 0
3.734757870343589 0.836366039187963 0
2.14351820816578 0.5226657747033718 0
4.573540247043268 0.9053752115097951 0
0.6684611337117663 0.7715971343426061 0
0.6515199432529384 0.7811263084493011 0
0.6516631656622645 0.8018431314378968 0
2.178681740800048 0.8809841294544811 0
2.16463994705567 0.8654690336610158 0
2.697524883527598 0.8865868925044735 0
0.6719082096866074 0.7314622681574614 0
1.915555775919602 0.5242612809928436 0
3.370437490287335 0.174204574481953 0
3.351315612136837 0.1621265593311139 0
0.6692909595019283 0.8128584133143281 0
0.6513099618907483 0.822147092762608 0
0.7406254694099854 0.2799758962487184 0
0.7562377963742766 0.2905806627956611 0
0.7557248064342348 0.3088938293133389 0
0.7710330749085261 0.2999921465371715 0
2.214541145568125 0.3167244251159348 0
0.7453579331450861 0.2002361602453668 0
3.59842865928465 0.257345269343071 0
3.583325844365872 0.2908930605915749 0
3.917373843298992 0.9606040250420868 0
5.040750259981873 0.8882812019331905 0
5.018953449821897 0.8877419793115757 0
5.027399536425712 0.9024731106519273 0
5.008546606032244 0.9079300393642559 0
4.998121126286187 0.8872642399783039 0
4.987710577983433 0.9049580853094007 0
0.6186837893788746 0.3048929678278383 0
1.763835780495301 0.4534244481073027 0
2.296186460672148 0.4533855700206757 0
1.842066064601704 0.7581227115228373 0
1.862598536651234 0.7628497381118216 0
1.869098074470767 0.7826671221288508 0
1.88363026487193 0.7683390925028557 0
1.858255492971346 0.740806071551293 0
1.849315858591527 0.7208488093154533 0
1.889606771789508 0.7875346689597391 0
1.874780844023121 0.8014580753275757 0
2.115129336263909 0.7818803164144579 0
2.079380591887455 0.6891004925476675 0
4.87917954857495 0.1462242794096207 0
3.758333644009467 0.3976111866132848 0
3.756370323892773 0.4184428099466795 0
3.775870648434638 0.4102785007018591 0
3.775010752579483 0.4339726878441096 0
3.793401196856131 0.4231697287725076 0
3.751465167273586 0.4379468254683871 0
4.458537046867839 0.1693551871850032 0
0.1256970920769525 0.7078638743634998 0
3.844121688291937 0.8353435614128442 0
0.1246656540513942 0.6647135967405584 0
0.02134877721880057 0.8806319908120106 0
0.03954344888273775 0.8692648808113956 0
0.03838474671352587 0.8476988245445433 0
0.05700998552762471 0.8586805267778277 0
2.013186408135049 0.8940757737065592 0
2.00537555206212 0.8781141430493552 0
0.6618754919484824 0.2064349368139649 0
4.618194091063963 0.9790746382926516 0
4.595870392061803 0.9800160005583728 0
4.582103304962818 0.9610354743057093 0
4.56129024422864 0.9655954140252432 0
3.667676701807196 0.8376662915907829 0
3.656206330960928 0.8562593031967768 0
2.063152297847954 0.4615735161973226 0
2.052317772248698 0.4431055619581871 0
2.031288078510097 0.4439015349332294 0
2.07363490007603 0.4440106308633768 0
2.064393449073967 0.4263309598631823 0
2.020515651075398 0.4617374489730107 0
0.9693029801200281 0.5630655450192313 0
3.352397126169502 0.140465097398877 0
0.01918476572810324 0.8370609869059846 0
0.03756942536588381 0.8259360325133092 0
1.932655251738188 0.3119304176999856 0
0.7487005050667954 0.6195239846952483 0
2.482588810723173 0.04028143867425249 0
2.464753883301958 0.0517164086744949 0
2.464607090471845 0.03124148408535787 0
2.446358255218025 0.0426220298033726 0
2.444918342822766 0.02020697868323873 0
1.484098288927739 0.02246032355392158 0
2.680669877579551 0.8765091865974233 0
2.681217630208243 0.8568281689257818 0
3.60363199646108 0.3015577886483747 0
0.7392663323056345 0.3183022084044344 0
0.7569541730736207 0.3287569491418887 0
2.663652760289359 0.8663298823166281 0
5.113390574485599 0.1563140502850157 0
5.095818209342443 0.1611297716764094 0
5.107408771920747 0.1740642777916475 0
5.082656060953235 0.1470261656099745 0
5.078851860401951 0.1655010877134271 0
5.060425045405117 0.15116584997824 0
5.058522186754145 0.1685363033324472 0
5.079786095720184 0.8521336427107455 0
4.929988352592376 0.1641915116184433 0
4.92011186125954 0.1816138888824466 0
0.01833117163648845 0.0542547229872189 0
0.03723643619210693 0.06496845876024415 0
0.03752054960020645 0.08634617286382268 0
0.05480612042511401 0.07630002823823068 0
0.05573062786199623 0.05290127322938115 0
0.01899876821069713 0.09747653252989841 0
0.03700280007076762 0.1082384658792341 0
0.01882010139230683 0.1195267653983719 0
0.03675651054631368 0.1305447355736922 0
0.03735126694974733 0.1524300504308329 0
0.05417971759899221 0.1418725762819748 0
1.362072755110985 0.924807134480661 0
1.34327846880542 0.9356146998498084 0
5.009829875055733 0.09759742000567878 0
4.725252540830933 0.1777197911932981 0
4.716514161039825 0.1567214077665781 0
4.694053726521063 0.1614305491960173 0
4.700115407000366 0.1423404746880637 0
4.683808581081456 0.1810053092872662 0
4.674644927508715 0.163521719178874 0
4.71832721817092 0.1361867100564239 0
1.344247494983055 0.8707218431734511 0
0.0440700939316887 0.9537408764470102 0
5.097998143361416 0.4996739326357594 0
5.079722900859251 0.4864116457805264 0
5.097652392174313 0.4775953062478391 0
5.081803178456501 0.4651750888293452 0
3.933648749670494 0.7225188136737741 0
5.097668307277491 0.3569735263469001 0
1.368102878769765 0.4177045499360186 0
1.360165535715926 0.4395499897674701 0
1.336277576929491 0.4371423908551053 0
1.347176289322137 0.4552942352181064 0
4.745266303784826 0.8181604911647361 0
4.734388228031603 0.8362131080915284 0
4.715802384645387 0.8345305447550089 0
4.748364240319733 0.8537996809774776 0
4.726028013691282 0.8553377639482922 0
3.896960920496924 0.6606363516046233 0
0.1494447019693737 0.3891910724427568 0
0.1504567920514295 0.4108069620257615 0
0.03945103274857775 0.5617020900922932 0
0.6972561377788113 0.02109980029526642 0
0.1276461427352618 0.7723940304322585 0
0.1480564011585943 0.7815451494202597 0
0.1442396338745362 0.8056696108148048 0
0.1631788536794305 0.7982217618185069 0
0.1672097458052786 0.7781968692941756 0
0.1602013222842618 0.8190241275266179 0
0.1696632018893012 0.8379466758495013 0
0.1407224809633032 0.8268887122825793 0
1.538986387847924 0.03786765066511849 0
1.402084368108556 0.8209823481626539 0
1.989145364781815 0.7092843003406429 0
1.974942070063613 0.7252280653395679 0
1.981458951635151 0.7455053695410134 0
1.964460246755855 0.7400638554877426 0
1.965704738467543 0.7581529765241787 0
2.380433257698598 0.1479630423114492 0
1.855061691703372 0.7986183008461228 0
1.860857317006969 0.8174673825602627 0
0.7314867921646016 0.6066376983801166 0
0.7500702568968283 0.5984181807855575 0
1.324419339379252 0.924740544353466 0
1.324472771038685 0.9467171397261889 0
1.344706264051739 0.9604201691135615 0
1.324946479287443 0.9660340333631571 0
1.303571371598399 0.9606736742345918 0
1.305013444647405 0.9354373344148448 0
1.285648601219709 0.9449330457750639 0
4.558107501435899 0.8667742865416632 0
3.768749358047686 0.6350508143618543 0
2.728075910046461 0.9850997185447676 0
2.748609212857273 0.9800667904120033 0
4.077096423844009 0.7838418037497026 0
4.094371658927452 0.794188053122996 0
4.09575009396016 0.8125791215810677 0
1.679412840311652 0.1479155000046558 0
1.750178829025682 0.4710921302145022 0
2.310027254014647 0.4706685492769622 0
2.040950367290638 0.9814711047784862 0
2.050486848947685 0.9629335706764126 0
2.019456608585302 0.9813821704389283 0
2.010524603412615 0.9621027327087148 0
5.10895142952805 0.5927469238249095 0
1.731832143986374 0.409064310730347 0
2.328171369554385 0.4090751057480406 0
1.346500000000005 0.5814670563590179 0
1.357199999999998 0.5633702530230629 0
1.336230911958571 0.5633599578050751 0
1.325423107087489 0.5817010529758049 0
1.313217483736558 0.5615274105948429 0
1.328003202257495 0.5451329400338496 0
3.36931695418579 0.2608726512452459 0
3.38829997022576 0.2575544136166242 0
3.397144640181613 0.2741831796931894 0
3.37067013830778 0.2805508483027347 0
0.03471189603328062 0.04248021323905404 0
0.8970427143881103 0.4185775179815062 0
0.908447912328072 0.4354939584233466 0
0.9299025434766233 0.4356999375096221 0
0.9175623197270122 0.4557098901046165 0
4.07825099747093 0.8233947250958148 0
4.783556387132704 0.1273619197675192 0
2.030660610733265 0.9628393878742574 0
2.078057451828293 0.9127075730217735 0
5.037640925590956 0.7523835537107357 0
4.950985808765328 0.05701045546037015 0
4.928149282598373 0.05930647228855468 0
4.911904360641213 0.04427472204501315 0
4.910182786186761 0.06192137627457062 0
4.890287952075749 0.05456032366844754 0
4.87634587070924 0.04041306608197126 0
1.325309053598009 0.4187947068694036 0
1.315025464989777 0.4373783752653433 0
2.332199972517023 0.221153240697151 0
2.347928230879853 0.2102389653022679 0
5.100072566859255 0.8578282241710646 0
1.727836175263045 0.2212250949756937 0
1.712005807599601 0.2103732794663578 0
1.712773555334698 0.1704059157852908 0
1.694399930260324 0.1788792217381284 0
1.711920397510759 0.1903468808041586 0
1.692678887335049 0.20012338969903 0
5.088251451624879 0.6640795741316832 0
3.90466434469963 0.9812115489280658 0
3.893859126236061 0.9617896940967992 0
3.872205936387025 0.9616558754505531 0
3.860668368598859 0.9809018868656671 0
2.347134217692861 0.1704062662248284 0
2.365534772172608 0.1788813760573424 0
2.347983171768539 0.1901930302492417 0
2.367251509649891 0.2000679264166497 0
0.757674582676191 0.271240278021775 0
3.760800490447424 0.376101065330801 0
2.906481222910423 0.07852662384894749 0
2.899254251852808 0.7039995294101196 0
2.91942510741509 0.6944318496513743 0
2.918704345941322 0.6721315955134066 0
2.936232119424178 0.6849108489386582 0
2.900103686296436 0.6606748587349024 0
2.919728934008973 0.650034341245987 0
2.284123545463083 0.5538221797281988 0
2.269119724246284 0.5375595199922153 0
1.775854455895993 0.5537809812420729 0
1.790847927987816 0.537496559588814 0
5.057561499911325 0.1040592345527228 0
3.844472810109143 0.8557150644053256 0
3.863062658046799 0.8219954750726008 0
2.151975736150657 0.6382659029376172 0
2.130518133969491 0.638954196319637 0
2.161343933281797 0.6174324007278885 0
5.008216657364588 0.2322753564442983 0
0.6172869853773633 0.8004588359174352 0
0.6170539316001609 0.2015125443789794 0
4.846230433947412 0.1290352854805405 0
0.2650206194005125 0.5322018497827639 0
2.089225510717957 0.6451318453453931 0
5.170474088675606 0.3754584596464227 0
0.1907309708318699 0.5142818448634355 0
0.2085974531972847 0.5030905780824052 0
4.076760356068285 0.7431414929153772 0
4.857676444007739 0.1498277934705223 0
2.234644777175389 0.3261745960141211 0
5.049537050795365 0.2663833683695279 0
4.827188908234401 0.8702748112248121 0
0.6252438836783609 0.6330254741765118 0
0.645716443429172 0.6310993348212203 0
3.954285706579542 0.515766935985438 0
3.9346483733937 0.5246608468566371 0
3.917065576499462 0.5121830886434883 0
3.915400882354038 0.5336095246688159 0
3.897505457827403 0.5211451922433374 0
3.899486844309044 0.4997339467194798 0
3.932569087308956 0.5449993519113268 0
3.914495843725362 0.552107609255993 0
3.879322465242607 0.5072877391665159 0
3.881608678805583 0.4868130549215883 0
3.952204657414412 0.5369601902049818 0
3.96966523644132 0.5499660909200971 0
3.948210005814528 0.5612045696829849 0
3.901417039537572 0.477770105441581 0
3.988096110419799 0.7120637711866016 0
2.633358038077353 0.160065657218768 0
2.653224639033802 0.1673053509317078 0
2.650091718179572 0.1475228003579077 0
2.669624628327941 0.1545220962617871 0
2.671382188174777 0.1753141529286658 0
2.689275771210734 0.1637147901100406 0
2.711127875369156 0.1633396485962817 0
2.683701358629121 0.1448717975597191 0
2.721326099946913 0.1813677867110692 0
2.731699968473747 0.1630845783884525 0
2.720718057221521 0.1451857490699122 0
2.739875898104657 0.1450926771356209 0
2.75112657145044 0.1639427394921852 0
0.8959254798155394 0.8197173096407838 0
2.793154417196261 0.9812006814699622 0
4.899035603111946 0.8543470705401912 0
3.823893949210159 0.5983749766846008 0
5.159536646404065 0.4291308594908876 0
5.169869372995842 0.4470686428337231 0
5.192927352990779 0.4480946859390317 0
5.180276900443767 0.4649375025330958 0
5.159389006611441 0.465196588299609 0
5.169757831399489 0.4831898258993542 0
5.189958741464149 0.4831128345310186 0
5.180206459099492 0.5009952279856635 0
5.200136262863863 0.5003862715687041 0
5.1901034738611 0.5181249932537866 0
5.170023570191315 0.5188660762534669 0
5.179736235896176 0.5364275027345803 0
5.159371436431457 0.5371664874112647 0
5.169965802215485 0.5552156693140722 0
5.192902193863727 0.5530879712169035 0
5.180210330123026 0.5728977031059428 0
5.159314626181049 0.5012881441081679 0
4.218567293374532 0.02864234272486776 0
4.024318120764983 0.7328846676713839 0
4.006216482893866 0.7224687350649679 0
4.006476914072097 0.7431751528177697 0
3.503201510523652 0.1191451341310009 0
3.521846207782585 0.1297455498754911 0
2.447291300041105 0.06331760337621811 0
2.425442792246974 0.05386745661131315 0
2.838883716427405 0.867159059621664 0
2.83777023514777 0.84526846086235 0
2.82096038477747 0.8571653188608968 0
2.818398516656233 0.8340649248945426 0
0.5052713528206669 0.5807054463020817 0
0.6583768571682047 0.08186044767429207 0
0.6394107528962332 0.09136332546761639 0
0.638579430773027 0.1123734730866474 0
0.6190674319828999 0.09903627219316491 0
0.6571255898037731 0.1240131028228433 0
0.6380681191373703 0.1332289032949077 0
4.824809954756861 0.1289616623386159 0
1.428441085803476 0.5503322167907164 0
2.837410181732661 0.977239059292384 0
5.048095589031938 0.508866227433845 0
5.047536452392261 0.466387710658371 0
4.788077305543539 0.01885227695544839 0
4.799095535617237 0.03757311380347472 0
4.77751040407869 0.03767149858176044 0
4.819816899918713 0.03781794369680691 0
4.808358423956279 0.05663155377112988 0
4.766185700096099 0.01888327089111541 0
4.755125801911192 0.03781953329471255 0
4.733435626606775 0.03782542005642692 0
4.743688063483722 0.0562551937313826 0
4.786866133031845 0.05619137752693182 0
4.722424556446034 0.01899772304590397 0
4.711353443902427 0.03780606843965917 0
4.700378459928698 0.01896882850398657 0
4.68926060246123 0.03777684877140375 0
4.667664596939533 0.03776723569550433 0
4.678501888138227 0.05614430858515507 0
4.656571075568872 0.01899357670342539 0
4.646069879490563 0.03764558100523441 0
4.624386639978185 0.03767161665961305 0
4.612804153946816 0.0190973933142114 0
4.602270899077243 0.03774850687301345 0
4.579903335070269 0.03749383026618069 0
4.568823051385537 0.01890104853602637 0
4.557908878144568 0.03742197506631617 0
4.536566553034682 0.03723479280633335 0
4.548843780905268 0.05581769436582612 0
4.525277184330927 0.01822793647088411 0
1.937436502911153 0.4003228552456495 0
2.34279627159187 0.08986661194065615 0
2.561644898357922 0.1447428143987156 0
3.988724883506626 0.8344520730995284 0
4.006509406371679 0.8240462199640242 0
4.006260944319662 0.8038626405222016 0
4.593563149546856 0.128539132838253 0
4.603794575193154 0.1467278717730065 0
4.62501060414805 0.1467386922263584 0
4.613452933797456 0.1646101173781811 0
4.582620092494711 0.1466001920500376 0
4.657523840847441 0.1284663499376146 0
4.635863958429459 0.1286762051866377 0
4.645932640498565 0.1461739673871318 0
0.4922622021515617 0.4358234979186437 0
0.4725379919910113 0.434423500420498 0
0.1824490356671902 0.05200444311778907 0
0.1613990421751765 0.07934449864197485 0
2.10893819672886 0.5829478960647241 0
1.951077442430319 0.5828146380940817 0
1.934581614804757 0.5980055562777367 0
2.130805898015368 0.3784762366472232 0
2.132421143698525 0.3975501595769428 0
3.823364317248616 0.6621959498889544 0
3.059633448528928 0.097145860010042 0
3.040641906308019 0.1291677374400038 0
3.019815697583669 0.1188912918397836 0
1.811607520193072 0.2558631131976898 0
2.248395930324847 0.2558578395088291 0
2.763068892260638 0.1444053040056739 0
2.416717939009304 0.1282177127737194 0
3.708057357359012 0.04036848812750665 0
3.725944906745514 0.05148751518668976 0
3.690026740059918 0.03064859838768386 0
0.1049066947600998 0.06931294537191873 0
0.08790208278716571 0.05848513963624791 0
0.08605098470870498 0.03821639810676036 0
3.860325925409872 0.7020195638428771 0
3.73005146248156 0.5246490858117121 0
3.711633923218537 0.5353654738476378 0
3.710674527700067 0.5600162377602763 0
3.691532272222866 0.5450056185176231 0
2.901206052512403 0.6389910077526424 0
2.919832873337204 0.6276998492410534 0
2.91851912660666 0.6069742762074429 0
2.936815556013846 0.6126190342352064 0
2.899525709538388 0.5961512645154163 0
2.917719043412723 0.5861216897989344 0
2.939901091668479 0.6365370308500113 0
3.078028864872502 0.8596585094632032 0
3.078335303426407 0.8383159486903877 0
3.060706500000564 0.8266901018662859 0
2.095973995987191 0.6245517866213561 0
2.120494700763647 0.6189582675332485 0
4.920334657710846 0.8515557855917625 0
1.30382106730155 0.419096541600729 0
1.975547534635826 0.8927354950119833 0
1.82472247473116 0.3260196473896197 0
1.842391939140471 0.3171533734764502 0
1.858521403096445 0.3292519238874854 0
1.876795639492097 0.3411464163102027 0
1.875371792368053 0.3600849368382087 0
1.895870493659392 0.3715558547150606 0
0.7828797669497782 0.1594790414242515 0
3.350794827699791 0.09720134190833563 0
3.370958908258318 0.109014405445256 0
3.170710801526712 0.8709663746677283 0
3.189470589180659 0.8602547659816635 0
3.17019059278439 0.8503056913752945 0
3.188997989183532 0.837377188461049 0
3.208625689740376 0.850002135616541 0
1.301966789099844 0.5287324337661887 0
4.767569036997111 0.9815643182200183 0
4.75694650578572 0.9631810956247384 0
4.735907478258889 0.9631907937464113 0
4.74592634060277 0.9445541551465305 0
4.724746955604363 0.945062291782327 0
4.713520914388826 0.9266115024498969 0
4.702524845373789 0.944617082965701 0
4.766585011937456 0.9441856042450247 0
4.691687413499798 0.9251214492546571 0
4.725155112420801 0.9814388867086248 0
4.619713755931764 0.8677241957756903 0
4.630397654593899 0.8498722240785486 0
4.65123605094921 0.8505879542851504 0
4.641092424221062 0.8318934242016607 0
4.617221755267355 0.8332041403603939 0
4.404531045904026 0.1785565448143748 0
1.658470578331104 0.01887083242969928 0
1.647671094480194 0.03753087228778407 0
1.626158740513201 0.03761662685462652 0
1.669127549594651 0.0375939299000449 0
1.658364032840768 0.05609561094790971 0
1.680473761103501 0.01894981482758362 0
1.690050313493671 0.03792028959447347 0
1.67797727436934 0.05610703191303962 0
1.615186293995017 0.01892699184495217 0
1.604354287117061 0.03720975999418352 0
1.616106080189568 0.05464362649450377 0
1.593199411294989 0.01866089172017615 0
1.579579341719489 0.03864938922904926 0
1.637407357957237 0.05490474994960548 0
0.1570426184705598 0.5993117431512354 0
5.049579234324073 0.1329354373998165 0
0.7824939677941916 0.4764573692855555 0
0.7687590303126044 0.4618962989189683 0
1.278869224666448 0.4779223009266546 0
0.1302110281884428 0.3566560972491813 0
4.42296196511789 0.1681731752739961 0
4.422513802554772 0.1480359620984898 0
4.404336863954695 0.1361355175956201 0
0.6499694696810057 0.8642174602796312 0
3.787574637860811 0.5987817932471047 0
1.894532829219456 0.922108784187248 0
0.6564870758254937 0.1449267861442052 0
0.6377985752405304 0.154293997981005 0
3.547247823071682 0.9637470908978624 0
3.566087401872355 0.9502000294932478 0
3.526139328611662 0.973514917026042 0
2.400504580015992 0.01858188279594802 0
2.411250309035621 0.0371159672545438 0
2.389804459616303 0.03702918477753236 0
2.401493976679438 0.05505829666594164 0
2.37863466906859 0.01870315104607662 0
2.369189578341566 0.03772199678290672 0
2.38157967654196 0.05592142275152318 0
0.01888274981352778 0.8153180364908537 0
0.03754442744328701 0.8042697981432084 0
0.0373440329039556 0.7830317596993395 0
0.05575804385937477 0.7941034199924526 0
3.636233485658723 0.4502024676029635 0
3.616343399980496 0.4592156394297365 0
1.549548227394616 0.01763121612322471 0
0.8777369149049243 0.1315044075613149 0
0.8587741493148375 0.1415164591294945 0
0.8406133465038295 0.1299796757220814 0
0.8398711170845454 0.1513367314456819 0
0.8224473646588426 0.1394083408186918 0
3.763497790296616 0.81401682884334 0
1.912827696309233 0.3618408838223964 0
1.912296703347772 0.3819288247696204 0
4.777980071241326 0.9630738469169222 0
4.799258230495052 0.9630683339762978 0
4.787466741843998 0.9437779931219529 0
4.8081314043201 0.943168734974356 0
2.237661683277755 0.6966138833865629 0
2.223650473540531 0.6823560202653143 0
2.226895236786189 0.658646004104828 0
2.25042448755098 0.6548321498071501 0
1.877004934190275 0.6136914339341478 0
0.6925374573940213 0.187193148762362 0
3.817305261917066 0.9811494620362166 0
0.2836950383795913 0.5625746890145695 0
2.943979003879394 0.09868578953528351 0
1.710918638848251 0.3485590668227151 0
1.725318981483561 0.3325792292275981 0
1.731257505208577 0.3525038325600072 0
1.743898215234867 0.3366857775425692 0
1.752107740395872 0.3571106826977946 0
1.71674358510866 0.3681847883609487 0
2.343145371375488 0.3684017482457494 0
2.348891117573613 0.3486054486449428 0
2.328751841858031 0.352704003333587 0
2.334514695800022 0.3330394417670556 0
2.315980772940853 0.33689631897402 0
2.307624729689502 0.3575504236643996 0
3.378772727710364 0.946753913742739 0
4.458341750816871 0.7687783672497118 0
3.7112921853462 0.513825864318797 0
3.041535022238429 0.8376384227325339 0
2.02400608892551 0.8786471208265239 0
1.325463349627917 0.8593474995663891 0
1.345127263829164 0.8500972944321274 0
1.97699157434298 0.6652529445571951 0
1.642740553873841 0.1281550921769272 0
3.915423113691342 0.6916446981778193 0
2.216628032192461 0.701398883557356 0
4.592152597943651 0.05588652453107307 0
5.159476050489766 0.573568382686223 0
5.169782661040474 0.592188276444221 0
5.19385555069743 0.5905124096212043 0
5.181298685003012 0.6097223868755274 0
5.198628231376244 0.6100209960213614 0
5.191880504555894 0.6271546330049311 0
5.170945796770241 0.6287880032710906 0
5.18408931769306 0.6469083960100342 0
5.196149106252027 0.6646788736771301 0
5.176486920383554 0.6673756304378815 0
5.161290011324486 0.6518571279713185 0
5.15670270299864 0.6734920187514277 0
5.169856926849339 0.6871107643859183 0
5.150598062297282 0.6930338070329491 0
5.164258338526706 0.707272939835023 0
5.14377581781851 0.7126311191014664 0
5.160714616993316 0.7275370953421486 0
5.139756038477861 0.732690328135615 0
5.179738057420851 0.7175983753341343 0
0.7628618955517243 0.4819175699136694 0
0.7567577432359405 0.5018935386794026 0
0.1282152804721712 0.1632623052156982 0
0.1262924052906831 0.1855433696302227 0
0.1446140374578762 0.1964154522170066 0
0.1454973259585279 0.2171035246379585 0
0.1636325175275157 0.2062639079626951 0
0.1639606920860275 0.228281403260077 0
0.1458520333130058 0.2386194867503813 0
2.930560646347722 0.8578801244438707 0
2.932029099344666 0.8365772196932543 0
2.914614236427685 0.8466417520583338 0
2.270014373492424 0.5945293977987163 0
0.1279087118451092 0.2497086621602788 0
0.1458528558903001 0.2604293726260529 0
4.460057986287161 0.7267464440787441 0
4.478805559849794 0.7160388714637259 0
4.478222166894099 0.6945454502482657 0
4.497465676922975 0.7053388504078246 0
4.496264290197633 0.7288033616632339 0
4.661521937699362 0.8681381361362457 0
4.672150550845833 0.850906683317229 0
4.682280385491021 0.8682341943305797 0
4.691694086313142 0.8499873305172525 0
4.679730765953188 0.8330709996862111 0
2.31580767237658 0.2319383658501461 0
4.476858230533201 0.7374626348207469 0
0.1714617564320222 0.4829596504203493 0
1.572467409842727 0.1248746198035066 0
1.590204470502506 0.1356868342495438 0
2.928771487962149 0.1955847662671237 0
2.927940468836043 0.173799293719262 0
1.744208642591735 0.2319344308855089 0
0.7768765374784501 0.8580802104962704 0
0.7782345008256559 0.838562080182564 0
0.01856450163892553 0.7068022277865689 0
0.0371577407394601 0.718157056368231 0
0.03744456764371717 0.7390935415910395 0
0.05503186667822701 0.7298447169300706 0
0.01889330444542159 0.7500473336671271 0
0.03718870767355753 0.7611840115509398 0
0.03600286470890524 0.6982034186009388 0
2.949712457299102 0.8261734529126962 0
3.410201316360406 0.1742191458471267 0
3.652639149670231 0.1389209550852418 0
3.177538933838457 0.818018691413225 0
5.078104199684416 0.215928545128835 0
5.09836391604736 0.2154809317352814 0
5.108798110998102 0.2330985465215069 0
5.118218957180274 0.2154554068892999 0
5.12895657476906 0.2331696060476526 0
5.106944350763967 0.1958872873668221 0
5.139012257288791 0.2137655033805397 0
2.912356005675297 0.8678386052489276 0
2.247205616521962 0.2360693417747129 0
1.812795931103724 0.2360717531400059 0
0.8069259140130485 0.01854302905324884 0
0.8176127931991148 0.03608244871703703 0
0.8395167222209001 0.03747016810596676 0
0.8260023289440372 0.05587343399493977 0
0.8498806886730601 0.05553347054067886 0
0.8612890556275361 0.037535505793371 0
0.8719498315048675 0.05567511468821684 0
0.8606908494154746 0.07524855129725727 0
0.746177761747044 0.1790604037572439 0
4.348611724971962 0.9458012769038324 0
4.366966252801832 0.9565472194088807 0
4.36497549473712 0.9800108324233259 0
4.383846564506888 0.9680419980926925 0
4.365725598658991 0.9351049810670722 0
4.366204760233183 0.9141385055612219 0
4.348648551277249 0.9028299499850559 0
4.370831655617511 0.891471041343324 0
4.349301043700153 0.8811022337241461 0
4.366887070551659 0.8690335119432362 0
4.365347362489284 0.8488873481801724 0
4.348009802530623 0.8387783823153208 0
4.351520845065201 0.8162412856995169 0
3.543121096237676 0.3972038362362989 0
3.383577621540771 0.01971307015391804 0
2.126046386637871 0.9305729716541841 0
2.139286092946723 0.9473233715699324 0
0.6790930458674835 0.5732157171697634 0
0.7746113380944606 0.7085416671737026 0
0.7624432916058899 0.7238594437995415 0
0.7421808738009761 0.7185927237842986 0
0.7519447923262064 0.7371455435993476 0
0.7718986952712155 0.7410381848965319 0
0.7237722003516158 0.7243123330330523 0
3.561473165145477 0.3865023069712897 0
1.608348157755797 0.1255094401090839 0
1.717101211422662 0.0896158272978273 0
0.6252625463142909 0.3663065422094732 0
4.006097300106727 0.7017370070338733 0
1.062858532551437 0.1618019256802447 0
0.0188030188836259 0.2717945707668346 0
0.03746666704454027 0.2828163795151842 0
0.03762207144407359 0.3042928688539093 0
0.05614592047463596 0.2936240189429555 0
0.01886009208481987 0.3151855923998421 0
0.03770316081902969 0.3259261602110785 0
0.01889360091836956 0.3369365674954214 0
0.03771132108721131 0.3477167293047755 0
0.03731462028270105 0.2614412629773494 0
0.03726163238359215 0.2399591547141677 0
0.01877316211023938 0.228502983896024 0
0.03719538924952781 0.2184290255736764 0
0.03722686870721192 0.1968565402237821 0
0.0188185451073819 0.1851523989867677 0
0.037336700263642 0.1746072718365735 0
4.34863727788928 0.7728257024438163 0
0.7408231074363731 0.3589444286177106 0
1.79001026697976 0.5945916564807761 0
0.6169749930470643 0.8416040535439524 0
2.749420460269093 0.8773795960555317 0
0.1548606962327508 0.5365393480399515 0
2.853069647730408 0.1334010273610841 0
2.853475547999381 0.1539155636175583 0
2.871189189514767 0.1678746614814233 0
3.505324867869529 0.3336840667867812 0
3.487021206574431 0.344471233614747 0
3.559491084196516 0.1938672816883404 0
3.710900473083171 0.4924720987038774 0
4.423041241828475 0.1893222232401562 0
4.460215142613638 0.6837561904583949 0
4.478171819545435 0.6730402477966264 0
4.460197164971095 0.6622443112946432 0
4.478849717094856 0.6515135256576203 0
4.478341099781288 0.6300161012062144 0
4.497636637787123 0.6407842394377596 0
4.495845527266351 0.6654599355137381 0
4.46034170534934 0.6192047643027372 0
4.47837241221634 0.6084758702912882 0
4.460329675337823 0.5976850970844626 0
4.479210709710275 0.5869944025026904 0
4.478454444140448 0.5654143414778318 0
4.49780504883117 0.5760530533163414 0
4.496039808738903 0.6009635018674037 0
4.460379307900976 0.5546194516579719 0
4.478425796078041 0.5438761844274113 0
2.55928818340883 0.122708712810931 0
3.597048670787346 0.1719634019296262 0
3.595550713466579 0.1933546113966411 0
2.63764722286492 0.01864560378948388 0
2.626878610833884 0.03725541086069856 0
2.605418408996504 0.03726582049869037 0
2.617467705077886 0.05573365253582152 0
2.637546985481824 0.0558329839232965 0
2.594296500158804 0.05673289598036158 0
2.583705475918464 0.03660751333808338 0
2.648374210160199 0.03726068801049881 0
2.669850493332753 0.03730779520951377 0
2.659116952830863 0.05584872915536854 0
2.679877609820468 0.05524059934714032 0
2.691169398596854 0.03727220712852575 0
2.703622904815602 0.05509743455010568 0
2.713351643873191 0.03513489335636744 0
2.745620827689985 0.0181792371286944 0
2.788224495382676 0.01849599059852397 0
4.310950715447449 0.1246129068323242 0
4.311148814723047 0.146052141465126 0
4.29293272477299 0.1571811574945663 0
0.01870951042063806 0.7719605174862345 0
1.963729389569741 0.6237326611449385 0
0.8942713034010483 0.01889041499463506 0
0.9050900032573144 0.03685382504714696 0
0.9267496315993766 0.03683163003131729 0
0.8834032443496127 0.03776865077871061 0
0.8961813247469135 0.05696273557334036 0
0.9378816803722994 0.01875425803935643 0
0.9486317217150904 0.03687018256407265 0
3.804733513914746 0.5666730319476516 0
2.972900168077588 0.2594179271553194 0
2.986894719924822 0.2278411271185805 0
3.226569404506181 0.9255908022032293 0
3.207617207317301 0.9362052301967639 0
3.245294997733127 0.9366716996735422 0
3.225892257604777 0.9465611307702739 0
3.206848921499554 0.9570618458449602 0
3.188651389605691 0.9468356632783983 0
3.243079390129112 0.9611597300876145 0
3.263029481296208 0.9481784948556378 0
3.262729121603263 0.9667205986380407 0
3.18737139446264 0.9678034919504439 0
3.282567169236712 0.9597457449492652 0
3.207067340576376 0.9796615690028898 0
3.897125521897256 0.6396683916251095 0
4.010147962663909 0.1469596335581653 0
3.993385407143154 0.1579378443647511 0
4.009828137894587 0.1664555975505758 0
4.273508621973152 0.1463258240057791 0
4.274593130481913 0.1676266781656191 0
4.255235813198145 0.1564789457589046 0
4.236276945971885 0.1456200138871754 0
4.254716333817642 0.1788158731800703 0
4.235820735903725 0.1245478143869761 0
4.217060462873281 0.1354221356728558 0
4.218931523992385 0.1603512667966045 0
4.198574735077194 0.1469988798650598 0
4.199414546696416 0.1660011896538192 0
4.178846673938994 0.1607319829368996 0
4.179428859195657 0.135842043894864 0
4.16076292254591 0.1467870605956797 0
4.160557721650463 0.1249583971787853 0
4.141762589624111 0.1358345577927423 0
4.141557623408143 0.1570638025564427 0
4.122951663638971 0.1466740779114595 0
4.12335846521221 0.1679691430302534 0
4.104164698208245 0.1580793079846062 0
4.08373995920466 0.1686675215692519 0
4.08492256393932 0.146930169919566 0
4.066003141730458 0.1576318965339921 0
4.144403619278872 0.1796389938401808 0
1.008709576092074 0.1468460973867988 0
1.007266357385017 0.1679368858242372 0
1.026742348363846 0.1797321504118592 0
2.890216745393911 0.1540966906208133 0
2.890921146814611 0.1747300090978662 0
4.46034758907602 0.5331007273281042 0
4.479035484488877 0.5222803169604661 0
4.478405484697084 0.5007940833004094 0
4.497820617993856 0.5114153189644375 0
4.496041998194617 0.5364167899374154 0
4.460343100183565 0.4900348185553315 0
4.478369771116544 0.4792862404614131 0
1.253829586806789 0.1445152079109145 0
4.047536038970569 0.1251588268103112 0
3.898980240456994 0.8455811804929529 0
0.7730529408605531 0.4417900196147722 0
4.042992753362738 0.8851425568058415 0
4.460311853490888 0.4685221494772513 0
4.479211789930566 0.4578293971897678 0
4.478404773771423 0.4362456742330751 0
4.497767670820645 0.4468633080348568 0
4.496037983552748 0.4719306145090003 0
4.460320199544578 0.4254727637022374 0
4.478326846121849 0.4147260176445643 0
0.7972335121970731 0.4913245974165673 0
4.460280652169807 0.4039605515062435 0
4.478942889060576 0.3931600310198735 0
4.478336359976532 0.3716757262761266 0
4.497719819131443 0.382330379235817 0
4.495960512143548 0.4074247227830434 0
4.460291603512195 0.3609190854738786 0
4.478289774127377 0.3501717488191822 0
4.02942984861439 0.1609049969174307 0
4.024407931829646 0.7533399302229831 0
4.006510577448008 0.763462096019027 0
3.988498044178086 0.7735534576770356 0
5.210969092079281 0.5191593257758029 0
2.289810266162795 0.0629556160559836 0
3.72967232557576 0.9814621935373775 0
3.708309548323416 0.9812138740551493 0
3.71871234860308 0.9626659161451607 0
3.697435183818618 0.9624128322726805 0
3.67581914358536 0.9622975244911186 0
3.707922713180894 0.9435363849250467 0
3.73180948458709 0.9423643866481658 0
3.664884002280127 0.9810908161124419 0
3.654108752584604 0.9622208980063868 0
3.665776877723384 0.9433804829061445 0
3.643988877018855 0.943239222500791 0
3.632464671521906 0.9621342043356799 0
3.621901171930749 0.9399223191495065 0
3.610642655967855 0.9615387150853589 0
3.601594649542833 0.9457205151651673 0
3.586180640417274 0.9610190914936384 0
0.208515633802739 0.5678150296777318 0
1.770189777124933 0.06268787605439474 0
3.637171087843861 0.4933997073658363 0
3.636886124467515 0.5144075338276989 0
2.725447251995334 0.8168929177669602 0
2.702270384090688 0.01822296041183069 0
0.3545943598989738 0.5596306827346287 0
3.595760161105816 0.08547190545588046 0
0.9332385798448863 0.1436249575630961 0
3.430773426875602 0.02015459687934928 0
3.643121579526623 0.981088318196676 0
4.819190528610788 0.9614377824419787 0
3.860248194415608 0.5979548983606758 0
0.1805960309007419 0.0933815049435156 0
0.6485682939986148 0.9057078813300804 0
0.6321838712965633 0.8950661957085484 0
4.46025648924148 0.3394174083210548 0
4.47890650927722 0.3286167670897547 0
4.478297435834085 0.3071449092778774 0
4.495936615931971 0.3142971689299449 0
4.497914981118125 0.3392530440950467 0
0.2271484963595678 0.5131319262632219 0
3.523714570876274 0.3228385366248421 0
1.306245450999372 0.8697517727726325 0
0.8015329942457776 0.5468068516612381 0
0.8158331656304203 0.5615391410023194 0
3.390060189364567 0.09869759965747998 0
4.509585370232241 0.8718214256870271 0
2.954659957567741 0.355812373108811 0
2.936361153783782 0.3448596598734034 0
2.936118567234152 0.3663042904979305 0
2.936467624098849 0.3234263742083474 0
2.917801886597509 0.333923370849967 0
2.917318041445484 0.3100328853482205 0
2.95441905651072 0.3772757118606009 0
2.935700808845902 0.3877513035392469 0
2.935576917036226 0.4092005344021934 0
2.916902699221504 0.3966198703507319 0
2.953743560655645 0.4202435650779752 0
2.935227410246947 0.4306906341117246 0
2.953496547292546 0.4416750936702813 0
2.934753418484907 0.4522071020644038 0
2.934754231474916 0.473659860373594 0
2.916139245562953 0.4609583306907217 0
2.916498335924017 0.4395072044172682 0
2.952865827968252 0.4847248943159601 0
2.934383610065246 0.4951656721833245 0
2.952551187709491 0.5061593403704976 0
2.933873436469979 0.5167289153178805 0
2.934030925426574 0.5381697544991784 0
2.91544345062499 0.5253458103953107 0
2.915851197183748 0.5038577398265897 0
2.952204212449463 0.549138099655496 0
2.933311123251019 0.5595438438274684 0
2.952149190666243 0.57033905121075 0
0.7352393551573082 0.5663314353530896 0
2.950979873340529 0.2493813737675245 0
4.348616525729799 0.7297251237632048 0
4.367244672091171 0.7189193130683331 0
4.367392950344354 0.6973307246548088 0
4.386087003505192 0.7071604443271369 0
4.386017775560429 0.685577628900123 0
4.367243827232678 0.675536446245921 0
4.369192840759851 0.7427464734379685 0
4.19823604001169 0.1248642722075008 0
1.94781376602085 0.7082445008286207 0
3.120195103322303 0.9809251568883586 0
3.141705677364178 0.9811254329017237 0
4.572293668114055 0.1283746603310316 0
4.571617242641532 0.1645691650133834 0
3.845232691646553 0.0189715947935426 0
3.834278488605284 0.03792544706925044 0
3.812404514665272 0.03793115363985783 0
3.822648309407055 0.06039978274238023 0
3.799975492575265 0.05621830975034758 0
3.846177838903682 0.05782525797006077 0
3.790242156259177 0.03782434493109682 0
3.778807046398838 0.05541411867413104 0
3.856331756850329 0.03808843896930436 0
3.878062682301582 0.03795488519068996 0
3.867288664148038 0.0569981932858441 0
3.88894402565402 0.05689060523903616 0
3.899895543393647 0.03799513209272248 0
3.909780606176283 0.05722419447617189 0
3.920932650646186 0.03767984887523246 0
4.489656491711616 0.9815491180435476 0
4.532440955578251 0.9820604279939112 0
4.521024345399105 0.9632468373312078 0
0.01997554288114545 0.4455284084612166 0
0.01978533147950934 0.4680585177114291 0
0.04044943513038612 0.4808150103348666 0
3.133454805723941 0.8707802689447922 0
3.151941772512611 0.8603760227544863 0
3.540319237883183 0.09711674468313752 0
4.425728907082355 0.9814635692823617 0
3.582537183333733 0.4419309359715451 0
3.561420300620552 0.4510804520034338 0
3.596345725346346 0.460244807865536 0
3.5919761481225 0.4796793455531771 0
3.468840441183336 0.333260211016663 0
3.467235945852354 0.3525064067854194 0
0.1900160764090879 0.4929582715760482 0
2.50806383196517 0.01804908447983955 0
2.529804592757865 0.01854376904117327 0
2.542388437986677 0.0372399577026109 0
2.562698789921003 0.0370358496790405 0
2.573048245342013 0.01849179946272422 0
2.519294371206314 0.03864053717851845 0
3.502233278642441 0.3788649969077951 0
3.509574182997872 0.3969688368516917 0
4.348696564813958 0.2324110281561983 0
4.348714157507197 0.254046651296807 0
4.367426414071371 0.2647284345753286 0
4.367396428773887 0.2863604802032605 0
4.367386228430207 0.2430338387290431 0
4.386080467318942 0.2755066813868245 0
4.348734270414663 0.2972668315027056 0
4.367384880197966 0.3080025126863778 0
4.367326587734806 0.3297305425709758 0
4.385946330490651 0.3185132130107424 0
3.466197919067759 0.1841905949888156 0
3.44790829235971 0.1952670078329854 0
3.46656300772099 0.2057321849928222 0
1.232459099354963 0.8476113698824287 0
2.834335609436872 0.1232732082477219 0
3.485606559684856 0.2376623283226922 0
3.485911257324886 0.2591109763712515 0
4.460204470071594 0.2964056181743578 0
4.478094689063211 0.2856564400181724 0
4.478720863594389 0.2641731916453397 0
4.49751708923371 0.2748065383365954 0
4.496101749623437 0.250417695356128 0
4.46017426196463 0.2534806581144052 0
3.060778251041765 0.2046154082020191 0
3.061265882246543 0.2266386015811108 0
3.542649180365513 0.4390023494610527 0
4.550857022631863 0.1644242593173489 0
3.988093968094397 0.7325998111330492 0
3.040700796208363 0.1931030714296805 0
3.951629149385011 0.6287913603242234 0
1.06637089249373 0.1165056463436381 0
3.494571896543614 0.01944158255200751 0
3.504443825020279 0.03637533366358375 0
3.472741893916068 0.01992616816397574 0
0.9399872497576223 0.9811589596342651 0
0.9509807453813846 0.9619534535459264 0
0.9729543237488345 0.9619023682138014 0
0.960426867018761 0.9440722142612541 0
0.9395871947398693 0.9448063620086811 0
0.9828980485617469 0.9394966480209936 0
0.9947543802874039 0.9613083498728192 0
1.006476966389207 0.9421720227389127 0
1.016968870115044 0.9616411337094792 0
1.027848336026057 0.942793595829797 0
1.038870085039833 0.9617967418095998 0
1.049821171382741 0.9427592453830305 0
1.060846807226094 0.9617677517715264 0
1.070991561712336 0.9427343468599432 0
1.081927563717903 0.9622370929111994 0
1.071778851137957 0.9808742546348987 0
0.9260688606088445 0.9614507496406006 0
3.428640378826935 0.1631097984677575 0
4.446588949351591 0.8353959711655379 0
0.2786087742112899 0.4562027444991533 0
3.910766756009104 0.01899992994303346 0
2.960525329908835 0.0218396440449935 0
0.9714455534200246 0.1452295516030568 0
0.9520239064443019 0.1591476770218375 0
0.9895766404366935 0.1571801484454409 0
5.212506099352321 0.4393993505113155 0
3.077147813972698 0.9237667909904614 0
3.969928687479392 0.1272495254857708 0
3.767901141036874 0.5882655717712855 0
3.75013927196169 0.5990459280333943 0
3.731991152732453 0.5884164834997432 0
1.291209946195556 0.146485064272211 0
1.30960095672154 0.158272943010042 0
1.328750624823773 0.1479517736514246 0
1.329395291391822 0.1691205264467537 0
1.347297162501147 0.1592690743357041 0
1.290064704360773 0.1677359744736559 0
1.347960582861738 0.137775232050592 0
1.365966979219578 0.1485918766171924 0
3.73054035251829 0.5673680909123572 0
0.1274424157085479 0.2282490173056461 0
3.061291253539896 0.3783895242709856 0
3.042588079309985 0.3675893866887104 0
3.04257783344793 0.3460068104535257 0
3.06147982975993 0.335139614228862 0
3.044099695442801 0.3238735038836152 0
3.042588079310811 0.3891935513384726 0
3.042583477111494 0.4107750807327681 0
3.061283755032381 0.4215888838465781 0
3.042760457844019 0.4323368626415043 0
3.061306329578927 0.4431851522465368 0
3.042974534479623 0.453950546875146 0
3.042750699653013 0.4752503529455258 0
3.025359447714803 0.4638678053285632 0
3.061244663814599 0.4863445483942691 0
3.042993135517266 0.4967696156832859 0
3.061172936686304 0.5079632078195773 0
3.042872642909431 0.5186976728233192 0
3.04264411559997 0.5401260378159667 0
3.025182230356701 0.5288803766198268 0
3.061177918397809 0.5511881809362028 0
3.042839762899598 0.5616458130031461 0
3.061138036939603 0.5727937975928074 0
3.042758115275945 0.5835500890656011 0
3.042683904023704 0.6052133390321809 0
3.024879979110424 0.5936835943961116 0
3.061172363522465 0.6160694850147668 0
3.042736771749739 0.6265098366954682 0
3.060908044439651 0.6376880716134656 0
3.042849856389865 0.6477721260258401 0
3.339476438141039 0.8375389551557499 0
0.05632846262278246 0.3367424766350154 0
0.05686068100691832 0.358276921496136 0
0.07527416707341583 0.3471982286412478 0
1.871820547891746 0.723845292205046 0
1.173302995788359 0.8560689335873231 0
3.005137525866617 0.7740156263736839 0
3.006324948616172 0.7525190126286547 0
1.005938014748878 0.9807899557123413 0
1.786103139427752 0.1135597230579132 0
2.955141622406837 0.312751312193016 0
1.272222348743201 0.1561096389945474 0
1.269166287267992 0.1791284199991257 0
1.25446769205513 0.1232943321087511 0
3.504578896311158 0.2695887338652245 0
2.98270439684099 0.0186468177148873 0
2.993617077518854 0.03502452536919365 0
3.431196707284526 0.3131984869933971 0
3.415583920736776 0.30331777013873 0
3.669979730894075 0.01918299151805603 0
3.485009152512145 0.1947123731276865 0
3.617375738305783 0.4179917449677339 0
3.618009999764645 0.4379938048128653 0
2.023623873888603 0.4141675893492531 0
1.243679513665693 0.01890420430152923 0
1.252888845300312 0.03738191608856678 0
1.273197508947282 0.03752407490704301 0
1.286606750977181 0.01875562610119652 0
1.308863045484133 0.01782661125959595 0
1.232008391625061 0.03686306107806014 0
1.210891199536754 0.03775776508343859 0
1.200015129460404 0.01891117909889317 0
1.189159804620827 0.03786427628879957 0
1.197252503942844 0.05650623704430591 0
1.176796147785514 0.05643068048336086 0
1.167106368650667 0.03783242129351794 0
1.155564223840756 0.0560486269000402 0
1.145363767674663 0.03781656618414136 0
1.134730097142574 0.05685938337584984 0
1.123747886146444 0.0379933869706498 0
1.112898436532221 0.05672039045714883 0
1.101122065341065 0.03913832833146469 0
1.078523379287963 0.03895359210519928 0
1.068353684561745 0.01963150066593466 0
1.053859120434879 0.03948321207504157 0
1.112671258721389 0.01918815363003495 0
1.178167469918801 0.01893359986518911 0
4.152211927736895 0.01895170882313013 0
4.142601639528818 0.03713733775997191 0
4.163331606263951 0.03779592145714139 0
4.15308969922745 0.05596284355193698 0
4.17328867266142 0.05679916494560228 0
4.184602115609058 0.03784028268293427 0
4.196216639558886 0.05804053392531239 0
4.042566376988105 0.01897182851799645 0
4.053525479992597 0.03793948396650543 0
4.033264387661109 0.03796781037785929 0
4.074418797383226 0.03726208877482573 0
4.085446334424442 0.01842873699333442 0
4.107666153861983 0.01829200022413646 0
4.020939608609208 0.01880005352091985 0
4.009544889729271 0.03873271966337349 0
3.952653308091985 0.01785619798379279 0
2.613901242962259 0.1303166063090649 0
0.8505451184950923 0.01885601020291189 0
3.795820936100816 0.4016478716119732 0
3.81314814882754 0.4149692258959188 0
3.811549019599591 0.4364140321882055 0
3.465279886245161 0.09783246029847736 0
2.177255930167341 0.5409985537340374 0
3.245936830688956 0.8714327529083943 0
3.227205592046423 0.8605034176051789 0
3.246853707084927 0.850773963766268 0
3.229602499802911 0.8377491134930306 0
3.757551260322111 0.01901143927927429 0
3.768418483113507 0.03774360790894982 0
3.760203921792041 0.05359930867658813 0
3.744743744806398 0.03947877099384345 0
3.734831374558339 0.0185342641577752 0
0.6645055747589987 0.4766481336392405 0
1.122402433393843 0.1294092922307796 0
1.140775278159372 0.1409415383201826 0
1.139653359622016 0.1626891197426817 0
1.158688530868368 0.1533225777785272 0
1.159914499998608 0.130947978961195 0
1.178324277526537 0.1423911818134172 0
4.122879807075973 0.1249723342661391 0
2.594558237973712 0.0185019305828133 0
1.818915307271456 0.4451211670517053 0
1.852843614618927 0.4456839527844538 0
2.241085444145492 0.4451148923373109 0
2.207161982174509 0.4456877982122424 0
5.21253363981914 0.5607685529177828 0
1.009544720847646 0.1252842435088219 0
3.189007989361152 0.9250820050408748 0
2.917188913329474 0.3752175202316537 0
3.771614694727859 0.8765545378852304 0
4.446598707954735 0.908579279178977 0
0.4604841257403436 0.4742703366326137 0
0.4420498259816978 0.4642458996478449 0
0.4619097531854219 0.4517657215613881 0
0.4411720640305683 0.4430030074634698 0
0.4237102043049639 0.4543223549523591 0
0.4234446233119447 0.434624707060536 0
0.4062529545217823 0.4459162520157547 0
1.135503649557912 0.854581498673191 0
1.116711713328018 0.8428795391627981 0
1.097498580546372 0.8536483652429151 0
1.136318894357637 0.8329700269138351 0
1.09640470220512 0.8318997586912282 0
1.078280131912265 0.8424696868593611 0
1.078164100725308 0.8642490137948848 0
1.059729878633509 0.8534175005641871 0
3.654647961257953 0.4393296243004675 0
3.686868225044177 0.94345380246875 0
3.936044805678872 0.8240781727820394 0
1.374695091444545 0.01890320205650786 0
1.385615108026416 0.03779238663371837 0
1.407406284092309 0.03780476909307373 0
1.363785868139073 0.03728383807864483 0
1.396804652505138 0.05555824420294114 0
1.41828342744537 0.05666965560957582 0
1.429170183996788 0.03782673655653701 0
1.439013620712488 0.05598182441240296 0
1.450164008353318 0.03717893106629344 0
1.375336154699473 0.05476986200345391 0
1.352857936596701 0.01868076995095536 0
1.341569963513011 0.03443532131530458 0
1.44001388153713 0.01881112795529205 0
0.6260213313871776 0.4913969673624883 0
0.6414623154578634 0.5040165089196286 0
4.348684353562685 0.6648460280848891 0
4.367232386978641 0.6540397093457271 0
4.367395569596421 0.6324574933791265 0
4.386068148152005 0.6423960715827433 0
4.386014465591416 0.6208070885477448 0
4.367255413719533 0.6106840888042017 0
4.348686686307433 0.5999826134291105 0
4.367246157442448 0.5891758701470609 0
4.367398126237857 0.5675925946099756 0
4.386059649859408 0.577628996834621 0
4.386010672083643 0.5560434232948923 0
4.367285022811883 0.5458286737076528 0
4.34871638723303 0.4702683002742762 0
4.367305261832289 0.4594611733047412 0
4.367407896412843 0.4378656533327946 0
4.367284196950218 0.4810781026389079 0
4.386048484324051 0.4480968757588116 0
4.38600470834653 0.4265112251760717 0
4.367291468419078 0.4161396036693151 0
4.348694788866153 0.4918894718023129 0
4.367409559844312 0.5026810906278104 0
4.385994104655421 0.4913473188983771 0
4.386059835943787 0.5127522756041485 0
4.367266816799118 0.5241747166258158 0
4.348726225278691 0.5351030647662347 0
4.348692689144806 0.4053963507762165 0
4.367288525234217 0.3945909823233524 0
4.367404896125501 0.3730006294126485 0
4.38602908957016 0.3833389292902529 0
4.385999738506741 0.3617503748520989 0
4.36728556671021 0.3512917219822517 0
0.6863992886049453 0.8444891970670309 0
1.154543717717896 0.8445863284614257 0
1.157286952576156 0.8212303092279852 0
1.172981216609632 0.8775029376078651 0
1.197365850380911 0.1319041970916881 0
3.340035192261259 0.8831490369112902 0
0.3163778817171341 0.4784035976717234 0
0.3160027916106718 0.4579391250968638 0
0.3329387809982789 0.4477594355765582 0
0.3158346394130866 0.4393764976141499 0
0.3516182970524357 0.4568185060075989 0
0.3694822880213926 0.4467826670338972 0
4.979891639690699 0.1811156230147672 0
1.065204738149514 0.1383756236479037 0
2.999739273365336 0.06610308982907587 0
0.3883831678002712 0.4762329034915837 0
0.3536112317224833 0.5188788443400135 0
1.249119622510672 0.8792167716054256 0
0.4079126130183921 0.5273670071873241 0
3.396652878688402 0.8728161072541308 0
3.415589616766389 0.8621135716499391 0
3.41635384358061 0.8412725636222991 0
3.434153845453901 0.8515629234816229 0
3.43604772487822 0.8307680317914956 0
3.453647210644863 0.8425899493229553 0
3.470873599505786 0.8356391884566572 0
3.469612718391733 0.855631994211741 0
3.433801658822265 0.873184320554335 0
3.51009391171185 0.8526163045613103 0
3.528914335814335 0.8422133663608595 0
3.547555861545188 0.8526098652840577 0
3.547292226248908 0.8316601379159051 0
3.565996228951706 0.8426214481502982 0
3.567160333642768 0.8201585259287005 0
3.566183070520929 0.8636845782569 0
3.587959839985287 0.8542869752821062 0
3.841122831044733 0.502123085337659 0
4.348675876492289 0.3405326272051032 0
0.6005425288678037 0.4150864662769309 0
4.112778899169513 0.8011819431597755 0
4.098388797409596 0.8324239337620066 0
1.230643008685638 0.868119038305721 0
4.174455350349579 0.01891864941547361 0
1.138499402053042 0.9812374755151558 0
1.148357424749285 0.9629593443685899 0
1.168833994796575 0.9626719334127863 0
1.181631111735719 0.9810752549850494 0
1.191690487175163 0.9577230874614755 0
1.203718916398293 0.9802731344552895 0
1.215360600851346 0.9621027862680758 0
1.237050219317577 0.9632780300878274 0
1.248000055369421 0.9811754310604737 0
1.259066562879378 0.9642091300454637 0
1.269999388454345 0.9817020310505042 0
1.115568196360855 0.9777979319077299 0
1.380010450864013 0.9785079604420697 0
3.283495763785887 0.8718670395189592 0
3.264914104829797 0.8612051311851251 0
4.348715217238433 0.3621788874629554 0
4.348574954861551 0.1462185685825019 0
3.577421116737484 0.982037919860866 0
3.599228863544639 0.9810353056740763 0
3.316183151643076 0.9810900032430712 0
3.30617721698154 0.9604550197456725 0
3.327267029307134 0.9620271127136411 0
3.297158627191252 0.9400155991328487 0
3.337881697525703 0.9812480597389518 0
3.349056830344856 0.9652058487621074 0
4.348715312611164 0.4270435871374044 0
3.547333905878812 0.8742550415219748 0
3.340007339885062 0.8611810609206749 0
4.348687791314266 0.5567369782019979 0
3.932978735678982 0.05838485423841761 0
3.633984334692156 0.8188132271899045 0
3.645384133823118 0.8377720483771485 0
3.623463298620031 0.8378917090605649 0
3.634525995518655 0.8559096137859469 0
3.612284058502693 0.8557687397312799 0
3.612319712673648 0.8188229737340249 0
3.60141958773798 0.8374031868887626 0
3.431174724248679 0.3445467889117752 0
4.348675825856297 0.6216027377009746 0
5.107710382120654 0.4105649505758008 0
2.965279646476105 0.9805527294784877 0
3.801373144007989 0.01895105513982082 0
0.9235181510775761 0.5147226580062809 0
1.058998244966453 0.874855250093962 0
1.040289102384052 0.863441379270659 0
1.041617308123099 0.8382958818560152 0
1.021676625928126 0.8513964881738278 0
1.021119846095405 0.8329291630549246 0
1.002275906721491 0.8402775507025588 0
1.002629971790269 0.8630683072830457 0
1.021070498080393 0.8738565367329328 0
0.9810321953479297 0.8715467561446011 0
1.404676877313295 0.1290857294677083 0
1.385440746900398 0.1390825806025666 0
1.403836807778977 0.1506956453539 0
1.383532680674219 0.1633795152906827 0
1.404180393837351 0.1738323496333816 0
1.367068704260686 0.1275374113918047 0
1.424862578136206 0.1640359751784197 0
0.4207692307692263 0.5836028264781453 0
0.3584615384615395 0.4179866814632048 0
1.111099949349381 0.4185328559144976 0
1.101057158832574 0.4364243433459817 0
1.12190919532114 0.4369586208331444 0
1.108344985982673 0.4539469463816632 0
1.129717674581544 0.4583863139558895 0
1.14570088441317 0.4748305850523371 0
1.143198895120452 0.4370658233525444 0
1.044339340080985 0.4223637982879943 0
1.068555403002518 0.4199413252215809 0
1.196076073180924 0.4192872202849475 0
0.4623350523722458 0.5826442225655371 0
0.960409879887006 0.4174245899323938 0
0.3792921868226355 0.5820008537051979 0
0.3788360229873793 0.4166780921896058 0
1.190545498004225 0.5204965991686953 0
1.227933238748552 0.4531670087456496 0
1.036262813388383 0.5231251857719424 0
1.169865025714489 0.5259643387220235 0
1.222371804032226 0.4737327587481581 0
1.1329778749947 0.4185403794320842 0
1.159051663441813 0.5665604069996498 0
1.11340857234477 0.521849492037504 0
1.184965415923421 0.5411077492979408 0
4.403924181892248 0.760875680964374 0
3.584928914777316 0.8750391046979391 0
1.092703194344629 0.5272730563666923 0
0.9451077400137315 0.8721462152137263 0
1.286296891479572 0.9236524254569165 0
4.42565690629613 0.7951486537262116 0
0.4061948930054133 0.4655299396669506 0
0.3541269201466548 0.5394354748519103 0
3.916224306749239 0.795325093570342 0
3.409066783226474 0.1092935105465942 0
1.06861600902807 0.4762121280963061 0
1.096974931795347 0.875633680139736 0
3.503557692307693 0.8188193981976204 0
3.241890843465663 0.8184026009469236 0
3.287732391382602 0.8185620305589727 0
4.34867266986915 0.6864669737965584 0
0.4243761419855443 0.4751678065763199 0
1.107722715277007 0.5430447746322027 0
3.023095793816764 0.8269153430948695 0
1.336438731020415 0.8176586203953309 0
1.358269230769229 0.8189859415445011 0
1.075771550303127 0.8201922784770335 0
1.27004011518997 0.8221701424776606 0
1.498512334569601 0.1216784631047659 0
0.3879573543507107 0.4559089859991728 0
3.561481019458215 0.2798311385622091 0
2.485807136644115 0.1240293061909536 0
3.509302511331169 0.9173805898920915 0
1.134173642287206 0.9201588343584963 0
1.074399033062808 0.4560027289740411 0
1.329577733425028 0.1262508390356617 0
1.210028264496932 0.9221829435831531 0
0.2951851722861067 0.41722479880742 0
1.030948270536718 0.5437586944746596 0
0.1383256790596468 0.590136612080104 0
3.376899458690218 0.9251970379376756 0
0.2634250773651847 0.511470463544067 0
1.011664738724641 0.4721705371983965 0
3.486216655876257 0.2805383703017358 0
2.273964018735507 0.1137943907613421 0
0.6616352930346807 0.4967103440125022 0
0.6796142757288637 0.509286193947735 0
0.679527415736189 0.5305287371328465 0
3.767026737694434 0.5242427420550027 0
3.45343092776963 0.9277442947908172 0
3.565240791412662 0.9286758919373344 0
1.045772117101559 0.5589429207822002 0
0.941188069925889 0.1811901654851813 0
1.201156363774472 0.1832529605445077 0
1.349508521586207 0.1805672553084291 0
0.9623636363636399 0.1812623594453943 0
1.157802421922997 0.1775171510832321 0
0.2262927787474527 0.4914347860314279 0
3.69215365226038 0.4818527343331261 0
3.708402740694052 0.125821321246559 0
3.466968483912613 0.2272152101082441 0
3.634647842540535 0.3653837990313942 0
0.9558227184547654 0.4682109362001874 0
3.208288428649828 0.8712567814065761 0
1.349804134037007 0.07476202832756629 0
4.367346986993335 0.2215146981664956 0
0.9798454101301077 0.5189120858415726 0
0.1727715846587503 0.5253504089843006 0
0.5152815542872815 0.5036766879060169 0
0.123841578336831 0.1207978248666249 0
1.293764489130848 0.08158019371476699 0
1.03029543596753 0.07169833781772716 0
4.405932736041107 0.9448928046908602 0
3.671331714033466 0.5523131662328025 0
1.219477737501586 0.07973475493166465 0
1.0174960296723 0.4523421806338063 0
4.063189825343704 0.1799091677607957 0
3.952852611240361 0.1817978627883846 0
0.9839381704446883 0.9808243846458287 0
4.888428750190832 0.1290310662401751 0
1.241439998488173 0.5452809270490868 0
2.983486934351123 0.1830641323686515 0
1.802837587312536 0.6353313971595775 0
1.815911163617317 0.619990633361438 0
1.823605199024983 0.6399653931411842 0
1.838207079408051 0.6229414476124659 0
1.843899206856231 0.6446829141073431 0
1.856573579064282 0.6138109446511233 0
1.829639554821699 0.6598939290648287 0
1.822313699293558 0.6966970418272636 0
1.835617886592174 0.6804520624028811 0
3.264227350571421 0.9259671215141956 0
3.561203132001323 0.3651570430787082 0
1.13615591273371 0.9442632286669788 0
0.9735497079010804 0.08068014126675449 0
2.886625137451691 0.8362518707749176 0
3.579796320200774 0.3756823822254944 0
3.541183883929255 0.2262943886439483 0
0.3001059116942821 0.53078093741118 0
4.68228010120681 0.9786665916492261 0
2.668786921937332 0.07434194612008188 0
0.8471535017909666 0.5157025921944025 0
3.509010768086873 0.9389574079157358 0
2.96284045428545 0.1088361824545334 0
3.010151835925047 0.3238902022768277 0
2.629415349449973 0.07523510597514227 0
0.9366855640228333 0.0571133914445372 0
0.9743964843757598 0.5401410416216776 0
0.7237652868445856 0.7638134924679481 0
1.442269185238583 0.1302548719993568 0
5.141083505629722 0.6466975679159461 0
3.848080137275094 0.9615022081704683 0
2.953006835453417 0.6986775260040562 0
3.009580992038559 0.4101812671463819 0
2.194897878118181 0.6731774872536316 0
3.934993313625998 0.7637219426176207 0
4.847810555508639 0.8705710385129135 0
3.010320736320017 0.3672211017693824 0
5.149580548516874 0.3751119890872132 0
2.967732711579901 0.837075718935971 0
0.07566033170696906 0.8692965371345142 0
2.163865735052379 0.8341453545791011 0
0.9742398287368883 0.05880027827189088 0
2.783450388236431 0.1794405560507555 0
3.003809247423981 0.8797951041805359 0
3.022185511663416 0.8904815117092979 0
1.247000258485035 0.5246530652939754 0
1.809230351240056 0.6557340821176489 0
5.087328891258191 0.1297927501144238 0
0.7412976831301199 0.8356807322377511 0
5.087662742645974 0.7699250379660998 0
5.108021481534813 0.7702809091107897 0
5.117290842076684 0.7532468161170677 0
5.128124549109113 0.7709803744121391 0
5.115516652334919 0.788341689546266 0
5.137247632627688 0.7905116878094436 0
5.15020920261169 0.7691071114251695 0
2.272329047321615 0.07162579026744076 0
5.212307744118177 0.4592520236787908 0
0.71313246603474 0.09446058985313538 0
3.006576426294913 0.6680084332999051 0
3.024399646426911 0.6791845593558585 0
3.006562669247692 0.6466714576426524 0
3.726203717075578 0.07296334552127537 0
3.349944701011232 0.05396178313197875 0
3.614558382055275 0.09597241537674162 0
3.577429569965353 0.1181851863081348 0
3.010718576230711 0.3023778826742976 0
0.1892987315040098 0.4717801526934391 0
0.9282986091947809 0.926282154416973 0
0.1818632603415851 0.2611075893580302 0
4.467627573356342 0.835610547465547 0
0.1818675931082634 0.2826562500000001 0
4.562048236884932 0.816385639390795 0
0.7860929508770926 0.09620959884673119 0
3.953298774608871 0.07123314207114062 0
1.29230500105633 0.4373820713106824 0
4.216557545691261 0.07009843832898088 0
0.7486739285452426 0.1163768587563652 0
3.506050708159483 0.9629828350829683 0
0.05619159285941899 0.3151689231026478 0
2.984757723828478 0.2050612903478727 0
1.418303522968358 0.01892051845453813 0
5.107304957190115 0.4462837202559102 0
4.809748495126172 0.9811219169796443 0
0.1830417983584094 0.8631006849601903 0
0.164406290475938 0.8750579884550385 0
1.299366267293496 0.4728454530740879 0
4.025730247835223 0.937434216510037 0
4.008368804632397 0.9490698868640342 0
3.784971869054206 0.4699824131650612 0
3.889005840889412 0.01898933170562378 0
0.08328144666739412 0.6028050428619147 0
2.960835774688026 0.04457791639428854 0
2.520842604264051 0.08112141517505544 0
0.5621767253162271 0.5334919837837564 0
3.826335006468496 0.8660622710302588 0
4.27334648328701 0.0811932888461574 0
2.968040101276904 0.8158706094798924 0
5.028616673284636 0.1649039814810103 0
4.009741878701003 0.0819759320054505 0
4.085035057654514 0.08165243760096019 0
1.463252498307561 0.07839879028681618 0
3.915277791769062 0.6708691888096832 0
1.423604300536671 0.1406364098703013 0
4.460108920263055 0.2320596509919505 0
0.7367433022202041 0.5025872047490749 0
4.041889697724501 0.6600382118749083 0
4.059698779935692 0.6704750245034623 0
4.367474648620992 0.09197689134196846 0
3.540985398892134 0.2048105634955969 0
2.796315586529438 0.08194607736165604 0
3.095938802708454 0.913255033636215 0
3.670797164092407 0.08440652368173862 0
4.045501900833415 0.05816820885306845 0
0.794164541092558 0.9113611814873874 0
1.032225031367855 0.05020215029164299 0
0.7357541866329247 0.4593586302668926 0
3.969905923154369 0.6601594908773653 0
3.652699521649297 0.3764619759178332 0
4.330371233504483 0.0690681251497155 0
3.005892955103256 0.7104812802103595 0
4.007284600539456 0.8859747615229943 0
1.295491148716641 0.06107867710647441 0
3.465438582966313 0.1194560946787894 0
2.001969589884447 0.943886425731653 0
3.933686594892013 0.7018913594084119 0
3.634589030757478 0.03903794726885756 0
0.6857051932352154 0.4074199477159058 0
0.731921609767362 0.03913230443554777 0
3.748338071391044 0.5137464303774462 0
5.067023668440095 0.8037814179027538 0
4.024293018650712 0.6082678018475578 0
3.822474057720524 0.5129893581088477 0
2.593731014299755 0.07906306757834852 0
2.740814905744642 0.07326375487960557 0
3.887742111825235 0.763654679186249 0
4.721659196830869 0.05628512101402372 0
2.851184988193577 0.06969299872841428 0
2.917714261357664 0.01675952143800896 0
0.934282861482385 0.1224769629374842 0
3.427136771613311 0.05484771914634273 0
0.841607008618203 0.5359105611554532 0
1.874996585525186 0.6872406123191825 0
0.8983007445548243 0.07803930159666639 0
2.963481250154869 0.1302629995371942 0
0.8316617332754481 0.8689829324683217 0
3.151705636649468 0.9246093228260879 0
2.465934906820695 0.07282473824268931 0
3.859112896247219 0.5351629607509851 0
0.08405305126008589 0.6240803760897775 0
0.09997902527115299 0.5489051012726929 0
0.6508717558341708 0.8428546703206304 0
0.116742494664829 0.4952256206328505 0
2.138625287666728 0.5632451996151158 0
4.959723047818954 0.8893654346709409 0
4.949609248540859 0.9072429772598389 0
4.520428588833608 0.9263422105356702 0
1.888913057225937 0.3892317016404453 0
3.467606163737411 0.2700447342340329 0
0.07714670859554085 0.4112666937392239 0
2.802638202976914 0.8677269193451471 0
3.919132669786562 0.4905555621857818 0
0.9029329453469581 0.5200001075610283 0
2.680670058597251 0.01857902117705856 0
1.049905284286228 0.9808874348033045 0
0.8413012193883462 0.459387348870292 0
2.123482818861631 0.4584766598460097 0
1.936655795913351 0.4584290028111029 0
1.537270015715313 0.08053252351943435 0
2.325905506469266 0.1009098706228488 0
2.925954750547304 0.1100523636654752 0
4.404693662914598 0.8723311132345581 0
4.084443386354073 0.05735468702694013 0
3.671004621187366 0.04196894500462289 0
0.6380474598550796 0.1749261016910869 0
0.07266413861785859 0.2405803819935429 0
3.484154953231876 0.1084130329644086 0
0.07223305555278303 0.1977871344487408 0
3.878813854415771 0.6503326471041901 0
3.768630020552923 0.6103676146682218 0
1.448484579633502 0.4742352199435631 0
0.8970999999999953 0.5815880502304068 0
0.06869384920095589 0.6779996462649088 0
2.154583672188543 0.9140557838497043 0
3.915381662926785 0.5880856506381407 0
0.181978548067645 0.7169692790096809 0
2.009852629464188 0.3645543421562234 0
3.752904546267154 0.9296957107302188 0
2.174584087465125 0.389638080622431 0
0.8360775878460316 0.5561773728133061 0
2.698031084018301 0.8474769063669315 0
2.916557474895471 0.2858930514402216 0
4.467684117099733 0.9084484321122331 0
0.6833353314441013 0.9489169973778027 0
3.677678835499189 0.818662196735205 0
4.629444045543112 0.9220493512431723 0
5.018449593062247 0.2153651117783725 0
2.3311275697374 0.2011162856265208 0
0.9180600244650121 0.5351220895043517 0
3.947797315379208 0.9821180853380765 0
3.956454269818026 0.9612482335626222 0
3.978691692029352 0.9619315911924615 0
1.134526581757982 0.01899863821579162 0
2.819729262784008 0.9202077296212253 0
4.488482646883709 0.09137087362755325 0
3.989162049387626 0.9419114905720563 0
4.009084631846193 0.0612468615168571 0
4.273261771097357 0.05956158331228045 0
2.285947357277556 0.3128356752861661 0
1.774042735902451 0.3128277142884098 0
4.404568335678844 0.242777414999372 0
1.734051164606948 0.1006964176655638 0
4.367395834065623 0.07044988713461148 0
0.7027965589955856 0.897412357132617 0
4.520188710801879 0.8540067020780517 0
3.503094493410603 0.1406723334817684 0
2.294536901619928 0.1633143862492634 0
0.7115956623447506 0.1363820300568144 0
3.670549766248381 0.06269789108886731 0
3.733023222687438 0.8739775835476018 0
0.1492867734587016 0.01663581922077201 0
2.74976631595286 0.857393995573313 0
2.74973077138158 0.8371720630235784 0
4.348738363235991 0.1675619968960721 0
1.9327384131576 0.9577089247895127 0
2.925228394633217 0.08858528853808667 0
2.554934894282011 0.05673792508899245 0
1.728869386208968 0.2013241907829605 0
4.446282829454635 0.0550363600779033 0
3.753536186343022 0.8658574477605097 0
1.938940891622993 0.6547384984637854 0
1.765471801689251 0.1632727168423868 0
2.98548074645897 0.8897259942402345 0
3.842216894892829 0.6086697143099919 0
4.754725716958314 0.9254320871012238 0
1.918590835814043 0.6529462229941009 0
3.953267735077426 0.876028485425224 0
0.8491209481579436 0.9241229071272141 0
2.326995391644102 0.1211472335422077 0
3.521880098880069 0.1512749388048621 0
3.743267553779078 0.3633166979377382 0
4.060047153055306 0.6913089224766967 0
1.343724964542699 0.5165856722356437 0
2.948529505868024 0.9099461339803268 0
0.05813345819552707 0.4010533600824679 0
3.467310379252406 0.2486491855236038 0
3.808212483816035 0.918974425302066 0
2.322307935759465 0.04049069128376359 0
4.446687107644518 0.1271443982487352 0
5.121619702511962 0.7187107899594057 0
2.338354410255685 0.02959074896934211 0
2.121361949328516 0.6575391514649819 0
3.57784224593053 0.2044045746302828 0
4.271986635990279 0.03563393064678966 0
0.1107576379192543 0.01715960170690745 0
0.06914688112316947 0.02001239811496497 0
2.360765044484137 0.09919259932170638 0
0.6925298799679336 0.2290599998622353 0
2.227559529906256 0.2068612166580001 0
1.450754549049789 0.9354812359515288 0
1.45109790367059 0.9559839982555605 0
1.468470846947922 0.9451966423734721 0
1.449627799124475 0.9780605879953741 0
1.832440947073465 0.2068613972968546 0
1.732955971050079 0.1209974460126008 0
2.874731172631882 0.9101352500552398 0
0.1577572229167772 0.6204565545275759 0
4.45706233847611 0.8537254060693192 0
4.625422543140101 0.07412017782755886 0
0.668821026959437 0.8333938948780082 0
4.477810776638606 0.2422040784075255 0
1.516678285966542 0.132984614297022 0
3.881190192433232 0.8974781769730005 0
0.01878064794032008 0.1633788850275437 0
4.530402897234901 0.8717906617486749 0
0.9130676686434243 0.5543092070366775 0
5.087202605781485 0.1987798880482829 0
0.1160942094341881 0.473996994286522 0
2.795804590388182 0.06095437920336677 0
1.737485633347956 0.04006010064862919 0
4.024083002595656 0.7938112888225588 0
1.699070832829295 0.09894250119916426 0
2.131838866992914 0.6751300732580194 0
3.058882208851924 0.9126852535599135 0
2.249571140830583 0.2754839113108087 0
1.810452257142284 0.275490041015729 0
4.837443019341039 0.9243145320045333 0
1.758462682291923 0.282255172517175 0
2.301536710388862 0.2822562195547689 0
0.6966253648547058 0.04287299261747701 0
2.174560302974311 0.7105419260563856 0
4.060751086352015 0.6470177051359955 0
4.078129103194964 0.6591923782545526 0
1.780838981698592 0.1941787075206426 0
2.279160668145078 0.1941834854884173 0
4.979817508242651 0.8206790356125866 0
0.3179754575058951 0.5813605363963192 0
2.898727229577383 0.5755276002874756 0
4.509360077645988 0.1281433897556603 0
4.330068528243162 0.1566827279980327 0
1.98263866290571 0.9427248355886486 0
2.999554643668635 0.9646997809786146 0
5.01863062744605 0.7869549889454308 0
3.169671105232396 0.9571719975585368 0
0.7237061880692317 0.8041920682942527 0
0.7213709741908807 0.8875393396578265 0
4.650351253794227 0.9226480711842618 0
2.044285764527974 0.3658903532746864 0
0.6860967466501959 0.3664800426561868 0
3.058308209821643 0.9341101578412097 0
4.50848863074126 0.8003459142258527 0
4.796786399965935 0.9245464760358747 0
5.108128316021109 0.7347600396285376 0
4.024713473356942 0.8544413493208198 0
0.8559444559190397 0.1642709847869507 0
2.256004227122181 0.3941568663932455 0
1.803995915256545 0.3941459747504978 0
0.01925282075832957 0.380259674416069 0
4.888629972037011 0.9070892790485086 0
3.170174638427184 0.9356453684836504 0
1.878567958636251 0.304275805885741 0
4.857296129735159 0.07525329525548308 0
4.848022902204437 0.05772553194172553 0
4.047432066114382 0.1468307887351142 0
4.970315226144194 0.1975345358776639 0
4.93011124515691 0.09397419014566294 0
1.591905581098727 0.07399335955736719 0
3.987882536645146 0.649722038142888 0
3.448721552714732 0.2381847512714804 0
5.126414182246046 0.8278888831064427 0
3.93607858246926 0.8042001572070868 0
0.0811831990848666 0.5388719613685354 0
2.888468127035289 0.08978804731394108 0
2.72282185912727 0.06481770290495903 0
0.8742244644429784 0.8185312583261557 0
1.886142833358843 0.4458652424543128 0
2.173875400813485 0.4458812407400431 0
2.265020001398684 0.2448150551082784 0
1.794980471977661 0.2448157485541076 0
0.6789332146707019 0.6143433389668308 0
2.646520010985013 0.8744415777945815 0
4.024609304615811 0.8341277073900017 0
2.741672843084306 0.1817721963309857 0
5.139175484776925 0.3214383742735973 0
0.4623076923076874 0.4177910994659502 0
4.44684315672083 0.9451798783779892 0
1.665951540634155 0.0748912813120749 0
3.969680564576616 0.6181314286947823 0
3.841861636403045 0.5875137155338972 0
5.008861752437588 0.7701548232879114 0
2.079686811012742 0.817015080278403 0
2.519522199184661 0.06087120581011235 0
2.663025003306378 0.9231783034422677 0
2.678896892699857 0.9343159864455031 0
2.660484990215904 0.9437070842524087 0
4.457224994575025 0.9268250485086679 0
5.212219461335929 0.3991883677949669 0
3.988489468056672 0.7937667903255621 0
3.579769030475977 0.3117782187240589 0
5.119135745012324 0.2508472253113023 0
5.138707037805044 0.2525999083806864 0
5.128814695638571 0.2691726760391813 0
5.118671510737128 0.2861818145435151 0
4.499537012030609 0.1807557471110057 0
4.025031821037727 0.8752446190331248 0
2.450706022034659 0.1245020606944347 0
1.787693623290626 0.0714626143604013 0
0.0910677214601634 0.9853877327308437 0
0.1256213678938405 0.9849134553404991 0
1.515420544065685 0.1531347353183354 0
1.196500413638212 0.5815822875987171 0
0.07591251502995888 0.3685735854392569 0
1.882608297712367 0.5404934950147932 0
3.935365098208516 0.8865666591846265 0
4.939925534575046 0.1468492963421196 0
1.920122864254934 0.4104340108560987 0
5.106326561562267 0.5535933353894611 0
2.19532614768025 0.5911200582451177 0
4.660314507929533 0.9414555182590911 0
4.92939689222114 0.9073722174687908 0
4.919099903991514 0.9252407439254027 0
3.987693718450234 0.6074931160761508 0
1.926135234102952 0.7081761902352318 0
5.028494981384521 0.8371728951581405 0
5.098573278890785 0.2507590510821929 0
2.164588396563702 0.7644195176661293 0
0.06527722666452584 0.6141017892736524 0
0.05741536301127992 0.3796256763451316 0
1.519258076225696 0.06901918004968666 0
0.712335367935734 0.11543110428333 0
1.448986508364587 0.5241075214307447 0
2.009545722209254 0.8189682093121513 0
2.887812154810931 0.06866262697348374 0
0.1637432489464707 0.2713620313059114 0
1.830745717355138 0.5497542685394303 0
2.229223747298832 0.5497453869750888 0
4.005458562350457 0.5979420223624389 0
4.005756943315136 0.5762093168209648 0
2.678964617004485 0.9552235433020445 0
2.680782123282264 0.9751052179865809 0
3.848584279020903 0.4394476511840613 0
1.821685674925683 0.3852702479190071 0
2.238345983841076 0.3853324681896048 0
1.782262577235056 0.4845018590545924 0
2.277737422764941 0.4845018590545947 0
4.386015630112182 0.2537426661458321 0
2.393983180258188 0.0747303841486589 0
2.384898245569078 0.1858252670761945 0
0.06180477461129463 0.5502044493493408 0
0.6179618895340033 0.1590771693379235 0
1.484844555433772 0.8737499999999999 0
2.645155444566227 0.9087500000000004 0
3.969765620189571 0.6393596375493935 0
5.096181637754753 0.787128088332132 0
3.863021260989477 0.908049060783308 0
2.293021118279955 0.431849763819788 0
1.766983427657756 0.4318566365275337 0
1.862993958274545 0.7046990545643528 0
2.093727866184254 0.444951042801536 0
2.084060785246476 0.4274327495735959 0
2.224035853509927 0.7368214615864656 0
3.448359850692833 0.2168191921072861 0
3.808279748543633 0.9401405973350734 0
0.09735899804908987 0.4639223772500805 0
2.796922759756527 0.03794089583224203 0
2.359486538333889 0.07933973653927845 0
1.675079254957373 0.1858345223275426 0
2.430117975220999 0.07500182690122714 0
3.931416271381187 0.1810217518012133 0
4.958669216827545 0.787823048407606 0
3.935613115791083 0.9076184227262165 0
3.307980769230768 0.8185019470885947 0
2.874022058237391 0.9304821979962933 0
2.206268189988143 0.4260130665343833 0
1.853771933802526 0.4259776703812241 0
1.72222584876845 0.02967365259515986 0
2.102715128807668 0.7291432699019782 0
2.028217759436357 0.7930417049543934 0
0.181727783095218 0.7380843047303074 0
1.381471002573768 0.8726423730533583 0
2.197803834705539 0.7098006818223884 0
1.519597838091198 0.04862642344820134 0
3.416339213005732 0.8186488475546551 0
1.885242287836479 0.4646959435659944 0
2.174770168092866 0.4647021276095232 0
2.205356038525682 0.7992622844278647 0
0.0482254792052399 0.6253984441708039 0
2.785 0.8170180357371184 0
1.226159930504239 0.8166690733784036 0
3.429695023059091 0.2062974623022763 0
4.519254704560989 0.0737667744839014 0
0.6742246998841313 0.713346487381452 0
4.45727608654172 0.8176087768804794 0
1.700363659620068 0.07916417372598261 0
4.939622679745977 0.9247875395465223 0
4.95986853926944 0.9228815677004105 0
4.932014734689806 0.9456185574730439 0
4.468423406991761 0.9815989838700623 0
4.404691191476205 0.2857244038783479 0
2.136777850145283 0.8808945213436847 0
2.679744357595506 0.835645693174089 0
3.859468665994406 0.5145388276876481 0
4.990037621552059 0.1302236581915969 0
4.499944691996169 0.9631717267264928 0
1.233757198898279 0.4327532751171663 0
2.228605882970492 0.2271902232573201 0
1.83139614313 0.2271933403335034 0
3.987227698675619 0.563063992444261 0
0.03811762526683227 0.3691946906971183 0
3.540450170343383 0.1403299294591173 0
4.560841370378615 0.1824292991787824 0
0.8338816651024308 0.1729353663673753 0
3.953655707296337 0.9177977607818608 0
5.097644116450562 0.4278621867411857 0
4.531135728289037 0.9448215431390453 0
4.550575374520168 0.9462110085115566 0
1.046785056139144 0.01870459047478856 0
5.018747783301513 0.7523943599203786 0
3.866210878413884 0.1799637578775862 0
0.07916249041862278 0.4750282115537745 0
0.7208284454878191 0.9086532441126476 0
4.663843625599029 0.182017406925846 0
0.637833883154473 0.1961531284594155 0
2.730975326147886 0.9269966361293455 0
1.828769949489906 0.7169490580800819 0
3.429201230286635 0.1847041304839223 0
2.783941068944464 0.9185496364143747 0
0.1295612109404085 0.8987971460697425 0
4.385963259254998 0.29685627440464 0
3.805333882615193 0.5879196878412792 0
1.166324761545408 0.4696289745968111 0
2.277927281756816 0.1742920544307703 0
3.484684277650647 0.3648756374546082 0
3.954054662411291 0.9392237706171558 0
4.457614682996742 0.9633810259933586 0
1.929122509285204 0.828985998333918 0
3.540356610164721 0.1187575402666822 0
1.782149029853193 0.1742499900924265 0
3.863060824954601 0.9290293775982421 0
4.519742199464149 0.109966233323891 0
2.05096454603762 0.8344427703760404 0
3.152256979742518 0.8410083467041987 0
2.453503136083188 0.1696373679407143 0
1.370766403886975 0.5472304523492364 0
4.006474995998669 0.7836546150155572 0
3.697986299772557 0.8784827647961808 0
0.7390096695642043 0.9199383905702148 0
2.123265238303351 0.7294656078676326 0
2.7058592032602 0.8167970627411069 0
0.07448217104533406 0.3043486690316772 0
2.869182167164064 0.05884724757054582 0
0.6194043055496508 0.2602355895163992 0
5.160418949875281 0.6105591078598972 0
2.184018562621281 0.7641106324054713 0
0.06027446895460242 0.4652279448596963 0
3.221057692307691 0.8183071506988386 0
0.06658394546543489 0.03780344797813429 0
3.391428838141934 0.1850661528257183 0
4.404498924235073 0.3290411210470885 0
4.581581945018918 0.1823600431572017 0
1.757131958028938 0.3024989610914836 0
2.302848486895016 0.3025274661519873 0
3.558922488978522 0.107735438576806 0
1.398539244326867 0.9246353285738556 0
2.898598643018759 0.3196645181283698 0
4.385946712093753 0.3401461493440812 0
2.177302328720773 0.521198564013921 0
1.882655382436951 0.5212972056807827 0
4.382200056723192 0.8376938770217017 0
2.060022364076735 0.7655775770838102 0
1.37515802846329 0.4728746971528742 0
0.0776266303463693 0.9113499100912443 0
4.436417082584438 0.9634657294229191 0
2.116720654346427 0.8803531117253118 0
2.145312717949893 0.8632215168286124 0
1.917130142721819 0.8778160329675779 0
1.91040932318889 0.8943997054725845 0
2.069316867225859 0.8956989761455002 0
4.111197284145815 0.7613589967249754 0
1.811108163487576 0.5393878147724208 0
2.248867030569513 0.5394079615127484 0
5.041673268887727 0.09184072612079669 0
0.1288229006345136 0.8781170485715621 0
1.976024679779362 0.9789943279391287 0
0.7575417554489943 0.9098851621062266 0
1.325565663444782 0.8366536743339454 0
1.143900102143231 0.07551930730628426 0
1.1000532492641 0.5638733916145247 0
3.80118555310285 0.1800231356456012 0
3.040138421562275 0.922668136087831 0
0.7309420729528873 0.1054914557676187 0
5.018911171961127 0.8539676486693206 0
2.040591290966062 0.9450591559588825 0
4.958904716186831 0.820904406516857 0
4.898778562601739 0.924827344320283 0
4.094147709807451 0.7737825246770382 0
4.404633243743239 0.3720134577312585 0
2.801932280705032 0.9294927536913311 0
0.05552253533206164 0.8155282934527028 0
3.785104738753883 0.4513111418741725 0
0.05420867386161099 0.09863441880282864 0
4.404492392508297 0.3937154340658768 0
4.41540213838906 0.9636811091209685 0
2.289760921596309 0.3715610260725747 0
1.770113968112444 0.3714564488125284 0
0.1627792297159383 0.1872665385374543 0
2.108513808408529 0.9627931148776181 0
2.119697335914807 0.979216516076489 0
0.5520138745676846 0.5020096423332703 0
4.385957484391962 0.4049163087154484 0
3.577384210504635 0.09679049710414234 0
1.387955662634544 0.5794491079918684 0
4.830846711110487 0.01902573225930693 0
0.1459895555158552 0.2820142442757927 0
0.1636446486918457 0.7479886226648685 0
0.641087746708924 0.4243079096193336 0
3.358187800221003 0.2275020699788518 0
2.146875138381366 0.9291858797625936 0
1.363362957408192 0.861257625266785 0
1.365674764714246 0.8383955946224502 0
0.7605388197825049 0.8260725639085716 0
1.548095824791594 0.1791765263648588 0
2.105682372747434 0.3151577063399021 0
2.254856722540347 0.3744710382920588 0
4.404656602889589 0.4366521745989091 0
2.898583592611522 0.3412758983309939 0
1.183591750266829 0.07629806329384881 0
2.382012464545253 0.1668507488199539 0
1.259652742390508 0.05730674565499261 0
1.805141532805822 0.3744561901516458 0
1.963838363492956 0.8618791710195356 0
4.404496104431713 0.4583812000360044 0
0.1486167371351699 0.3679325384403249 0
4.689138240725852 0.07445748663339319 0
4.385963767776911 0.4697019717331809 0
3.807661908108183 0.962663895854573 0
4.404785889603158 0.5011381579601187 0
4.509289809168912 0.09158734488676401 0
1.426836565180249 0.07514334782203913 0
1.842349808963439 0.7010733177992649 0
4.060045463004126 0.8739763732218521 0
4.700080397710273 0.05616522687546394 0
4.817933184015644 0.8546982818257848 0
2.058382966087922 0.8203108956186552 0
4.404512264454427 0.523024995472661 0
5.120620968458134 0.8082097535080415 0
3.989052659074389 0.5412221022898762 0
1.627430329524715 0.07338324760373233 0
1.179706115225198 0.5625305976605794 0
3.724242289811628 0.1642594385819385 0
2.804472518758213 0.9631922450406093 0
5.204542531632528 0.3570341950192746 0
3.006906411500405 0.5823440585056648 0
0.1695114264790152 0.4203740877773935 0
4.385968088755726 0.5343926969885859 0
4.98016622444133 0.1124193290915793 0
1.677910980316073 0.16682838721392 0
0.5713060307902089 0.4934170683244654 0
1.212644737197654 0.437648378839413 0
1.40306208827397 0.4301959713624011 0
1.43856081798056 0.4376712520869278 0
0.6912103046822202 0.2686932654197975 0
1.468949378999618 0.8834635227605422 0
3.687861847091014 0.5661353309536137 0
5.085367819519854 0.8039616241482774 0
0.115952557411934 0.9688219054880595 0
4.592561188992539 0.1645687999029423 0
0.6176175831862523 0.7377349678830234 0
4.404829746021308 0.5657716257689072 0
2.259919508801969 0.1652366694324238 0
3.577215121336517 0.07495053740005442 0
0.02009070778749322 0.5100560915870264 0
4.404515303479936 0.5877187459882905 0
5.187566156277487 0.6846055204810031 0
0.7495727787373712 0.09559821816131842 0
4.667949184101507 0.07430332628728364 0
2.917696707549259 0.3544286315175991 0
4.385963764389675 0.5992019824487338 0
2.59687266596801 0.1816443908309876 0
1.606502816906715 0.1696156594338082 0
0.07406362434714886 0.2831057595123478 0
2.154369412694018 0.8161673012447266 0
4.816132630038966 0.07546830250169678 0
1.800097007116597 0.1652387601527562 0
0.1816584842680515 0.1976378801492671 0
2.253199465159451 0.07731047110409406 0
0.2832835759964141 0.5411068056949857 0
4.76515387229994 0.05628109621359034 0
1.806814616895381 0.07725042191511455 0
3.670579717909226 0.3308090631500924 0
3.034532103188943 0.04331192427973624 0
3.030249247577764 0.02190774324774097 0
1.968281206940265 0.7985401833545374 0
4.404863488957881 0.630398436484525 0
0.8350507763169321 0.5857354981593832 0
4.404514520850161 0.6523973084602941 0
4.867887722378087 0.0575845502799987 0
1.763790052909516 0.5140449299881344 0
2.296210309352478 0.5140450165380641 0
4.909117375174483 0.9429053308409709 0
4.918863039383011 0.9614171713116011 0
0.9396497886988708 0.4175713290053568 0
4.387142733305243 0.7280436927975503 0
4.564179502000201 0.9283577892603599 0
0.3499644587298198 0.4353991988863161 0
4.385962992763169 0.6639690865670533 0
2.134728388187171 0.8475319117923523 0
0.6990591997360038 0.979359849343262 0
3.576953950977703 0.05319624646469345 0
3.265092152058915 0.8418857894706246 0
0.0594426975447071 0.9017487568767563 0
5.156789536210948 0.7473801468107908 0
4.879657840919833 0.9600022339519911 0
3.880867290350322 0.8356060695413492 0
5.149045093938928 0.303614048745737 0
4.405221216841114 0.7161233375249031 0
4.404722055801623 0.695275143097879 0
4.65717848856791 0.05599888014541388 0
4.795952311765075 0.07477890299889645 0
2.834707684765579 0.1668863330669767 0
4.851145099511063 0.9796362208477125 0
2.910315250753601 0.18543773104569 0
0.4271895709398312 0.534254797277792 0
4.705198070437664 0.8163458679178037 0
0.1320796701066365 0.4205601577209482 0
5.201117001935449 0.3180641706851511 0
3.974687787005093 0.02046170379855727 0
0.1861201250813331 0.3674390692533972 0
2.897939529792963 0.3832211400367695 0
4.623169732677402 0.1822555444835333 0
2.241040838416668 0.1148771499769358 0
0.6729405515495011 0.2975555662772682 0
2.303759983834834 0.03248878095657515 0
2.730041152044967 0.9464691008592858 0
4.813070442181488 0.1460661300998788 0
0.7683929454837115 0.08544479305976943 0
4.753242702005045 0.07473740639461623 0
0.8232304274287126 0.07646840917113423 0
1.466920422790072 0.9250286112141402 0
4.950696735757104 0.8384897726922129 0
0.0164818686316619 0.6426337150351737 0
5.08536826844367 0.4453645072728111 0
0.05539464974828956 0.7502058992955146 0
2.831745279315543 0.01758438320469535 0
0.0206101418950686 0.5775880973215554 0
3.623068780089107 0.8753717568360502 0
1.485233430797983 0.9087499999999995 0
4.732015747810443 0.07447788613861839 0
1.868976421102126 0.4555562949974902 0
2.191035520457802 0.4555645947709613 0
4.960365213925929 0.2159180046957044 0
4.447808052050345 0.7994898077415173 0
2.143812214224937 0.503533100859023 0
1.916032266594577 0.503822747584548 0
0.05477619646975462 0.1646228686012204 0
0.6172005904116893 0.7587423065203263 0
5.028330632702684 0.7334645665205586 0
5.19057802541796 0.3749316178025892 0
1.818994659179818 0.1148434587055749 0
3.61310318805546 0.1849074329169464 0
0.316265326613034 0.4196742518798058 0
5.005604298993092 0.06726938617212308 0
5.170950651018807 0.2396163526326215 0
5.158980056994928 0.2556873675196139 0
0.775520718919646 0.9212289780199168 0
0.1828219672729188 0.7979330440249829 0
4.713774280632542 0.9624856344762805 0
3.043100166454435 0.6693218215920844 0
1.942102571911724 0.6182396017532994 0
1.220438590906148 0.05785931169318698 0
4.988781816601009 0.9394612842808845 0
4.969725726402652 0.9514563556385326 0
3.02290153667439 0.7202861488871528 0
4.42538689320519 0.09186142360686506 0
1.380069454154744 0.9349225396989419 0
0.1818860898778976 0.2186086748427715 0
2.272965399733579 0.3831120740458686 0
1.787011454939464 0.3830883224200844 0
1.248042456665665 0.9446128563634226 0
3.689962596111989 0.3947065686942394 0
0.1284656159546778 0.2930506606627576 0
3.021737074799992 0.9112515970821319 0
0.6884951968802493 0.3270229468619581 0
2.898477630452281 0.4056940889434372 0
1.347504214597301 0.5467752366201383 0
0.03163204716279511 0.01873423602489432 0
4.634495038411806 0.1643857419988506 0
5.009004946304112 0.8707033932424997 0
4.63580325383253 0.05594423006326793 0
2.762020838601916 0.1237100423351175 0
0.9607985198994391 0.5820015052120276 0
0.05563369543002272 0.2726839956619216 0
3.060195166952585 0.1400891313066464 0
0.6701644073863122 0.3554747864126169 0
2.041672947545639 0.4247906666914281 0
1.386652603439312 0.07391054638994471 0
4.424564970692439 0.1263641776530672 0
3.772744845431077 0.9796201106423826 0
0.7873699333025561 0.07538614748261629 0
0.6903425890284478 0.2881390655509506 0
2.081790003725961 0.9817232643410878 0
0.1638894893271963 0.2499302068308404 0
2.468328901672696 0.133385609213803 0
0.7864288592902327 0.6582056240194376 0
3.007520816260338 0.5179616443418349 0
5.074078599660482 0.1834447516983504 0
3.348134877729636 0.03303484586515976 0
2.257744623197825 0.6344081980900103 0
1.296801676888516 0.03909519353867269 0
0.3884989295217074 0.434526234067812 0
3.061263651941628 0.6805127996624486 0
2.022700121943634 0.7805332739124632 0
3.963038259597511 0.1643862082682424 0
4.043602699123981 0.5966375494371865 0
2.071910371739038 0.7924625234897081 0
0.1697015817738081 0.01894144189800634 0
1.809913284322712 0.6007028415900538 0
2.250163673232668 0.6001525400055709 0
0.6831004165599692 0.4684712469446678 0
1.756193278879601 0.03229011829798661 0
4.987786287734964 0.05672918750006006 0
0.1826223103165092 0.9057763890068 0
2.780776342426217 0.1352616883200717 0
0.08423324592742842 0.969222748146052 0
0.05455404653530715 0.981983697885463 0
2.916788149019074 0.4181144637715275 0
1.134927075247766 0.1821679754481433 0
3.02333513293647 0.7001293036489917 0
1.77182323590142 0.3523613655011233 0
2.288176764098584 0.3523613655011255 0
4.311967244851033 0.1667253260552887 0
4.613971151514155 0.05594079093758197 0
5.125980699149661 0.1714524830502162 0
4.108509055116544 0.8786635763309747 0
0.7748506834752247 0.9428429549749784 0
0.806074265370291 0.06624117480369968 0
4.440400094230714 0.1590899307057496 0
3.024625691229385 0.6578167480178883 0
3.469906246555828 0.9818489267791696 0
3.39795231475047 0.3131169753178006 0
4.990539327782688 0.09578156291313672 0
1.757433520900561 0.3228821207487157 0
2.302091905704948 0.3236734235008485 0
1.921148719313484 0.8126138370177217 0
3.9953672601495 0.1802488416442096 0
2.869532164675311 0.03872052789905489 0
3.40300835023825 0.9820433170127021 0
0.05812932734397913 0.8801607464020074 0
4.237829125237596 0.01824560272072967 0
2.017111869278485 0.862425882671437 0
2.895968945408226 0.01671368746147833 0
0.6561456104413859 0.9822087543633762 0
3.663249019876463 0.8751833242244262 0
3.024776650917223 0.6366257973388242 0
0.9415689952008914 0.4527256570408064 0
2.64997569543959 0.1278941979936937 0
1.105693514280046 0.0758292913920447 0
0.7727709626983819 0.9649418446567489 0
4.120392819181674 0.03775119712521668 0
0.7388109167221799 0.7758031624423591 0
0.7414289096545514 0.7531931937325764 0
4.093576123956664 0.7526942468027519 0
0.05531769315457424 0.2513243005601271 0
0.6558512735191417 0.01772131576702918 0
5.138204516426573 0.2864574029438675 0
0.6750195617480614 0.2581072103208766 0
3.02458417523474 0.6151219229209371 0
2.727117779755613 0.1266753198092512 0
3.866156448707279 0.4511945283031941 0
2.059747045625857 0.9117417209049599 0
4.026306066953119 0.9580788072929516 0
0.6342979030551479 0.8108390220169153 0
1.380403132924259 0.4345536886532781 0
1.946770267144312 0.7459807023664315 0
4.840766285003546 0.03678193606925545 0
1.929647089899862 0.9760569323121713 0
1.361602054150139 0.9453046269013459 0
0.6157593667479928 0.5515328851877052 0
0.1291271215542924 0.3151729302087021 0
3.989482252619928 0.9793513508285565 0
1.068885139283109 0.5829021844496141 0
0.7859110643048846 0.2913238019083326 0
3.371269206037075 0.1304750233356443 0
4.211429210056772 0.1818829120554397 0
1.874046038383087 0.3790718738662621 0
4.385174153501339 0.9451650948816255 0
2.663596623794911 0.8480745042925832 0
2.109991258346118 0.6407615103421852 0
0.7706746020103326 0.3170889168895297 0
0.1661258098647287 0.3571761752843702 0
3.007948728113909 0.4530766348215006 0
2.897607558261852 0.4476660155912313 0
2.705160820566046 0.07594506032936005 0
3.634952971591566 0.1486583254938575 0
1.152429055351903 0.4547498253653024 0
3.003762047219283 0.9002771606526433 0
2.122648389485475 0.5967556581453975 0
4.581886581720324 0.0738780454432385 0
0.1518623248384614 0.4315820009389958 0
4.654623460977408 0.1646458717495901 0
0.2240127361042052 0.4299702895746828 0
2.898159350940669 0.4699596100120412 0
2.158434886821752 0.8828272594896247 0
2.201095885034578 0.2695448437289594 0
1.859732963910076 0.2698235330896817 0
4.989753019397435 0.8706337245772285 0
4.782694983225957 0.8700675873379915 0
0.7539040164216428 0.4491225062592006 0
2.855108974563394 0.9614678460058608 0
3.525346651452917 0.4068645374615334 0
3.020202811290168 0.139916137729241 0
0.7624360749749242 0.1895394355459556 0
0.4815015956022233 0.5250989586754931 0
3.006807337558521 0.6038064033643475 0
3.024887133748215 0.5719365295349356 0
2.631994442243176 0.1396524913030448 0
2.934704220109436 0.7303685328752145 0
4.077188075396505 0.8821412719085373 0
2.643117151257482 0.9440244328076874 0
2.214532981610838 0.6015237592475747 0
1.432602535190897 0.9647596838068832 0
4.570199906092449 0.05579333388104923 0
1.209563004905371 0.9427040839373219 0
4.511818609639008 0.7660423943880601 0
2.951280848419908 0.7627615793231277 0
0.7819713245795505 0.5512773210161924 0
4.871763484026278 0.9789429452840117 0
3.02498440122748 0.550647847453541 0
0.785934162925791 0.3086861479661803 0
3.043841793484999 0.2373536627293278 0
0.05525703942404592 0.8366890215201068 0
0.7860265749233701 0.6930977725320704 0
0.07337545277571911 0.8051377761577601 0
4.47866813928322 0.1801816094363864 0
3.543463996225754 0.417836943971512 0
2.916147984677879 0.482467280029721 0
0.1413666629930916 0.6314966284924449 0
1.005596001233795 0.4172557727003114 0
4.364851222616485 0.04040329916894952 0
0.1262118217584089 0.8159949325712023 0
2.915136401635945 0.8051686628671948 0
1.172484695622943 0.9417649896282914 0
0.1461131552656636 0.8671061547738153 0
0.1437858583880085 0.8465358923015356 0
0.6195696438410807 0.05729704572307093 0
4.541723106145528 0.9641143731752906 0
0.6164526055851787 0.9447031982179268 0
0.1312804252660604 0.3995075858245158 0
2.378719666773602 0.2162827725353076 0
0.7413654080721597 0.2416878605958985 0
0.7960186512765168 0.03572313730074883 0
0.1478046090912817 0.3263464629648987 0
2.520235905815122 0.1432370433222896 0
1.852131431060944 0.4651748842025253 0
2.207871795351179 0.4651770155359419 0
1.430400647442968 0.4598321236144574 0
0.05503770340519498 0.2299517561719162 0
0.6340979761264967 0.8315283889251603 0
0.7529411051177402 0.3919418794956335 0
1.006741927844038 0.81804631831644 0
1.524909090909091 0.1833143918233234 0
2.951720209390534 0.7415349181867531 0
2.097165564950654 0.3979040656582926 0
3.975530725107334 0.149658693702949 0
1.993872243008135 0.755729593877537 0
1.681245158674143 0.2163071976760123 0
3.896952805726193 0.5417540946066646 0
0.6326960653040525 0.8737047887544004 0
3.007306580930214 0.5393921232342108 0
0.7328346873863787 0.5240699915144006 0
3.025217766299819 0.4857020462451556 0
3.02522321314683 0.507312467976917 0
3.096236160800811 0.829066608564933 0
3.509891308069776 0.9836465611276313 0
0.6343317009402676 0.7701023674084497 0
0.1648071751624993 0.9367147015654125 0
4.059599042492709 0.612060247241656 0
3.842516964376587 0.7873498969833019 0
0.896109038971471 0.9822714061825922 0
1.858098770614217 0.3487881608753892 0
0.9398999999999986 0.5835240786024128 0
0.7714655789285352 0.283389470224499 0
1.306874788784322 0.4545790391192408 0
5.180713104817647 0.74042402820096 0
4.539732879637185 0.07395746384455926 0
0.677175880236802 0.6750555654506765 0
4.969073310124084 0.9061670954270178 0
4.978800666036949 0.9214611959150459 0
2.011398635283748 0.4449370164922912 0
1.486658386255359 0.9442915191487111 0
1.457800064641768 0.1819962424943734 0
4.081470454516642 0.9008943618483285 0
3.481657529954937 0.8176976294592063 0
4.553308509184612 0.9825926738517217 0
2.06881291936981 0.9289147238821867 0
3.878045125597897 0.07335634032121741 0
0.66882330689032 0.3977732002047428 0
3.007666829844493 0.474516723413722 0
3.023034259776036 0.7404547504288037 0
3.745470853408766 0.1256330750296211 0
4.104066891025004 0.8973943565006284 0
4.97933661586684 0.888222159634021 0
0.5862057172412429 0.4331769402895412 0
1.998206298126423 0.8627371308346351 0
1.497137220674817 0.16295985605227 0
0.9282818374226474 0.1647734188043797 0
3.025886534790116 0.4428780107652425 0
3.619727397081519 0.4818020648273433 0
0.7475823169785296 0.5548201410641248 0
3.471730647072302 0.874821880900762 0
0.07308457013040437 0.7840736490362535 0
0.6583760428972623 0.5202252706191827 0
1.292913497499286 0.8171295172835467 0
2.897899311921799 0.5339012007305268 0
4.901131943961468 0.1812791298624887 0
3.249630989684782 0.9822134047422048 0
0.8264961767318781 0.4452410134848502 0
0.670166822075867 0.3368245251254009 0
0.07517980461963214 0.8479586012151787 0
2.694414248972151 0.9662812312453629 0
2.897799038761713 0.5126118090680196 0
5.079642894987899 0.6022880013533146 0
3.933590265760956 0.1238011419850717 0
2.916350026911467 0.5469971956103006 0
0.8874845292950533 0.9236063238294094 0
1.433640291242784 0.509770904231028 0
3.025946203353986 0.4212138721643928 0
0.05487162086136133 0.2085317884340852 0
1.023234441379469 0.5836078133768666 0
2.985939852660052 0.9098259528662993 0
1.080931590651507 0.4372552802967208 0
1.99036551054927 0.9613157256663742 0
2.213062718297466 0.778678292794733 0
0.6158017583280211 0.4402311860091428 0
1.834243950765893 0.4943988229434381 0
2.225756121896158 0.4943988429916391 0
1.891620231887067 0.806758023152254 0
0.6335084690560628 0.8527790859646571 0
4.424669289735281 0.05665621683342387 0
1.252470129619458 0.1645732310358494 0
0.8682154805987823 0.9343851537811946 0
3.062959583252946 0.2703789505959479 0
4.792074559094825 0.1450562820167043 0
4.139718810641744 0.07097760786483409 0
1.221999999999999 0.1837037131464717 0
2.05945228711779 0.9456630801783769 0
3.026186166427186 0.3997020580383093 0
3.013672010093436 0.03734789278665407 0
4.828087118569368 0.9420918308129697 0
0.8978928847163898 0.1834380352198315 0
0.2989571648011085 0.4490360707798369 0
1.176308286435574 0.1618497603445296 0
0.03460385313370917 0.4989738758652695 0
3.374275217252556 0.8175444990886849 0
1.899574483452903 0.5316072258082277 0
1.506474710041237 0.01718564444389353 0
0.6760861571798931 0.2382536704259347 0
5.06907905751379 0.1333349820762175 0
0.7820592830871844 0.1814686943163839 0
4.931327533762179 0.1967644488547887 0
3.766805886467337 0.07192423974870193 0
0.7983864518351944 0.5690974670800441 0
3.026376182129929 0.3781810804570133 0
1.878805231902722 0.8814536062594636 0
0.785085563097339 0.3427240332156717 0
3.007862724720134 0.2379763059977857 0
3.898224856226065 0.1229852085604283 0
1.595137435584797 0.05506901813872567 0
4.690800688052256 0.9601959338335275 0
1.174336763968017 0.8358432077754716 0
0.1742819882884721 0.6077773040675252 0
4.871744052016505 0.02195909349562652 0
4.095091000252802 0.8502805770096159 0
0.7398633950695856 0.01768318950116987 0
4.516453196304989 0.03701130532999847 0
3.026487665030564 0.3566723145123041 0
3.627392005090991 0.0177410355149023 0
3.491281427255789 0.8398804572649377 0
0.05512643882511981 0.7730126740309118 0
1.977594749598056 0.7838169958459258 0
0.6343923463225178 0.7906981488860416 0
0.6846097959001542 0.4484186024030067 0
2.203802708667492 0.3500277155417635 0
5.07310438874393 0.8846444903502926 0
2.160102033635476 0.5319867796821753 0
4.077063972935472 0.6791370221036537 0
4.769185892493252 0.8532527102146266 0
3.028162157837605 0.311929467906752 0
0.7855010226787396 0.2567065919103179 0
2.8045625 0.1844756001102936 0
3.027009540417214 0.3346852665578871 0
0.7649545227542642 0.01768511629569763 0
5.064722103916099 0.4554712572132464 0
2.288782846276195 0.04286313327685892 0
4.467955106779469 0.02038328353190089 0
0.4971200904620638 0.4544626562203439 0
1.999684394502266 0.4624265048883748 0
5.137627723209921 0.6788289704049464 0
1.204807692307691 0.8162118279149023 0
3.342509416894414 0.9469486232063719 0
1.987444785677418 0.8775013177645138 0
0.5344019420841657 0.5116923726616077 0
0.2425268792893522 0.5680945283245081 0
4.907151888805076 0.838369234414339 0
5.025651549047777 0.9209733198246187 0
1.85510643688672 0.6838286343768338 0
0.1499432934551619 0.9671366823496829 0
0.7258311310028418 0.6460091076250241 0
5.038071163832284 0.2846205922858774 0
0.1859961526985399 0.7789870719851419 0
3.613437898359838 0.2430346369904685 0
3.45204110579744 0.8633167400013534 0
3.786665972338246 0.1257386529688175 0
0.4198634448383785 0.4161403879973461 0
0.9825398544103625 0.8391795295146915 0
3.46158297110957 0.372216125332213 0
2.911136876075148 0.2063375733840171 0
3.046109053795067 0.3020501442604809 0
3.413519287053101 0.9275854516917844 0
3.674401127473418 0.5325113217050524 0
0.05475781030039251 0.1863907985957376 0
2.937040498059639 0.2610917891499777 0
3.415083868714865 0.2813790842344572 0
3.918576654699494 0.7741004885079574 0
2.142387018333121 0.5427970371864173 0
3.381025535982381 0.9826860497174112 0
0.4140566457116543 0.5667353660459313 0
0.07169348234060502 0.1537136426487458 0
4.021975180963497 0.5669342077313998 0
2.397787212790687 0.1547640353563666 0
1.419921013323198 0.1840887298479421 0
1.038953292550614 0.9270464472704376 0
3.67704328521307 0.927302940527733 0
1.771226857490524 0.04266959006454435 0
4.043106529737798 0.9460693307628065 0
0.1479165375766569 0.3467326431053155 0
4.494105864379616 0.2107430946035168 0
1.965755167575894 0.3310445479765812 0
3.523306174091034 0.04316727252728192 0
4.384959796513884 0.9087420020169329 0
1.452137187460179 0.8352607543613049 0
5.136037492968167 0.7517948371966865 0
1.951173978705529 0.7663598979845169 0
3.738968155763041 0.9640004911883366 0
1.337699485613625 0.9822490972885624 0
2.82287243580507 0.8143845418961542 0
2.822732333336579 0.9638534094911066 0
4.839122815920108 0.9606607833779695 0
1.350927808102327 0.05415108826090698 0
0.6162898970457675 0.8840419384321276 0
0.6633577417660679 0.6224182281663493 0
3.152353892269176 0.965020670391053 0
1.23422254242657 0.5621605269548876 0
2.565875847185613 0.1654928964409916 0
2.245153444820614 0.6186248041553429 0
4.666780545112555 0.1458551608437628 0
0.9723867501322552 0.1645074403938191 0
3.732889950568544 0.608342114366112 0
1.0695112006355 0.1826463940861062 0
2.700804617080756 0.1454738404571696 0
4.114953680192626 0.8395129229783844 0
1.291609037572989 0.5674051117464864 0
5.059508103123004 0.3903877397680998 0
2.183664325259149 0.6213978759573962 0
3.845373224472796 0.6919006974752862 0
4.090166893871418 0.9315745558114149 0
3.501539884435865 0.05610755304964843 0
4.828321408141441 0.05664302124860177 0
2.141649196822165 0.4124493691043614 0
0.1828068356676948 0.9257057679280427 0
0.830886871848773 0.85031960460297 0
4.060755994543328 0.9550947589309765 0
2.967323793529356 0.9196477087222206 0
2.876008401443495 0.8494484769052356 0
1.251607637132494 0.838032247600224 0
0.8794378750219642 0.4729993520989244 0
0.6639687785926189 0.5416668471696878 0
1.312372055777044 0.9822342249317126 0
1.662075662393078 0.1547493595590148 0
2.027124629080362 0.3556571462609854 0
4.954222195761886 0.03791955814615 0
2.935447453968847 0.707662744067844 0
3.062976251488864 0.291758978421169 0
1.708385841570422 0.2884182313889683 0
2.35162133699389 0.2884036941856197 0
0.619007105062336 0.1196783554687487 0
2.943585386998439 0.03705231567041717 0
1.692010271262144 0.2504232602197891 0
2.367989728737856 0.2504232602197901 0
1.979450770315969 0.3604805698046003 0
2.168515375576018 0.9254494712235671 0
2.852752779483022 0.1730408220111497 0
3.717297193652105 0.9269835712301724 0
0.739128321341378 0.9841801330128551 0
3.582138705330302 0.9393109927902374 0
3.838119761159892 0.07479986357793622 0
2.089404649432415 0.708761575810812 0
1.425430679941884 0.816271198948096 0
2.154067257072482 0.8486868332671875 0
1.950438503583042 0.6390382136550563 0
5.198209628339676 0.4291681747467443 0
3.808845650797142 0.6472001683459846 0
1.402 0.9844606935731794 0
2.211079198830672 0.1979757993060183 0
1.848921292193373 0.1979759246696866 0
4.741716033666173 0.8714894717984668 0
5.212118751755548 0.6243031270871788 0
3.045310366017556 0.2593167141616293 0
1.975502543062182 0.3823693195067199 0
0.07280606616603524 0.7416186359588502 0
5.019147256556661 0.248392728018406 0
0.7786812510280932 0.8184114890282637 0
3.709094433646389 0.4324095871790573 0
4.363341079150665 0.7619160164624259 0
2.412854062933582 0.06904631291416519 0
3.970248650593395 0.9464190131180629 0
0.6179177600709145 0.5313326835578471 0
2.196449142123578 0.2332421711073452 0
1.863568384217539 0.2332535477043439 0
0.6161955417861074 0.9043755673313862 0
1.735790620798303 0.3716766069708454 0
1.89958925267569 0.5484859762942442 0
4.308579825305072 0.01661010367944382 0
2.734473273568459 0.03430364976098865 0
3.825854945508393 0.4493062507430224 0
2.931803522439911 0.595471086674571 0
0.1410855563528921 0.1299892067740758 0
2.274162696331296 0.05239997266653135 0
1.785869141342999 0.05226613409206815 0
1.130485331276577 0.9639447245325899 0
4.685165284840439 0.8158815723377424 0
1.851226159211628 0.4841255151302017 0
2.208775064345405 0.484126126028575 0
3.88171086476873 0.7312948725057908 0
0.7426157314612838 0.70073061962109 0
1.915744071587215 0.5423862217366192 0
3.054922256169188 0.7823356033491884 0
4.188359473094421 0.1823141396495609 0
0.1265186566751733 0.8373597838622403 0
1.595479187587638 0.1537896042874006 0
4.897808110803756 0.07647980935882892 0
4.15869617455979 0.165061453668575 0
4.385741638304962 0.8735441575344918 0
0.9985361402959931 0.9250051565160176 0
4.750552928582679 0.1440281689404517 0
4.049152249762797 0.1653154956129339 0
1.88369593247575 0.5771289933411371 0
4.661471220743154 0.8368918661948922 0
2.069789084369271 0.9634217305575692 0
0.07099272914760002 0.1311693997701027 0
2.65551218377129 0.1849523853024034 0
1.280363929340517 0.9643118070601511 0
2.324215894601639 0.3719926692102082 0
3.917419384915055 0.07448952986622798 0
2.244800960146635 0.1559849558275172 0
1.842749946222195 0.601533687911968 0
1.815220998669111 0.1559796862506725 0
1.090613912635626 0.5826110142038929 0
4.093999964857634 0.8689477073402843 0
0.8686096049228036 0.5642119452065272 0
3.614585831452521 0.3340688966067892 0
3.391930908484887 0.03673570097155709 0
0.9646390133507248 0.9242127530641422 0
5.198233149392199 0.5712704200810149 0
1.241091456149977 0.4156283609912506 0
1.903347383397069 0.7761440688262159 0
3.804468511257441 0.07535144831279683 0
4.954095243776061 0.9398287791438662 0
1.152080071381454 0.5842950491093937 0
1.468600636115553 0.865574899987998 0
1.734452867335529 0.4316516549479512 0
2.325548101542807 0.431649985773985 0
4.642457202226629 0.8128186339498491 0
3.11163764602483 0.9642179007581635 0
0.1437674068418162 0.1775529658185789 0
4.681274001435174 0.9425018939125971 0
4.093669697637139 0.7326784462237594 0
0.6642834210630628 0.5625884171748241 0
3.601682978973386 0.01736750049472419 0
2.291987481361475 0.4734880217478459 0
0.9502459869341247 0.4342042118174144 0
0.6766114575025601 0.2172041971142239 0
0.9778079692777271 0.01635405831542214 0
0.8685160852841247 0.8728107288388152 0
2.141121257765914 0.6236587561543276 0
2.667389541393241 0.1362611776097665 0
0.5470515220785526 0.5450124806403273 0
1.76806691475452 0.4734402511869475 0
0.6491136606708925 0.6110305501892628 0
0.6692475339836994 0.4383708612071616 0
2.946448273679164 0.9292928073369927 0
4.724196682134213 0.8739109292606269 0
3.619775179730349 0.5075750683453066 0
1.944303815950339 0.3795069737375191 0
4.761763850001302 0.1272876145142698 0
4.89947360095224 0.9596557085735729 0
4.624365976262856 0.8159814011468316 0
5.057826103836025 0.1860254882169334 0
1.969929048660671 0.707213678557127 0
5.069964383702826 0.6637329211119395 0
0.6456032732105617 0.9663764556655895 0
3.878301344715404 0.5278946240051198 0
0.07197336030744461 0.7203846933343689 0
3.633731265959533 0.3457436252082847 0
3.035770897205048 0.9840818387206077 0
4.960471175453883 0.7573912912660224 0
2.145718566784143 0.3843694813134205 0
4.921341030852148 0.07727671742784997 0
3.940203724265651 0.03608429729470536 0
4.528111454183476 0.0554324726289025 0
3.436445588414069 0.9381174082384571 0
2.10149676094289 0.6607883834853776 0
1.061920411869225 0.8343278150647517 0
2.936476440536347 0.6625536164318071 0
4.494952531174044 0.2300144908641497 0
2.429088054069494 0.03553214267712096 0
4.598920140523107 0.8364236575105725 0
1.091317774138273 0.4507474527915638 0
2.300373431210832 0.01673202194959744 0
4.020338965345085 0.182821850025013 0
1.984579249023328 0.4294608749547969 0
3.278390013087395 0.938419519892582 0
3.30503934993772 0.9231607827426316 0
4.181199103084548 0.07382887933654425 0
5.148216459800518 0.2349005027296558 0
2.872757923119939 0.9682527596744791 0
0.1652166095859626 0.8540564063085542 0
1.363331175718508 0.4593818398865504 0
3.605322888007068 0.9255663050208747 0
1.795261289586054 0.5580878467823592 0
4.513728726524874 0.721756729390052 0
4.914711837070218 0.02630122782796906 0
2.934528426263291 0.5779696638314662 0
0.05405965650164601 0.1201167453062064 0
2.916513981705412 0.5668200099556148 0
0.07223481898694173 0.06806504818047715 0
3.861666926546041 0.947251383437179 0
1.759643366033902 0.01666964324809461 0
4.513665741778796 0.2571018045834527 0
2.082803057077391 0.3502764076841209 0
4.516514023414766 0.7034195991936086 0
3.274223315553453 0.9823678406230084 0
1.950068940911676 0.4460934579910919 0
2.264688907741542 0.5581362878394738 0
5.040353319768059 0.2487444420709459 0
1.468259685416931 0.847343823631632 0
4.388989342954181 0.01705796998615922 0
1.067493176058285 0.05497196372844748 0
0.6324292643876028 0.9156921965482446 0
2.92695456399403 0.9387109571314978 0
4.492216180850969 0.6842488085987529 0
4.028133082152129 0.9756862811907405 0
3.842230513032226 0.8171838630496482 0
3.076379310344826 0.9853013215677799 0
2.203889292457651 0.6889258943214389 0
5.06469523294081 0.4755731002614149 0
4.58078444828112 0.8130690724398157 0
2.171320509479681 0.8495750859275275 0
0.787953403430397 0.7450949280896981 0
1.363521087480969 0.9636362202820172 0
4.516525028757711 0.275667382869724 0
5.214291123263935 0.5979093303734853 0
0.7586443772957652 0.7505914420482661 0
3.638818126643549 0.9257040885242374 0
3.996423055643172 0.9622787768061405 0
4.51694562456246 0.6397033003353371 0
4.492257628567804 0.2956667255982323 0
0.9317119837637362 0.8600515325049987 0
0.6758613705755387 0.1955779253934379 0
2.953561289607742 0.6760945885601852 0
4.513633917206986 0.6583726009571192 0
3.73941547640735 0.8553109068655744 0
5.197232795318714 0.4673480785984552 0
3.823987107079323 0.1227413693103244 0
4.492380929832544 0.6197372521511755 0
4.49274472612974 0.3608338808039367 0
3.857263104145995 0.1225068872330149 0
2.219624341047482 0.1712287690181422 0
1.84037573368789 0.1712284038049618 0
5.099139857312796 0.5767750276559633 0
4.383700688448776 0.9855709531352717 0
3.653303840732869 0.1564141268037703 0
3.508103792300772 0.4146610733933729 0
4.492395931894805 0.4260876576636441 0
4.513506719511165 0.3208297974089273 0
4.064768784795941 0.05241115829016796 0
4.49243754396571 0.4906013802253636 0
0.2264271181908293 0.5731389095946877 0
5.197283419372354 0.3911713348742428 0
5.044053706028761 0.9087190693449911 0
4.492460128682554 0.5551525017516141 0
5.154068722155488 0.2030221115011462 0
2.889502657224658 0.7848838561826277 0
4.516990178154828 0.3821852055372942 0
5.081153993687233 0.3186138841482186 0
0.814204937716106 0.8116396524443206 0
0.05404165363006141 0.7101507829534817 0
2.341762495025207 0.3171378516536374 0
4.683327952987515 0.1485337894312002 0
2.734250573239583 0.8311287741493294 0
4.517020548197786 0.4465512318743645 0
4.517038739182437 0.5752967528687967 0
3.423785311640704 0.0367819850855764 0
2.878313458565337 0.1865645243885758 0
0.9278326591078714 0.5678822218822022 0
0.3705983423507506 0.566733221500434 0
4.517047845440057 0.5109134782854846 0
4.496472857284006 0.03620739911762433 0
5.110183637324628 0.5175676074456481 0
0.1825597055585568 0.6359567672412579 0
2.110128913401884 0.4470760556577335 0
2.155939530861381 0.9562558974928157 0
4.516576879384901 0.3398785551337828 0
4.079986261723214 0.6420217318480311 0
4.275791181267195 0.1855347691677837 0
2.435146640364181 0.1845966624804338 0
2.72882180659043 0.9665687742473708 0
0.8517585360670399 0.9854652837076194 0
4.93590994071675 0.9665970603946484 0
4.513698394341063 0.4007102883869487 0
5.147868640611531 0.2706023937811187 0
2.179131797586191 0.2870826758034768 0
4.883302969309446 0.8208921598268959 0
0.7510527921552976 0.4696313784497643 0
0.6645608839982526 0.5833857213522933 0
1.717886217132146 0.3169021478181363 0
1.624861054078716 0.1845869156750592 0
1.833062788464556 0.512421639928928 0
2.22693729240626 0.5124216689570233 0
0.2587864245361802 0.4524248896064141 0
1.872496785958241 0.8596941002682486 0
4.513730010839917 0.4651066806706773 0
4.513733047898597 0.5939361664771493 0
2.954855912238817 0.6176701613165304 0
4.239332127397297 0.1643326898430708 0
1.882417282486194 0.2860709433289971 0
4.880784235507306 0.1771767594027915 0
2.975926737015753 0.03501517881706018 0
2.777809586316446 0.03280397259313683 0
3.662236151975252 0.2963477320596514 0
2.697097284196048 0.8307960310778145 0
2.015884482447442 0.7917538756338844 0
0.07134534495081946 0.08899660852291896 0
4.51374730296617 0.5295055735120204 0
1.138010445297325 0.814727679112212 0
1.944625633607458 0.9118252762838042 0
2.904164043852774 0.9849500624109185 0
5.189378732540348 0.3395910948088153 0
1.929422964468765 0.3864732089641039 0
3.370468239534373 0.966716546876409 0
0.1396659905417663 0.03079114153422435 0
1.160402611169482 0.436350523404084 0
1.903730632454582 0.9571474517169408 0
0.4557580051616572 0.4335008533789952 0
5.155291555507184 0.7862187743618452 0
3.706626284589725 0.1676635626456127 0
1.079083318531033 0.9261368293770761 0
2.127284757138768 0.9633626825642714 0
4.485141293937418 0.01663316087050948 0
1.848340459049674 0.6637465881099031 0
4.349513166203473 0.01432931950542199 0
3.512199535166302 0.8346739606167602 0
4.859350405131494 0.03910163919664833 0
5.093421087209363 0.18229727853348 0
1.418744241129507 0.5654424956513239 0
4.703231510221404 0.1249334992914416 0
3.583028640487938 0.8350707421754962 0
0.7530774428169149 0.3458691489487769 0
0.1855446608654598 0.8419286252877132 0
0.164427875630794 0.9547607283531561 0
0.63807517993551 0.3548135837963755 0
1.095238577497955 0.1833697733262855 0
3.937092514593908 0.9672421342574136 0
2.909128722157902 0.9284615080411511 0
0.1020614358518439 0.03188385811545741 0
2.336366198630905 0.01322215654778169 0
4.125384615384618 0.1859857160684392 0
2.799343553032588 0.946651888676366 0
3.724898222698282 0.03384597866293249 0
4.365298811221773 0.8011694210578517 0
2.893781188075681 0.2351733221696376 0
2.689248680230838 0.1279970325266823 0
0.6322786406282754 0.9359227072672845 0
4.410580325904571 0.7818294206724193 0
1.287740967200659 0.1856129297629499 0
0.7890280318846326 0.7090861625731898 0
0.9067570003316865 0.9675808491721168 0
3.898289425365912 0.8286610561435448 0
0.05301894984677036 0.6889852625058435 0
0.9048200639258335 0.8754081401757872 0
2.573007974070212 0.05092235463698946 0
1.363210114713683 0.1668078969977272 0
3.739130366812585 0.4236012305514252 0
4.419522416336008 0.01654299874666754 0
3.574145976114427 0.03493458988143011 0
1.32850041446237 0.4533722671427479 0
0.9221538574324049 0.9439733821978031 0
2.26210982706167 0.043580174623569 0
2.080441380168787 0.781286873179171 0
3.114577394156819 0.8132225303010473 0
4.493856640083774 0.7475370005615275 0
2.287519293768203 0.02472965142539513 0
2.463823968899144 0.1507466787718201 0
1.772483044864934 0.02463784489953913 0
1.320097832500694 0.03293445600962075 0
1.095192307692307 0.8141149876933951 0
0.7345565831201948 0.396846708845093 0
2.202346286366578 0.7628296879907875 0
2.374380974139626 0.07117395961572986 0
3.186032500309835 0.9856105918495797 0
2.499090278156652 0.0333791727680387 0
4.202720105911823 0.03765907902720267 0
1.468463572540302 0.03541400889128354 0
1.036181445637149 0.03293363505764235 0
3.538645596323547 0.01439400428020032 0
2.64832205666175 0.06942034420616611 0
1.006006121680892 0.1857917925865892 0
4.973659998042796 0.2290098489666597 0
0.7604074911016645 0.2070108462743072 0
4.934660999048539 0.8397329295542675 0
1.78256081179066 0.5217622814486534 0
2.277436458155694 0.5217677952334098 0
1.408560856140929 0.4143100337076118 0
1.032768292569981 0.8168859502967778 0
1.099944568670127 0.9635895102732038 0
2.911036050933665 0.2444157875569423 0
5.197137376391449 0.5336442035424316 0
2.890536561638096 0.9386598109175485 0
0.8817988897636884 0.07091492628941587 0
2.76311492360186 0.9656049943652354 0
1.482093978474491 0.8404322933097992 0
4.060145452311767 0.933609305631339 0
0.5336493834346503 0.434339264397678 0
5.102836850466428 0.804391341574125 0
3.348153231340229 0.8166559494389631 0
3.319559100620341 0.8326179223402865 0
1.797856033133416 0.04339888534184588 0
4.109043559065393 0.7242952526196144 0
2.258318906101445 0.1084627721914401 0
3.65119610724905 0.3573523021122607 0
0.8084494398006086 0.9858220642733553 0
4.082307692307691 0.1863203934391805 0
0.1860986551745856 0.1565504931583802 0
3.656389800880604 0.5219005929812826 0
2.872814654491838 0.9493985438542583 0
1.256574686521029 0.5839642772604289 0
1.723307971371244 0.01326832428991404 0
1.023106303419095 0.4335309780633096 0
0.712085952230354 0.03494385524354265 0
1.286446363504563 0.5850960255595857 0
3.450625575991128 0.340183454320347 0
5.21692696340465 0.5000740882181751 0
0.1596426961002555 0.9822742039284479 0
0.5642225704745045 0.412639406348022 0
2.917255563570895 0.8260523806546508 0
1.560136567110014 0.03240240513326015 0
2.850614660606241 0.8339372279365096 0
3.896818957333852 0.5594518975249008 0
1.801742234818743 0.1084267267260957 0
2.242974291536451 0.5221559925296096 0
1.817024180791575 0.5221544740857249 0
3.743007494054269 0.06204300861519146 0
2.161222868863895 0.3793307566233957 0
5.124084767901318 0.2001643046251275 0
1.482619707635427 0.9577837098526637 0
3.210513913842132 0.8322065797676829 0
5.044547570168531 0.1628326449184744 0
5.058439539420005 0.360674829761802 0
2.125450166368004 0.5782524376628304 0
1.929595907250018 0.5536400226842246 0
3.222649778345967 0.9650530150363514 0
1.970495472823408 0.8771240549471762 0
1.338330836141778 0.5325991566436854 0
1.445753951364961 0.5588548551276904 0
5.109763521988699 0.8265711515301554 0
2.64752450744972 0.958020701675293 0
1.927040639104059 0.89038807850227 0
2.411929182281906 0.1442605957446951 0
2.465051583445545 0.01366756286377252 0
4.093588472690683 0.03574215748391174 0
3.794401124007134 0.8291778532847343 0
3.676949125045166 0.1724827473088356 0
2.945620689655171 0.986453235526785 0
1.622852761483285 0.1324934840256227 0
0.9865025353629928 0.8550369980412342 0
1.008082960814936 0.01605381580964232 0
5.098067874353397 0.4609580738192871 0
3.71349162445425 0.8702381274969037 0
2.436807530762005 0.1328242403042522 0
1.956507382314243 0.725567520524067 0
2.127716035175359 0.5508728234814885 0
5.026562632994112 0.09956804169407729 0
0.8394632397094111 0.06995677894507774 0
0.6647640285793834 0.6038321491710876 0
0.6847861497806051 0.9661242823147934 0
0.03383643801219094 0.676606738748267 0
0.8480293183769247 0.5673876127660845 0
2.978747319032607 0.9674061444670703 0
3.847287119136956 0.7345648207105764 0
2.844148694949721 0.1873313703066833 0
3.71658365458698 0.5960923413399053 0
0.1887989108060788 0.6003055782906169 0
3.547047613543377 0.8136883964998869 0
0.2346893272719139 0.5873137152626294 0
1.385054545980036 0.8354028069780499 0
1.957925587686896 0.658428048165438 0
2.609544953840759 0.07142498289232352 0
0.635290161838751 0.6454156511719017 0
1.330181818181817 0.1866279270562802 0
0.9085297110517596 0.9321247256412927 0
0.6340824036082042 0.5242529988568606 0
5.062044718183758 0.4341266567654253 0
2.670836147900558 0.8185738444007109 0
3.566782062370673 0.967873706434037 0
0.8004469407500427 0.8312786247948268 0
1.999104158510624 0.7439996436175893 0
0.7479644515707025 0.5824981229613951 0
1.390146758674401 0.1838714454493205 0
2.647562362491855 0.8401117549503306 0
1.004100000000006 0.5868542155685479 0
4.09320838529653 0.8849270307453898 0
3.828207795787103 0.9679478913297317 0
0.05101596553085797 0.03170170310473408 0
3.46276487808712 0.03625884787143163 0
0.4402453180429871 0.5221713407776677 0
3.16757560319819 0.8326408299836741 0
0.9583625917382899 0.05214782907467175 0
1.042464258586799 0.1655955229676305 0
3.753941086404809 0.8283922128637279 0
4.457253726216508 0.7861904395193784 0
1.697697682213084 0.2207942265414737 0
1.647691800663865 0.06892460276832935 0
2.36227423130263 0.2207695319156255 0
3.491694142916373 0.3986437385358492 0
0.6816673815763159 0.03452623553392553 0
4.365056083429203 0.8322328701820002 0
3.706651826758247 0.4023617809459416 0
2.534891448509863 0.05279527760025626 0
0.9639039200516866 0.8140692386804299 0
5.064054911535703 0.4961165157781435 0
1.373197215240128 0.5661233327518816 0
1.685325620945895 0.07143552324868918 0
0.6312945293699244 0.9544305179523784 0
0.2682198584736746 0.5490654763953188 0
3.038114035155204 0.7278248657703583 0
3.654667699982554 0.03454542475179573 0
1.647677763065376 0.1441467588949354 0
0.01683392034069353 0.6644923730966594 0
1.707277045001772 0.0386731699046996 0
5.002500234753809 0.08368411216814348 0
0.6699107176138721 0.4183747868910292 0
0.764580630512085 0.6068894578120908 0
4.025105039791621 0.05356304301847081 0
3.988318434380845 0.03267931530422991 0
4.835799231967151 0.8306227210422549 0
1.896480556507838 0.7582574048978785 0
3.345541366358884 0.01553083404029282 0
4.389495511947792 0.7460627271861769 0
4.278760040646572 0.01587773661454062 0
4.345801379190837 0.9841255483449332 0
4.102379149734512 0.6970217088073807 0
3.90232747115765 0.9456368360322009 0
3.438100489223933 0.8132500347672234 0
0.7488254106677534 0.5384004813338235 0
1.454194041467788 0.49125 0
3.613335928031176 0.3158097636418774 0
0.1823584242199279 0.9597320208301149 0
1.459713927919086 0.8176507497671897 0
2.81511318557001 0.1718914482691813 0
0.9160417157538276 0.05082289080677982 0
0.2383039488146879 0.4189679209237438 0
3.038980227792135 0.7775566151608898 0
0.3037537289576782 0.5676404206922485 0
0.8234364417685685 0.1566947637064058 0
1.941375042208601 0.3248452173588334 0
4.314252626136289 0.1842212774049172 0
0.6634749374702482 0.6824568821583947 0
2.133829024923261 0.3261689234737483 0
4.995343610153457 0.919716382325775 0
4.513051579626923 0.2159075398131686 0
0.3376150879180999 0.5873451881472609 0
3.600896667834927 0.8689467754155475 0
4.47441298363521 0.7584890776333376 0
0.6453579897871773 0.02997546613114038 0
0.7542593258714319 0.2541069643178101 0
1.123356652154716 0.1680954081751219 0
2.164657917490602 0.3288287751154365 0
0.9613466298778237 0.8663648965996227 0
1.424713927919085 0.5823492502328091 0
3.136430683318936 0.833193141922123 0
1.165052454203566 0.07074857342840041 0
0.7637089407400921 0.5540050481950161 0
5.061826168571868 0.6790325183027882 0
5.124054789322703 0.7373642462793366 0
0.03317600008509025 0.6339033894005344 0
3.915264929252069 0.5696647129908928 0
1.241769877137319 0.05205014274645486 0
1.347307692307693 0.8318858345451396 0
3.539685889391031 0.9839252816696951 0
3.691444368449574 0.01325245251564688 0
4.077687089260952 0.9217305745056711 0
0.62984019023291 0.2114478119947004 0
1.564913370582181 0.1666178383896979 0
0.6571233731724466 0.4275523904289942 0
4.908823094375435 0.9749300437218257 0
3.447674599838844 0.9868187776209759 0
1.960792714000704 0.8921162300259118 0
5.069761743384588 0.3439422356243004 0
0.01670536694571423 0.9618113650342178 0
0.8567752821334735 0.4523955642096459 0
0.09999999999996367 0.9737898776627254 0
4.022026903816486 0.5894588837627153 0
3.611223847165699 0.2064651966185153 0
2.689724036794822 0.06946720550183494 0
3.922428071242794 0.8139864220261559 0
4.709123225848501 0.8500585839458502 0
4.862613788903184 0.8229991397706565 0
1.263649694049102 0.4163118627167505 0
0.1856084327998375 0.01466367986284861 0
2.352213613821077 0.03858989521963624 0
2.094713255598424 0.6787110063908839 0
3.400090475078466 0.8346945858822057 0
2.799860988898646 0.8319772587418461 0
2.886374233424551 0.0310483832648642 0
0.7401794074447974 0.6366563558268218 0
2.504568450556636 0.149874142051455 0
1.2181 0.587603511377815 0
2.765286151001859 0.8119507768843965 0
4.25144662267878 0.03210699697793434 0
3.744529361768727 0.4542918007888936 0
5.16587618741303 0.2715065904247521 0
1.407398011209089 0.06920803508768975 0
2.710309129814577 0.1320304825366528 0
0.5844592242551847 0.4523618278231611 0
0.03851224578938117 0.9832325576788866 0
0.7730617386064191 0.6633052581266228 0
1.400889753777797 0.5676602227915771 0
0.01425297082132548 0.01478391645249127 0
5.166637315431031 0.775616619413284 0
0.6175459476540888 0.04007938165442476 0
5.07133682077119 0.7032275188204631 0
0.8057836746916871 0.04902698968971692 0
1.969846006245102 0.7718521491914816 0
5.193716707314538 0.2764309850738287 0
0.7348708683984295 0.4240159151609491 0
1.859877178195847 0.651239096882249 0
1.884156544656004 0.8456733907674058 0
0.1398723858103907 0.1475178596399111 0
5.092270211622132 0.6308808573918363 0
4.515154725151207 0.784886829261992 0
0.6399550238312728 0.982011348760772 0
0.4988806566973831 0.5303889863578362 0
0.7696320237110192 0.9841990915223939 0
3.249817084297034 0.8338288511379432 0
5.120578988187794 0.1863773473393674 0
0.797297892715616 0.1685235647515214 0
1.123863979412022 0.06937064986214581 0
0.4805905744760079 0.4482012010520696 0
5.057934487651748 0.11919245261466 0
2.768174501673318 0.1662954022122392 0
5.205483864052741 0.6825605927343475 0
2.179091636319475 0.3367137096055803 0
1.447630351262324 0.07127277931104092 0
0.3688461538461625 0.4298405630947301 0
4.438942919541436 0.1426119699518167 0
3.786859403917437 0.967234638478832 0
3.779614108678896 0.6537284457051911 0
4.438773886603158 0.03943367314886953 0
2.53155849229901 0.1550935206108796 0
1.059236383461138 0.5679827930014283 0
0.7522707233317441 0.3740168685671922 0
2.958381497548598 0.6356113858097372 0
1.129534200492664 0.5837887628523518 0
2.6166875 0.1881304746521312 0
3.645048399012303 0.8701447596287891 0
0.4321906086334735 0.5718189869772091 0
1.175428817236094 0.4124757518785621 0
0.1334620394545669 0.9727626292294567 0
0.8968475822588309 0.4480318681316514 0
2.211245065523233 0.6699401739038711 0
5.057466708388842 0.881411619893848 0
5.112092109911504 0.4861672018792423 0
2.044183316710059 0.3494069586775873 0
1.906694571769396 0.9106950946917641 0
1.203627447504469 0.07241654732330682 0
2.816434069822912 0.03353679522408531 0
4.804559394892591 0.8492210162725427 0
3.640616009465078 0.5301000863857954 0
1.280200011868707 0.05318221897548137 0
2.582270614121868 0.1679730118545177 0
2.134820611581897 0.9775237921050032 0
1.111673227214551 0.4705194708217655 0
3.903636244918446 0.7632201961637293 0
4.419384605417218 0.1068666253821204 0
0.6388166181756221 0.01690566506734537 0
0.8313745102633172 0.4280367381352042 0
0.329841598177965 0.4314593457973014 0
0.9677399893611662 0.4327777624817078 0
0.6176301991522544 0.9603601627200236 0
5.14445805152562 0.6623305767675529 0
4.092500620074685 0.6669519089083975 0
2.148865531345197 0.3352646038550982 0
0.03481152507833007 0.615293706799829 0
1.514777982003499 0.169536506046254 0
1.751637211236245 0.4376075133645223 0
2.308366890198004 0.4375987688475615 0
1.157197818507659 0.9476588962908464 0
3.063730331243716 0.03777085496792371 0
2.684879972643258 0.1851361015252903 0
1.940884353151484 0.984518183568472 0
1.945853716133374 0.9716843409685609 0
1.517797626033008 0.03180049686384473 0
1.304428239033176 0.8313837099853062 0
1.920169116589199 0.3957437647939981 0
3.857115210708758 0.718021919427803 0
3.280183651101477 0.8340273065094184 0
0.636333924934223 0.5995576465166002 0
1.760049326507253 0.341651734046595 0
2.190350229033979 0.3834055327539223 0
5.062743861219682 0.7206433853115519 0
1.225996988797374 0.9497501225983789 0
4.69778563633972 0.8333124831933114 0
0.8294695868036028 0.570755721438383 0
0.1618647436470932 0.1704213976296371 0
1.947778917457322 0.4724040132109219 0
2.926299138251432 0.03079336017782169 0
2.113268351396301 0.4722665406138081 0
2.002227069369774 0.8076701700615764 0
2.073411957589549 0.768809720127999 0
3.004950007537041 0.9846195835635734 0
4.419640687684053 0.07689208827609584 0
4.054041519388694 0.628738507365069 0
1.943992028730556 0.5456519333380772 0
0.6627099377062342 0.6388824132630933 0
3.831185591035091 0.6815141667161129 0
1.979386514871872 0.3324745548755959 0
2.021493622110376 0.4304733997819283 0
0.5529922787936963 0.5183016224465647 0
3.629269749336972 0.1800601048407183 0
4.874018932648047 0.1612725449840131 0
1.268169988442553 0.9503204475210633 0
3.486539991317396 0.9655178311602686 0
0.6099181065118238 0.6344092939984665 0
2.299759787975515 0.3417606571019585 0
2.197851152709044 0.8421262842977696 0
0.1553973848831625 0.8352416601680742 0
0.1892201116760592 0.5718253321811619 0
1.412180354044151 0.971014034651523 0
0.6099279389712249 0.3655857627252169 0
2.722808951157727 0.04846123833987764 0
0.6324363903827173 0.2254144898317382 0
5.179660828263058 0.7001294854038036 0
0.07370049196204853 0.05109426142620016 0
3.718991772144832 0.5782571159243208 0
1.231512091920587 0.1709078860202045 0
1.192543028156849 0.1688209961023479 0
4.972203127980279 0.7422031279802803 0
3.382130863919171 0.2709200251479313 0
4.970254398417222 0.935017836535748 0
0.8124481143894231 0.4087340889166005 0
2.056862774770857 0.4110089435047352 0
2.195372120928385 0.6074403164365281 0
3.950367995361265 0.1303042047146385 0
0.01163107627446713 0.5979651162790701 0
1.336710147946188 0.4673283353451034 0
5.061181582066975 0.6468771356547272 0
3.608387250790595 0.2253622783518662 0
4.566808662908723 0.9495341486559542 0
0.1733926101980328 0.6237336895705479 0
2.667706381288811 0.9829782298220384 0
3.398612089101219 0.2930037314185978 0
0.7488402397386889 0.4888472640994057 0
4.399686795142658 0.9605931990358472 0
5.103015947556036 0.5328700073986885 0
2.852810661410163 0.0121856355722279 0
3.071769186186459 0.7858462036274921 0
1.961816302615572 0.9698995526648818 0
3.668212605266759 0.3696436480793059 0
5.063541232508932 0.5164258745306821 0
0.3019028517109956 0.4323184465296407 0
0.7711652935957927 0.3931997866840966 0
5.018507247122329 0.7212649734737631 0
1.195301929479862 0.8291034896096294 0
0.04513403557360496 0.9691391700109482 0
0.8344086815846676 0.1900816107737447 0
1.906430357528508 0.8125570357228744 0
0.6559716034664618 0.3618016692270973 0
0.7907432007924857 0.1976639169767986 0
3.392474488233173 0.9317666838883569 0
5.097540697429533 0.8410090711901951 0
3.683219454968218 0.8709732523189144 0
0.7365769490448262 0.7353946366062379 0
1.996193432932504 0.3571274369415935 0
1.739495036336536 0.3901161824258315 0
2.320504963663465 0.390116182425835 0
0.7725618643277481 0.2696946356561977 0
1.234346576790277 0.8309924303154654 0
4.473538886650443 0.16096175867374 0
5.092767602338791 0.5950533683566328 0
2.091598339831031 0.4131936470411712 0
0.7197224872656109 0.6849989052045407 0
4.379068129944446 0.8567908461404012 0
1.434661791334691 0.8301498387357247 0
4.943420662174347 0.7879609421422542 0
0.9494503183732932 0.9306231109322699 0
3.795506228453903 0.4392290276625843 0
3.787141743477718 0.06884257017028372 0
3.810132454513944 0.8186270798359585 0
3.929353672099904 0.5610787242052503 0
4.942556418058564 0.2102408361079417 0
1.964928584717177 0.6772482758816792 0
3.76575867368161 0.1317497249692517 0
0.9077371193924377 0.5704059569186412 0
3.396904116079766 0.243136516666882 0
3.435079727841089 0.32804464330671 0
2.202883550613091 0.3023463228858365 0
3.385955093893347 0.2837958921875783 0
3.807705240393369 0.1295553558991978 0
0.7351946972938812 0.7938428550232171 0
0.6611244499268467 0.7071634319078879 0
4.371103151197349 0.05466862205785439 0
1.311708913042994 0.5418826713546026 0
0.7725806532152533 0.3305280579182699 0
1.915936910995169 0.9524604316907535 0
4.136544828466129 0.05290183947145111 0
3.602658368498076 0.4442849136165253 0
0.4509026078015859 0.5700258651528544 0
3.756427257956379 0.9662403846674045 0
4.970984470387527 0.06352195669122246 0
1.877704833313791 0.8167989713164214 0
4.379168233355759 0.9254863885009712 0
0.7153650318532403 0.9660849351039877 0
2.874438148524387 0.9850888365521064 0
0.6044238551208043 0.4312949045694867 0
3.3614093875642 0.9530678754748189 0
3.723927162989539 0.1315598303202626 0
0.5610549678252592 0.5710413286847573 0
0.6301493821122994 0.4359054596534231 0
5.053183264446584 0.3005169558749292 0
0.4083845106629549 0.4299158560884812 0
0.6115830270399021 0.241494803514285 0
1.607529234965342 0.0687549259244894 0
4.732479005980618 0.1450246163582741 0
0.1618805289640801 0.7636428280678831 0
1.604316351144079 0.1395832323895246 0
2.397277239818309 0.2168847743567064 0
4.453260713148136 0.01502787025798746 0
2.746202396296254 0.1300062908678581 0
1.662724519797065 0.2168831785060218 0
2.360722664334486 0.2386562676531872 0
1.699278423801662 0.2386572387825052 0
2.901879603838449 0.8365609795847369 0
4.218026311087128 0.01187780166807217 0
1.444554680360108 0.1674376153253446 0
1.365551445213284 0.06915113739600642 0
5.151429892438268 0.800242484845413 0
3.001467359007234 0.04961417225028614 0
5.212442790082155 0.6640184814753933 0
0.7720667367447842 0.7723754090891518 0
2.215442000343493 0.7177215651163313 0
2.691521045609519 0.9854794570965575 0
2.210430847867042 0.7454080734888915 0
1.897516826705276 0.5636598220108463 0
1.82674221376158 0.6071778960665081 0
3.342344948874207 0.2265187425259477 0
4.720737360468158 0.1214246385387756 0
1.328789058795866 0.04598912073235983 0
2.453350107454062 0.1385920658081058 0
4.545570976460837 0.8748416177157445 0
3.959019464341151 0.03301702219277641 0
3.361159350310282 0.2927354705262479 0
2.116717734886911 0.4021043150686229 0
2.23423148247522 0.6058447643675621 0
0.9103118728045629 0.1691818345752779 0
0.04980588194372304 0.4973460029635361 0
0.1714539557474182 0.0411201216796967 0
5.194942519994941 0.7241795530425376 0
3.60666920268095 0.4724937368061843 0
5.072825333075235 0.3002528358136008 0
3.979208049819581 0.1667331138071173 0
4.492763048022725 0.1957210010893145 0
$EndNodes
$Elements
99 16852 1 16852
1 1 1 5
1 3 99 
2 99 100 
3 100 101 
4 101 102 
5 102 4 
1 2 1 5
6 5 103 
7 103 104 
8 104 105 
9 105 106 
10 106 6 
1 3 1 5
11 7 107 
12 107 108 
13 108 109 
14 109 110 
15 110 8 
1 4 1 6
16 9 111 
17 111 112 
18 112 113 
19 113 114 
20 114 115 
21 115 10 
1 5 1 6
22 11 116 
23 116 117 
24 117 118 
25 118 119 
26 119 120 
27 120 12 
1 6 1 6
28 13 121 
29 121 122 
30 122 123 
31 123 124 
32 124 125 
33 125 14 
1 7 1 6
34 15 126 
35 126 127 
36 127 128 
37 128 129 
38 129 130 
39 130 16 
1 8 1 5
40 17 131 
41 131 132 
42 132 133 
43 133 134 
44 134 18 
1 9 1 5
45 19 135 
46 135 136 
47 136 137 
48 137 138 
49 138 20 
1 10 1 13
50 21 139 
51 139 140 
52 140 141 
53 141 142 
54 142 143 
55 143 144 
56 144 145 
57 145 146 
58 146 147 
59 147 148 
60 148 149 
61 149 150 
62 150 22 
1 11 1 14
63 25 151 
64 151 152 
65 152 153 
66 153 154 
67 154 155 
68 155 156 
69 156 157 
70 157 158 
71 158 159 
72 159 160 
73 160 161 
74 161 162 
75 162 163 
76 163 26 
1 12 1 14
77 27 164 
78 164 165 
79 165 166 
80 166 167 
81 167 168 
82 168 169 
83 169 170 
84 170 171 
85 171 172 
86 172 173 
87 173 174 
88 174 175 
89 175 176 
90 176 28 
1 13 1 14
91 29 177 
92 177 178 
93 178 179 
94 179 180 
95 180 181 
96 181 182 
97 182 183 
98 183 184 
99 184 185 
100 185 186 
101 186 187 
102 187 188 
103 188 189 
104 189 30 
1 14 1 14
105 31 190 
106 190 191 
107 191 192 
108 192 193 
109 193 194 
110 194 195 
111 195 196 
112 196 197 
113 197 198 
114 198 199 
115 199 200 
116 200 201 
117 201 202 
118 202 32 
1 15 1 12
119 35 203 
120 203 204 
121 204 205 
122 205 206 
123 206 207 
124 207 208 
125 208 209 
126 209 210 
127 210 211 
128 211 212 
129 212 213 
130 213 36 
1 16 1 15
131 37 214 
132 214 215 
133 215 216 
134 216 217 
135 217 218 
136 218 219 
137 219 220 
138 220 221 
139 221 222 
140 222 223 
141 223 224 
142 224 225 
143 225 226 
144 226 227 
145 227 38 
1 17 1 13
146 39 228 
147 228 229 
148 229 230 
149 230 231 
150 231 232 
151 232 233 
152 233 234 
153 234 235 
154 235 236 
155 236 237 
156 237 238 
157 238 239 
158 239 40 
1 18 1 5
159 41 240 
160 240 241 
161 241 242 
162 242 243 
163 243 42 
1 19 1 5
164 43 244 
165 244 245 
166 245 246 
167 246 247 
168 247 44 
1 20 1 5
169 45 248 
170 248 249 
171 249 250 
172 250 251 
173 251 46 
1 21 1 5
174 47 252 
175 252 253 
176 253 254 
177 254 255 
178 255 48 
1 22 1 6
179 49 256 
180 256 257 
181 257 258 
182 258 259 
183 259 260 
184 260 50 
1 23 1 6
185 51 261 
186 261 262 
187 262 263 
188 263 264 
189 264 265 
190 265 52 
1 24 1 6
191 53 266 
192 266 267 
193 267 268 
194 268 269 
195 269 270 
196 270 54 
1 25 1 6
197 55 271 
198 271 272 
199 272 273 
200 273 274 
201 274 275 
202 275 56 
1 26 1 5
203 57 276 
204 276 277 
205 277 278 
206 278 279 
207 279 58 
1 27 1 5
208 59 280 
209 280 281 
210 281 282 
211 282 283 
212 283 60 
1 28 1 5
213 61 284 
214 284 285 
215 285 286 
216 286 287 
217 287 62 
1 29 1 5
218 63 288 
219 288 289 
220 289 290 
221 290 291 
222 291 64 
1 30 1 5
223 65 292 
224 292 293 
225 293 294 
226 294 295 
227 295 66 
1 31 1 5
228 67 296 
229 296 297 
230 297 298 
231 298 299 
232 299 68 
1 32 1 5
233 69 300 
234 300 301 
235 301 302 
236 302 303 
237 303 70 
1 33 1 5
238 71 304 
239 304 305 
240 305 306 
241 306 307 
242 307 72 
1 34 1 5
243 73 308 
244 308 309 
245 309 310 
246 310 311 
247 311 74 
1 35 1 5
248 75 312 
249 312 313 
250 313 314 
251 314 315 
252 315 76 
1 36 1 5
253 77 316 
254 316 317 
255 317 318 
256 318 319 
257 319 78 
1 37 1 5
258 79 320 
259 320 321 
260 321 322 
261 322 323 
262 323 80 
1 38 1 5
263 81 324 
264 324 325 
265 325 326 
266 326 327 
267 327 82 
1 39 1 10
268 1 328 
269 328 329 
270 329 330 
271 330 331 
272 331 332 
273 332 333 
274 333 334 
275 334 335 
276 335 336 
277 336 2 
1 40 1 16
278 2 337 
279 337 338 
280 338 339 
281 339 340 
282 340 341 
283 341 342 
284 342 343 
285 343 344 
286 344 345 
287 345 346 
288 346 347 
289 347 348 
290 348 349 
291 349 350 
292 350 351 
293 351 3 
1 41 1 13
294 4 352 
295 352 353 
296 353 354 
297 354 355 
298 355 356 
299 356 357 
300 357 358 
301 358 359 
302 359 360 
303 360 361 
304 361 362 
305 362 363 
306 363 5 
1 42 1 13
307 6 364 
308 364 365 
309 365 366 
310 366 367 
311 367 368 
312 368 369 
313 369 370 
314 370 371 
315 371 372 
316 372 373 
317 373 374 
318 374 375 
319 375 7 
1 43 1 49
320 8 376 
321 376 377 
322 377 378 
323 378 379 
324 379 380 
325 380 381 
326 381 382 
327 382 383 
328 383 384 
329 384 385 
330 385 386 
331 386 387 
332 387 388 
333 388 389 
334 389 390 
335 390 391 
336 391 392 
337 392 393 
338 393 394 
339 394 395 
340 395 396 
341 396 397 
342 397 398 
343 398 399 
344 399 400 
345 400 401 
346 401 402 
347 402 403 
348 403 404 
349 404 405 
350 405 406 
351 406 407 
352 407 408 
353 408 409 
354 409 410 
355 410 411 
356 411 412 
357 412 413 
358 413 414 
359 414 415 
360 415 416 
361 416 417 
362 417 418 
363 418 419 
364 419 420 
365 420 421 
366 421 422 
367 422 423 
368 423 9 
1 44 1 9
369 10 424 
370 424 425 
371 425 426 
372 426 427 
373 427 428 
374 428 429 
375 429 430 
376 430 431 
377 431 11 
1 45 1 6
378 12 432 
379 432 433 
380 433 434 
381 434 435 
382 435 436 
383 436 13 
1 46 1 9
384 14 437 
385 437 438 
386 438 439 
387 439 440 
388 440 441 
389 441 442 
390 442 443 
391 443 444 
392 444 15 
1 47 1 32
393 16 445 
394 445 446 
395 446 447 
396 447 448 
397 448 449 
398 449 450 
399 450 451 
400 451 452 
401 452 453 
402 453 454 
403 454 455 
404 455 456 
405 456 457 
406 457 458 
407 458 459 
408 459 460 
409 460 461 
410 461 462 
411 462 463 
412 463 464 
413 464 465 
414 465 466 
415 466 467 
416 467 468 
417 468 469 
418 469 470 
419 470 471 
420 471 472 
421 472 473 
422 473 474 
423 474 475 
424 475 17 
1 48 1 31
425 18 476 
426 476 477 
427 477 478 
428 478 479 
429 479 480 
430 480 481 
431 481 482 
432 482 483 
433 483 484 
434 484 485 
435 485 486 
436 486 487 
437 487 488 
438 488 489 
439 489 490 
440 490 491 
441 491 492 
442 492 493 
443 493 494 
444 494 495 
445 495 496 
446 496 497 
447 497 498 
448 498 499 
449 499 500 
450 500 501 
451 501 502 
452 502 503 
453 503 504 
454 504 505 
455 505 19 
1 49 1 26
456 20 506 
457 506 507 
458 507 508 
459 508 509 
460 509 510 
461 510 511 
462 511 512 
463 512 513 
464 513 514 
465 514 515 
466 515 516 
467 516 517 
468 517 518 
469 518 519 
470 519 520 
471 520 521 
472 521 522 
473 522 523 
474 523 524 
475 524 525 
476 525 526 
477 526 527 
478 527 528 
479 528 529 
480 529 530 
481 530 21 
1 50 1 27
482 22 531 
483 531 532 
484 532 533 
485 533 534 
486 534 535 
487 535 536 
488 536 537 
489 537 538 
490 538 539 
491 539 540 
492 540 541 
493 541 542 
494 542 543 
495 543 544 
496 544 545 
497 545 546 
498 546 547 
499 547 548 
500 548 549 
501 549 550 
502 550 551 
503 551 552 
504 552 553 
505 553 554 
506 554 555 
507 555 556 
508 556 23 
1 51 1 13
509 23 557 
510 557 558 
511 558 559 
512 559 560 
513 560 561 
514 561 562 
515 562 563 
516 563 564 
517 564 565 
518 565 566 
519 566 567 
520 567 568 
521 568 24 
1 52 1 68
522 24 569 
523 569 570 
524 570 571 
525 571 572 
526 572 573 
527 573 574 
528 574 575 
529 575 576 
530 576 577 
531 577 578 
532 578 579 
533 579 580 
534 580 581 
535 581 582 
536 582 583 
537 583 584 
538 584 585 
539 585 586 
540 586 587 
541 587 588 
542 588 589 
543 589 590 
544 590 591 
545 591 592 
546 592 593 
547 593 594 
548 594 595 
549 595 596 
550 596 597 
551 597 598 
552 598 599 
553 599 600 
554 600 601 
555 601 602 
556 602 603 
557 603 604 
558 604 605 
559 605 606 
560 606 607 
561 607 608 
562 608 609 
563 609 610 
564 610 611 
565 611 612 
566 612 613 
567 613 614 
568 614 615 
569 615 616 
570 616 617 
571 617 618 
572 618 619 
573 619 620 
574 620 621 
575 621 622 
576 622 623 
577 623 624 
578 624 625 
579 625 626 
580 626 627 
581 627 628 
582 628 629 
583 629 630 
584 630 631 
585 631 632 
586 632 633 
587 633 634 
588 634 635 
589 635 25 
1 53 1 2
590 26 636 
591 636 27 
1 54 1 9
592 28 637 
593 637 638 
594 638 639 
595 639 640 
596 640 641 
597 641 642 
598 642 643 
599 643 644 
600 644 29 
1 55 1 2
601 30 645 
602 645 31 
1 56 1 23
603 32 646 
604 646 647 
605 647 648 
606 648 649 
607 649 650 
608 650 651 
609 651 652 
610 652 653 
611 653 654 
612 654 655 
613 655 656 
614 656 657 
615 657 658 
616 658 659 
617 659 660 
618 660 661 
619 661 662 
620 662 663 
621 663 664 
622 664 665 
623 665 666 
624 666 667 
625 667 33 
1 57 1 37
626 33 668 
627 668 669 
628 669 670 
629 670 671 
630 671 672 
631 672 673 
632 673 674 
633 674 675 
634 675 676 
635 676 677 
636 677 678 
637 678 679 
638 679 680 
639 680 681 
640 681 682 
641 682 683 
642 683 684 
643 684 685 
644 685 686 
645 686 687 
646 687 688 
647 688 689 
648 689 690 
649 690 691 
650 691 692 
651 692 693 
652 693 694 
653 694 695 
654 695 696 
655 696 697 
656 697 698 
657 698 699 
658 699 700 
659 700 701 
660 701 702 
661 702 703 
662 703 34 
1 58 1 26
663 34 704 
664 704 705 
665 705 706 
666 706 707 
667 707 708 
668 708 709 
669 709 710 
670 710 711 
671 711 712 
672 712 713 
673 713 714 
674 714 715 
675 715 716 
676 716 717 
677 717 718 
678 718 719 
679 719 720 
680 720 721 
681 721 722 
682 722 723 
683 723 724 
684 724 725 
685 725 726 
686 726 727 
687 727 728 
688 728 35 
1 59 1 15
689 36 729 
690 729 730 
691 730 731 
692 731 732 
693 732 733 
694 733 734 
695 734 735 
696 735 736 
697 736 737 
698 737 738 
699 738 739 
700 739 740 
701 740 741 
702 741 742 
703 742 37 
1 60 1 2
704 38 743 
705 743 39 
1 61 1 58
706 40 744 
707 744 745 
708 745 746 
709 746 747 
710 747 748 
711 748 749 
712 749 750 
713 750 751 
714 751 752 
715 752 753 
716 753 754 
717 754 755 
718 755 756 
719 756 757 
720 757 758 
721 758 759 
722 759 760 
723 760 761 
724 761 762 
725 762 763 
726 763 764 
727 764 765 
728 765 766 
729 766 767 
730 767 768 
731 768 769 
732 769 770 
733 770 771 
734 771 772 
735 772 773 
736 773 774 
737 774 775 
738 775 776 
739 776 777 
740 777 778 
741 778 779 
742 779 780 
743 780 781 
744 781 782 
745 782 783 
746 783 784 
747 784 785 
748 785 786 
749 786 787 
750 787 788 
751 788 789 
752 789 790 
753 790 791 
754 791 792 
755 792 793 
756 793 794 
757 794 795 
758 795 796 
759 796 797 
760 797 798 
761 798 799 
762 799 800 
763 800 41 
1 62 1 4
764 42 801 
765 801 802 
766 802 803 
767 803 43 
1 63 1 6
768 44 804 
769 804 805 
770 805 806 
771 806 807 
772 807 808 
773 808 45 
1 64 1 22
774 46 809 
775 809 810 
776 810 811 
777 811 812 
778 812 813 
779 813 814 
780 814 815 
781 815 816 
782 816 817 
783 817 818 
784 818 819 
785 819 820 
786 820 821 
787 821 822 
788 822 823 
789 823 824 
790 824 825 
791 825 826 
792 826 827 
793 827 828 
794 828 829 
795 829 47 
1 65 1 16
796 48 830 
797 830 831 
798 831 832 
799 832 833 
800 833 834 
801 834 835 
802 835 836 
803 836 837 
804 837 838 
805 838 839 
806 839 840 
807 840 841 
808 841 842 
809 842 843 
810 843 844 
811 844 49 
1 66 1 33
812 50 845 
813 845 846 
814 846 847 
815 847 848 
816 848 849 
817 849 850 
818 850 851 
819 851 852 
820 852 853 
821 853 854 
822 854 855 
823 855 856 
824 856 857 
825 857 858 
826 858 859 
827 859 860 
828 860 861 
829 861 862 
830 862 863 
831 863 864 
832 864 865 
833 865 866 
834 866 867 
835 867 868 
836 868 869 
837 869 870 
838 870 871 
839 871 872 
840 872 873 
841 873 874 
842 874 875 
843 875 876 
844 876 51 
1 67 1 6
845 52 877 
846 877 878 
847 878 879 
848 879 880 
849 880 881 
850 881 53 
1 68 1 33
851 54 882 
852 882 883 
853 883 884 
854 884 885 
855 885 886 
856 886 887 
857 887 888 
858 888 889 
859 889 890 
860 890 891 
861 891 892 
862 892 893 
863 893 894 
864 894 895 
865 895 896 
866 896 897 
867 897 898 
868 898 899 
869 899 900 
870 900 901 
871 901 902 
872 902 903 
873 903 904 
874 904 905 
875 905 906 
876 906 907 
877 907 908 
878 908 909 
879 909 910 
880 910 911 
881 911 912 
882 912 913 
883 913 55 
1 69 1 33
884 56 914 
885 914 915 
886 915 916 
887 916 917 
888 917 918 
889 918 919 
890 919 920 
891 920 921 
892 921 922 
893 922 923 
894 923 924 
895 924 925 
896 925 926 
897 926 927 
898 927 928 
899 928 929 
900 929 930 
901 930 931 
902 931 932 
903 932 933 
904 933 934 
905 934 935 
906 935 936 
907 936 937 
908 937 938 
909 938 939 
910 939 940 
911 940 941 
912 941 942 
913 942 943 
914 943 944 
915 944 945 
916 945 57 
1 70 1 4
917 58 946 
918 946 947 
919 947 948 
920 948 59 
1 71 1 25
921 60 949 
922 949 950 
923 950 951 
924 951 952 
925 952 953 
926 953 954 
927 954 955 
928 955 956 
929 956 957 
930 957 958 
931 958 959 
932 959 960 
933 960 961 
934 961 962 
935 962 963 
936 963 964 
937 964 965 
938 965 966 
939 966 967 
940 967 968 
941 968 969 
942 969 970 
943 970 971 
944 971 972 
945 972 61 
1 72 1 4
946 62 973 
947 973 974 
948 974 975 
949 975 63 
1 73 1 25
950 64 976 
951 976 977 
952 977 978 
953 978 979 
954 979 980 
955 980 981 
956 981 982 
957 982 983 
958 983 984 
959 984 985 
960 985 986 
961 986 987 
962 987 988 
963 988 989 
964 989 990 
965 990 991 
966 991 992 
967 992 993 
968 993 994 
969 994 995 
970 995 996 
971 996 997 
972 997 998 
973 998 999 
974 999 65 
1 74 1 4
975 66 1000 
976 1000 1001 
977 1001 1002 
978 1002 67 
1 75 1 26
979 68 1003 
980 1003 1004 
981 1004 1005 
982 1005 1006 
983 1006 1007 
984 1007 1008 
985 1008 1009 
986 1009 1010 
987 1010 1011 
988 1011 1012 
989 1012 1013 
990 1013 1014 
991 1014 1015 
992 1015 1016 
993 1016 1017 
994 1017 1018 
995 1018 1019 
996 1019 1020 
997 1020 1021 
998 1021 1022 
999 1022 1023 
1000 1023 1024 
1001 1024 1025 
1002 1025 1026 
1003 1026 1027 
1004 1027 69 
1 76 1 4
1005 70 1028 
1006 1028 1029 
1007 1029 1030 
1008 1030 71 
1 77 1 35
1009 72 1031 
1010 1031 1032 
1011 1032 1033 
1012 1033 1034 
1013 1034 1035 
1014 1035 1036 
1015 1036 1037 
1016 1037 1038 
1017 1038 1039 
1018 1039 1040 
1019 1040 1041 
1020 1041 1042 
1021 1042 1043 
1022 1043 1044 
1023 1044 1045 
1024 1045 1046 
1025 1046 1047 
1026 1047 1048 
1027 1048 1049 
1028 1049 1050 
1029 1050 1051 
1030 1051 1052 
1031 1052 1053 
1032 1053 1054 
1033 1054 1055 
1034 1055 1056 
1035 1056 1057 
1036 1057 1058 
1037 1058 1059 
1038 1059 1060 
1039 1060 1061 
1040 1061 1062 
1041 1062 1063 
1042 1063 1064 
1043 1064 73 
1 78 1 13
1044 74 1065 
1045 1065 1066 
1046 1066 1067 
1047 1067 1068 
1048 1068 1069 
1049 1069 1070 
1050 1070 1071 
1051 1071 1072 
1052 1072 1073 
1053 1073 1074 
1054 1074 1075 
1055 1075 1076 
1056 1076 75 
1 79 1 13
1057 76 1077 
1058 1077 1078 
1059 1078 1079 
1060 1079 1080 
1061 1080 1081 
1062 1081 1082 
1063 1082 1083 
1064 1083 1084 
1065 1084 1085 
1066 1085 1086 
1067 1086 1087 
1068 1087 1088 
1069 1088 77 
1 80 1 13
1070 78 1089 
1071 1089 1090 
1072 1090 1091 
1073 1091 1092 
1074 1092 1093 
1075 1093 1094 
1076 1094 1095 
1077 1095 1096 
1078 1096 1097 
1079 1097 1098 
1080 1098 1099 
1081 1099 1100 
1082 1100 79 
1 81 1 4
1083 80 1101 
1084 1101 1102 
1085 1102 1103 
1086 1103 81 
1 82 1 43
1087 82 1104 
1088 1104 1105 
1089 1105 1106 
1090 1106 1107 
1091 1107 1108 
1092 1108 1109 
1093 1109 1110 
1094 1110 1111 
1095 1111 1112 
1096 1112 1113 
1097 1113 1114 
1098 1114 1115 
1099 1115 1116 
1100 1116 1117 
1101 1117 1118 
1102 1118 1119 
1103 1119 1120 
1104 1120 1121 
1105 1121 1122 
1106 1122 1123 
1107 1123 1124 
1108 1124 1125 
1109 1125 1126 
1110 1126 1127 
1111 1127 1128 
1112 1128 1129 
1113 1129 1130 
1114 1130 1131 
1115 1131 1132 
1116 1132 1133 
1117 1133 1134 
1118 1134 1135 
1119 1135 1136 
1120 1136 1137 
1121 1137 1138 
1122 1138 1139 
1123 1139 1140 
1124 1140 1141 
1125 1141 1142 
1126 1142 1143 
1127 1143 1144 
1128 1144 1145 
1129 1145 1 
1 84 1 2
1130 83 1146 
1131 1146 84 
1 85 1 2
1132 85 1147 
1133 1147 86 
1 86 1 2
1134 87 1148 
1135 1148 88 
1 87 1 6
1136 84 1149 
1137 1149 1150 
1138 1150 1151 
1139 1151 1152 
1140 1152 1153 
1141 1153 85 
1 88 1 12
1142 86 1154 
1143 1154 1155 
1144 1155 1156 
1145 1156 1157 
1146 1157 1158 
1147 1158 1159 
1148 1159 1160 
1149 1160 1161 
1150 1161 1162 
1151 1162 1163 
1152 1163 1164 
1153 1164 87 
1 89 1 12
1154 88 1165 
1155 1165 1166 
1156 1166 1167 
1157 1167 1168 
1158 1168 1169 
1159 1169 1170 
1160 1170 1171 
1161 1171 1172 
1162 1172 1173 
1163 1173 1174 
1164 1174 1175 
1165 1175 83 
1 91 1 8
1166 90 1176 
1167 1176 1177 
1168 1177 1178 
1169 1178 1179 
1170 1179 1180 
1171 1180 1181 
1172 1181 1182 
1173 1182 91 
1 92 1 8
1174 92 1183 
1175 1183 1184 
1176 1184 1185 
1177 1185 1186 
1178 1186 1187 
1179 1187 1188 
1180 1188 1189 
1181 1189 93 
1 93 1 8
1182 94 1190 
1183 1190 1191 
1184 1191 1192 
1185 1192 1193 
1186 1193 1194 
1187 1194 1195 
1188 1195 1196 
1189 1196 95 
1 94 1 8
1190 96 1197 
1191 1197 1198 
1192 1198 1199 
1193 1199 1200 
1194 1200 1201 
1195 1201 1202 
1196 1202 1203 
1197 1203 97 
1 95 1 14
1198 89 1204 
1199 1204 1205 
1200 1205 1206 
1201 1206 1207 
1202 1207 1208 
1203 1208 1209 
1204 1209 1210 
1205 1210 1211 
1206 1211 1212 
1207 1212 1213 
1208 1213 1214 
1209 1214 1215 
1210 1215 1216 
1211 1216 90 
1 96 1 1
1212 91 92 
1 97 1 8
1213 93 1217 
1214 1217 1218 
1215 1218 1219 
1216 1219 1220 
1217 1220 1221 
1218 1221 1222 
1219 1222 1223 
1220 1223 94 
1 98 1 1
1221 95 96 
1 99 1 14
1222 97 1224 
1223 1224 1225 
1224 1225 1226 
1225 1226 1227 
1226 1227 1228 
1227 1228 1229 
1228 1229 1230 
1229 1230 1231 
1230 1231 1232 
1231 1232 1233 
1232 1233 1234 
1233 1234 1235 
1234 1235 1236 
1235 1236 98 
1 100 1 28
1236 98 1237 
1237 1237 1238 
1238 1238 1239 
1239 1239 1240 
1240 1240 1241 
1241 1241 1242 
1242 1242 1243 
1243 1243 1244 
1244 1244 1245 
1245 1245 1246 
1246 1246 1247 
1247 1247 1248 
1248 1248 1249 
1249 1249 1250 
1250 1250 1251 
1251 1251 1252 
1252 1252 1253 
1253 1253 1254 
1254 1254 1255 
1255 1255 1256 
1256 1256 1257 
1257 1257 1258 
1258 1258 1259 
1259 1259 1260 
1260 1260 1261 
1261 1261 1262 
1262 1262 1263 
1263 1263 89 
2 102 2 15589
1264 1539 4438 76 
1265 5405 5407 1696 
1266 4602 4603 1786 
1267 4115 7038 4698 
1268 843 4509 842 
1269 6329 7386 3203 
1270 5981 5986 2451 
1271 5057 7224 2909 
1272 1353 3348 3281 
1273 4463 7992 6393 
1274 1888 5461 4730 
1275 5039 7224 5057 
1276 5220 7210 1427 
1277 2291 6490 6489 
1278 3646 5718 4896 
1279 1427 5222 5220 
1280 3362 4598 4149 
1281 3017 4747 3084 
1282 4357 8035 1155 
1283 1327 7376 5065 
1284 295 7248 4172 
1285 3407 3409 296 
1286 4334 5502 4331 
1287 2248 5522 2250 
1288 3271 4060 1375 
1289 4209 7353 5412 
1290 3432 3435 280 
1291 1696 5407 375 
1292 560 4637 559 
1293 4691 4832 4831 
1294 6839 6883 2940 
1295 3426 4574 3411 
1296 4783 5915 1318 
1297 3019 4747 3017 
1298 4591 4732 4592 
1299 4908 5493 4192 
1300 1415 5190 5189 
1301 5899 5900 2735 
1302 1327 5065 5064 
1303 2445 7467 4887 
1304 6421 7522 7437 
1305 1710 6642 5582 
1306 4867 7134 4269 
1307 1539 4526 4438 
1308 3344 5109 5107 
1309 279 3639 3638 
1310 3960 5545 5169 
1311 2922 4837 4836 
1312 285 7105 3347 
1313 3281 4593 208 
1314 4516 6889 1794 
1315 1793 6888 4517 
1316 3147 5354 3969 
1317 306 6747 3149 
1318 5987 5989 2447 
1319 4085 7700 2917 
1320 1810 7424 5503 
1321 1786 5466 4602 
1322 4691 4831 4830 
1323 4745 4746 2409 
1324 5637 6734 5635 
1325 1687 4553 4552 
1326 1308 7130 4557 
1327 19 4711 505 
1328 5582 6642 5504 
1329 5107 5110 3344 
1330 5317 7788 7025 
1331 307 6747 306 
1332 4460 5811 4142 
1333 3217 8059 4532 
1334 7024 7774 5319 
1335 4559 7861 1686 
1336 286 7105 285 
1337 4250 5231 5229 
1338 4465 5458 1838 
1339 5605 5606 4313 
1340 87 4160 1291 
1341 917 4661 1491 
1342 4603 4673 1786 
1343 1693 6747 72 
1344 4223 5580 4550 
1345 4463 6393 4464 
1346 3829 6161 6160 
1347 4558 7133 1309 
1348 1212 5188 1213 
1349 3360 6346 6345 
1350 4847 5092 1954 
1351 5165 7908 5168 
1352 4658 4995 1420 
1353 505 4711 1823 
1354 5306 6892 4325 
1355 6073 6459 6456 
1356 3286 7141 5285 
1357 5626 5630 2935 
1358 918 4661 917 
1359 5072 6835 1519 
1360 1479 6132 928 
1361 4783 7847 5915 
1362 6203 7496 6460 
1363 7096 7202 4256 
1364 4256 7892 7096 
1365 2922 4836 4835 
1366 563 5147 562 
1367 3441 3641 248 
1368 5031 7772 5204 
1369 4771 5336 4769 
1370 3438 3439 1265 
1371 7025 7788 4546 
1372 4668 7195 1352 
1373 5229 7409 4250 
1374 3410 3411 1271 
1375 6345 6347 3360 
1376 5204 7317 5031 
1377 3294 6414 2164 
1378 1519 7259 5072 
1379 4544 7774 7024 
1380 4853 7389 4849 
1381 4698 6914 4115 
1382 343 5019 342 
1383 2352 6557 5069 
1384 7183 7191 1852 
1385 3961 7139 293 
1386 1006 4786 1005 
1387 4344 6911 5297 
1388 17 7136 1700 
1389 5030 7317 7104 
1390 7318 8034 5230 
1391 4038 4762 4663 
1392 4664 4763 4042 
1393 3442 3443 1306 
1394 4368 8059 3217 
1395 1508 6284 1016 
1396 1266 4637 560 
1397 1353 3281 209 
1398 6489 6491 2291 
1399 442 4784 441 
1400 4602 5466 4605 
1401 7447 8178 4851 
1402 5503 7424 5502 
1403 4535 5589 3968 
1404 3971 7172 100 
1405 6001 6003 1836 
1406 6203 6460 6202 
1407 4941 8099 4436 
1408 2352 5069 5068 
1409 82 4561 327 
1410 6539 7090 6538 
1411 1122 4687 1121 
1412 207 3271 1375 
1413 4900 7447 4851 
1414 7656 8059 5673 
1415 3909 5354 3147 
1416 1360 4687 4495 
1417 4311 5599 5597 
1418 4436 7087 4941 
1419 3879 7510 5812 
1420 3100 6059 6057 
1421 3829 6162 6161 
1422 7537 8056 7186 
1423 4142 5812 4460 
1424 5317 7025 4513 
1425 4511 7024 5319 
1426 3082 7728 4775 
1427 4772 7881 4727 
1428 7230 8067 5271 
1429 427 4782 426 
1430 4665 7191 7183 
1431 4498 4637 1266 
1432 5900 7808 2735 
1433 4504 5092 4847 
1434 1344 5351 4818 
1435 5283 5285 1517 
1436 3403 7856 5720 
1437 4718 6996 4720 
1438 1415 5189 5188 
1439 1487 7328 5836 
1440 5262 7229 6988 
1441 3670 8059 7656 
1442 2356 5651 4545 
1443 6835 7088 1519 
1444 4543 5751 2355 
1445 5811 5962 4142 
1446 1522 7090 6539 
1447 4919 7381 6751 
1448 2409 7201 4745 
1449 1835 6396 4636 
1450 4340 8280 5017 
1451 3411 4574 1271 
1452 6014 8078 1299 
1453 4605 5466 1313 
1454 2355 7774 4543 
1455 3404 4541 4540 
1456 4071 5322 3391 
1457 5720 7062 3403 
1458 6573 7315 3146 
1459 5029 7400 6665 
1460 3991 6676 4893 
1461 4505 4507 1428 
1462 5285 7685 3286 
1463 295 4172 3438 
1464 5895 6234 2731 
1465 5908 7737 7452 
1466 4923 7381 4919 
1467 4545 7788 2356 
1468 2940 8020 6839 
1469 5636 7428 7156 
1470 4437 7268 1850 
1471 5281 5282 1974 
1472 3247 6126 4521 
1473 1838 5459 4465 
1474 4710 7571 4781 
1475 4707 4709 3583 
1476 2936 8034 7318 
1477 5017 7634 4340 
1478 6885 7669 1355 
1479 1686 7861 5246 
1480 5400 5402 3641 
1481 5519 5522 2248 
1482 5412 7591 4209 
1483 2352 5068 4196 
1484 4887 7467 4888 
1485 3835 5962 5811 
1486 4222 7189 5215 
1487 3386 5011 4260 
1488 4946 7088 6835 
1489 1154 4357 1155 
1490 4923 5126 3509 
1491 1121 4687 1360 
1492 4334 5503 5502 
1493 4990 4991 1597 
1494 1808 4651 4514 
1495 5231 7587 7318 
1496 3384 5011 3386 
1497 4051 5136 3356 
1498 1409 7395 4563 
1499 4898 6999 5996 
1500 1850 7269 4437 
1501 2412 6604 4838 
1502 7019 7347 6944 
1503 208 4593 3271 
1504 132 7136 131 
1505 5169 8011 3960 
1506 5068 5244 4196 
1507 6170 6171 2419 
1508 4732 6799 4592 
1509 4587 7728 3078 
1510 433 5016 432 
1511 1380 6950 4663 
1512 4664 6951 1379 
1513 210 4093 1353 
1514 4647 7553 4646 
1515 1502 4980 4978 
1516 3203 7367 6329 
1517 4853 5405 1696 
1518 5276 6322 4152 
1519 4170 5973 5972 
1520 1836 6002 6001 
1521 3969 5354 5353 
1522 6396 8371 4636 
1523 3146 7809 6573 
1524 4922 4924 3599 
1525 2906 8001 4518 
1526 6414 7928 2164 
1527 7452 7737 1338 
1528 4694 7548 4105 
1529 4552 4561 1687 
1530 6799 6956 5578 
1531 4105 7867 4694 
1532 7195 7962 1352 
1533 2644 5122 5120 
1534 210 7884 4093 
1535 4725 6967 5133 
1536 3968 5589 3967 
1537 3176 5444 4962 
1538 5133 6967 4009 
1539 2451 7640 5981 
1540 5398 5564 5562 
1541 5221 7554 7210 
1542 5718 7706 4896 
1543 1413 4956 4955 
1544 4772 8284 7881 
1545 3153 7136 132 
1546 5221 7210 5220 
1547 5939 6676 3992 
1548 1974 7625 5281 
1549 5231 7318 5230 
1550 441 4784 1359 
1551 4775 7728 4588 
1552 279 3638 278 
1553 4569 4570 1975 
1554 4962 8213 3176 
1555 5338 7553 4647 
1556 294 3438 1265 
1557 1957 6735 6732 
1558 4665 7107 1407 
1559 3424 4852 4554 
1560 4495 5215 1360 
1561 1358 4782 427 
1562 314 3410 1271 
1563 1696 7389 4853 
1564 4547 4612 1604 
1565 7025 8004 4513 
1566 4511 8005 7024 
1567 7417 7944 4537 
1568 4563 7536 1409 
1569 4625 7476 7028 
1570 4537 7944 1432 
1571 6491 7700 4085 
1572 4598 5075 4149 
1573 281 3432 280 
1574 1213 5188 4958 
1575 1489 5830 5800 
1576 297 3407 296 
1577 6987 7860 4399 
1578 1588 5050 4487 
1579 7028 7476 1282 
1580 4187 5542 3685 
1581 6317 6361 6359 
1582 4509 4961 842 
1583 5005 7765 3388 
1584 4518 7618 2906 
1585 1299 6977 6014 
1586 101 3442 1306 
1587 6855 7093 4292 
1588 1266 5084 4498 
1589 5329 5336 4771 
1590 5461 5462 4730 
1591 5171 8334 5291 
1592 1819 6212 5388 
1593 249 3441 248 
1594 5836 7879 1487 
1595 319 3998 318 
1596 4269 7134 4497 
1597 711 5851 1484 
1598 2449 4882 4880 
1599 3985 4908 4192 
1600 5848 6480 5850 
1601 88 4190 1165 
1602 6393 7992 1833 
1603 724 4885 723 
1604 3388 7433 5005 
1605 4809 8223 3814 
1606 4601 7900 1626 
1607 4375 7900 4601 
1608 4301 5067 4848 
1609 4818 5351 4819 
1610 4554 4851 3424 
1611 5930 7506 7370 
1612 1687 4561 82 
1613 4336 5501 4633 
1614 3707 4583 3708 
1615 4922 5126 4923 
1616 3680 5095 4548 
1617 7351 7531 4940 
1618 4845 6069 4844 
1619 7516 7907 1967 
1620 432 5016 1476 
1621 2515 6434 5095 
1622 4638 4640 3089 
1623 562 5147 5085 
1624 3104 6063 6061 
1625 1530 5749 4455 
1626 5409 7630 5406 
1627 4108 7107 4665 
1628 3392 7797 4539 
1629 656 5135 655 
1630 4421 7871 7124 
1631 5171 5291 1310 
1632 5478 6740 1553 
1633 6746 7183 1852 
1634 5989 7698 2447 
1635 1552 6788 5822 
1636 5120 7044 2644 
1637 844 4505 1428 
1638 4883 4886 1472 
1639 1413 4955 4954 
1640 3181 7531 7351 
1641 4364 7619 6431 
1642 4682 4842 4824 
1643 1351 4656 4655 
1644 375 5407 374 
1645 3337 4859 4121 
1646 4119 4858 3336 
1647 1265 3961 293 
1648 4550 8025 4223 
1649 1440 6996 4718 
1650 319 7854 3998 
1651 4487 8150 1588 
1652 1687 4599 4553 
1653 1728 6676 5939 
1654 5215 6893 4220 
1655 4893 7566 3991 
1656 6764 6920 1958 
1657 4848 7962 4301 
1658 3281 7555 4593 
1659 3623 4960 4817 
1660 1852 7434 6746 
1661 4762 7662 4663 
1662 4664 7663 4763 
1663 7186 8056 4155 
1664 7437 7522 6307 
1665 1306 3971 100 
1666 5286 7907 7516 
1667 1726 7105 287 
1668 72 6747 307 
1669 4231 7230 5271 
1670 1835 4636 4634 
1671 413 5157 412 
1672 655 5135 5134 
1673 5245 6664 4226 
1674 1794 7143 4516 
1675 4517 7142 1793 
1676 4308 4964 4811 
1677 4761 7470 6875 
1678 3814 7620 4809 
1679 4608 7648 439 
1680 429 7649 4610 
1681 7603 7916 936 
1682 6616 8156 7258 
1683 439 7822 4608 
1684 4610 7823 429 
1685 5003 7916 7603 
1686 1185 4689 1656 
1687 205 4601 1626 
1688 7208 7769 7207 
1689 4662 5591 4085 
1690 4514 7527 1808 
1691 1636 5628 5627 
1692 1490 6074 5853 
1693 4978 4996 1502 
1694 655 5134 654 
1695 6745 6746 3149 
1696 1328 5726 5723 
1697 2258 5075 2259 
1698 4957 7487 4955 
1699 1834 6398 4780 
1700 4769 5336 4772 
1701 3078 6630 4587 
1702 2463 8006 7505 
1703 4613 6455 1446 
1704 4688 4902 1277 
1705 4881 6963 4879 
1706 4364 6431 4425 
1707 4641 8217 1442 
1708 4539 7422 3392 
1709 2666 6672 5896 
1710 4689 7553 4690 
1711 1597 7862 4990 
1712 7498 7979 515 
1713 5507 7327 1453 
1714 6988 7229 3826 
1715 253 7925 252 
1716 6075 6542 5376 
1717 1796 6894 6659 
1718 3033 5076 3030 
1719 4444 8352 4539 
1720 3074 4829 4827 
1721 1175 4047 83 
1722 86 4046 1154 
1723 6659 6894 5557 
1724 4277 7729 5495 
1725 7505 8006 6196 
1726 1472 4885 4883 
1727 5564 6891 5567 
1728 18 4673 134 
1729 1276 5150 4330 
1730 6221 6223 1832 
1731 1340 7860 6987 
1732 5313 7626 5311 
1733 4273 6666 4739 
1734 5630 6514 2935 
1735 131 7136 17 
1736 5398 7659 5564 
1737 4241 8061 5961 
1738 6230 6430 6229 
1739 4109 7925 253 
1740 5478 7001 6740 
1741 4163 7566 4893 
1742 6146 7073 6145 
1743 1371 4857 4551 
1744 4165 4911 4706 
1745 6451 7621 7456 
1746 6616 7258 4478 
1747 4325 7393 5306 
1748 4621 8162 1572 
1749 5304 6892 5306 
1750 2250 5522 2262 
1751 7376 7930 5722 
1752 1432 8134 4537 
1753 4046 4357 1154 
1754 5495 7341 4277 
1755 6327 7386 6329 
1756 1319 7108 5482 
1757 6642 7329 5504 
1758 4646 7553 4689 
1759 4322 7860 257 
1760 1299 7560 6977 
1761 1175 4358 4047 
1762 4557 7130 6541 
1763 274 7871 4341 
1764 6921 7641 3953 
1765 1436 5018 4522 
1766 4548 5094 3680 
1767 575 6049 574 
1768 5277 7487 4957 
1769 6359 8126 6317 
1770 1786 4673 18 
1771 5168 7908 7250 
1772 1453 7327 5147 
1773 5210 7650 5211 
1774 124 7866 4327 
1775 4650 7979 7498 
1776 7303 8024 6179 
1777 1604 5146 4547 
1778 3641 8001 5400 
1779 1294 5465 4843 
1780 544 6002 543 
1781 3688 5325 4277 
1782 2743 7773 7639 
1783 5839 7682 1484 
1784 6153 7071 6154 
1785 6057 7688 3100 
1786 1434 6956 6799 
1787 1716 4943 1678 
1788 4507 4508 1428 
1789 6837 6896 4551 
1790 2261 7148 5075 
1791 1328 5723 5722 
1792 6690 7809 6686 
1793 4268 5160 3679 
1794 4929 8388 5218 
1795 4703 4705 1545 
1796 5029 6665 5034 
1797 5635 6734 2264 
1798 4328 7880 117 
1799 5464 7751 1709 
1800 1401 4854 480 
1801 7650 7736 5211 
1802 7456 8055 6250 
1803 1572 6560 4621 
1804 7124 7871 1343 
1805 763 7418 5560 
1806 4571 7189 4222 
1807 1392 4796 4795 
1808 4331 5502 4336 
1809 4840 6841 1366 
1810 5297 6911 5295 
1811 4551 6896 1371 
1812 6146 8233 7073 
1813 1428 4509 843 
1814 4633 6805 4336 
1815 4730 8014 1888 
1816 3616 6600 6164 
1817 4611 5150 120 
1818 4607 7822 1359 
1819 1358 7823 4609 
1820 5961 7453 4241 
1821 6851 7133 4558 
1822 4682 4824 4823 
1823 5819 7460 1593 
1824 4522 5919 1436 
1825 1106 5127 1105 
1826 4944 7124 4606 
1827 1709 7613 5464 
1828 1849 6896 6837 
1829 4863 6570 4862 
1830 5285 5286 1517 
1831 5297 7410 4344 
1832 4896 7251 3646 
1833 1499 6306 6305 
1834 5606 7287 4313 
1835 5065 7376 5722 
1836 5504 7329 5503 
1837 2775 7767 6347 
1838 4583 7304 3708 
1839 4446 8334 5171 
1840 4699 4749 4701 
1841 6347 7766 2775 
1842 5388 7971 1819 
1843 5757 7848 3999 
1844 5560 8143 763 
1845 1009 7968 7404 
1846 1645 4606 56 
1847 1300 6668 4515 
1848 1636 5627 5625 
1849 5896 6672 4617 
1850 343 7987 5019 
1851 287 7105 286 
1852 2354 7789 7655 
1853 4636 8371 4708 
1854 1550 7513 7211 
1855 5014 5016 433 
1856 1105 5127 4599 
1857 4862 6570 1424 
1858 1105 4599 1104 
1859 5711 7687 3272 
1860 6885 7313 4240 
1861 667 5706 666 
1862 480 4854 479 
1863 6977 7560 6006 
1864 4229 4298 1546 
1865 3354 7002 5084 
1866 5490 7758 5315 
1867 4557 7983 1308 
1868 1313 5467 4605 
1869 723 4885 1472 
1870 4515 7347 1300 
1871 3391 5322 3392 
1872 7382 7992 4932 
1873 6153 8229 7071 
1874 4709 8069 3583 
1875 4151 5493 4908 
1876 4879 6963 1471 
1877 2246 5519 2248 
1878 6875 7470 1391 
1879 1453 5147 563 
1880 5069 7801 1403 
1881 4581 8055 7456 
1882 5218 8388 5221 
1883 4540 8368 3404 
1884 265 7052 264 
1885 7838 7864 5880 
1886 928 6132 927 
1887 1006 8083 4786 
1888 3999 7636 5757 
1889 1403 7761 5069 
1890 5880 7864 5881 
1891 1478 7764 5884 
1892 5668 7684 4433 
1893 1215 4954 1216 
1894 1415 5188 1212 
1895 1446 7473 4613 
1896 3426 4576 4574 
1897 1016 6284 1015 
1898 4536 5267 1702 
1899 3222 5078 5077 
1900 1650 4766 4764 
1901 4387 6590 5640 
1902 4686 7459 5173 
1903 1099 7266 1424 
1904 652 6503 651 
1905 4671 4854 1401 
1906 3769 8236 6390 
1907 2759 7755 7563 
1908 4591 7494 4732 
1909 1155 8035 1887 
1910 1309 8003 4558 
1911 7156 7428 1640 
1912 7538 7946 7177 
1913 6665 7400 1726 
1914 6126 6127 4521 
1915 6743 6950 1380 
1916 1379 6951 6748 
1917 7783 7805 6036 
1918 1303 7518 6613 
1919 4698 7038 4697 
1920 6037 7783 6036 
1921 1445 4932 4930 
1922 1075 4823 1441 
1923 7411 7746 5346 
1924 7639 7773 5904 
1925 4240 7669 6885 
1926 1702 4670 557 
1927 7170 7892 4569 
1928 4143 8018 5411 
1929 6516 7626 5313 
1930 1623 7589 5239 
1931 7829 7857 5926 
1932 5925 7829 5926 
1933 6395 7103 3989 
1934 4143 5411 4761 
1935 4817 4960 4816 
1936 7370 7506 4117 
1937 5100 7549 1521 
1938 4893 7970 4163 
1939 5055 7842 4312 
1940 1816 4795 4793 
1941 4210 7591 7095 
1942 5411 8018 1886 
1943 4240 7313 4818 
1944 1440 4718 4716 
1945 5095 6434 4548 
1946 7521 7723 581 
1947 3521 5217 3523 
1948 3356 5136 3357 
1949 1005 4786 1512 
1950 6055 7707 3094 
1951 5210 7531 3181 
1952 1598 7652 7374 
1953 1796 6967 5328 
1954 6456 7450 6073 
1955 4187 8000 5542 
1956 7264 7948 7578 
1957 5409 5557 1324 
1958 4877 4879 1471 
1959 7104 7317 1792 
1960 2455 7711 5979 
1961 7845 7876 5872 
1962 4312 7629 5055 
1963 4472 7945 7368 
1964 4070 8024 7303 
1965 4778 6533 3039 
1966 1395 8240 4815 
1967 3823 6511 5146 
1968 7460 7786 775 
1969 5872 7876 5873 
1970 1833 7992 7382 
1971 4259 6978 6685 
1972 1451 5486 5485 
1973 4691 4830 1656 
1974 542 6004 541 
1975 5496 7548 4696 
1976 4479 7308 1779 
1977 1996 8067 7230 
1978 1125 5995 1124 
1979 4550 5580 141 
1980 4781 7167 4710 
1981 1702 7061 4536 
1982 1780 5110 5106 
1983 6381 7575 921 
1984 1479 7484 6132 
1985 4689 4690 1656 
1986 4539 8352 1370 
1987 6069 7874 4844 
1988 1371 6825 4857 
1989 3587 6472 4530 
1990 4880 7821 2449 
1991 5011 7067 4260 
1992 5080 7347 7019 
1993 4620 6707 1372 
1994 6659 6967 1796 
1995 5545 7502 5169 
1996 4533 7051 1961 
1997 5557 6894 1324 
1998 3336 4858 4197 
1999 4199 4859 3337 
2000 1213 4958 1214 
2001 4819 5351 5350 
2002 342 5019 1436 
2003 4682 8121 4842 
2004 6175 6598 6176 
2005 1489 7859 5830 
2006 4539 7797 4444 
2007 4311 7286 5599 
2008 1513 8374 4462 
2009 6171 7768 2419 
2010 4752 6503 652 
2011 4696 7964 5496 
2012 1351 4948 4657 
2013 4337 8119 4611 
2014 1273 6138 6137 
2015 3885 5468 3881 
2016 4652 4858 1799 
2017 1798 4859 4653 
2018 4711 4712 1823 
2019 4455 7924 1530 
2020 4601 8026 4375 
2021 921 8062 6381 
2022 6390 6391 3769 
2023 4971 7297 5139 
2024 1639 7863 6941 
2025 4838 6697 2412 
2026 1035 7622 7589 
2027 5996 6999 3625 
2028 813 5484 812 
2029 4643 7583 1270 
2030 5723 5726 5725 
2031 3996 4852 3997 
2032 1402 7692 5527 
2033 6837 6839 1849 
2034 6577 7631 6071 
2035 5527 7717 1402 
2036 6354 6559 2443 
2037 1622 7696 5241 
2038 144 4539 143 
2039 4611 7582 4337 
2040 3538 7887 7780 
2041 3362 8413 4598 
2042 5822 7954 1552 
2043 7780 7887 5177 
2044 4683 8121 4682 
2045 7851 7888 5860 
2046 4103 7674 6336 
2047 5637 8138 6734 
2048 4710 8220 7571 
2049 7655 7789 4647 
2050 5056 7628 4310 
2051 4838 6604 4836 
2052 4817 7641 6921 
2053 4894 4895 1837 
2054 7573 8156 6882 
2055 5860 7888 5861 
2056 4944 7684 7124 
2057 1368 7806 5622 
2058 6011 6711 6010 
2059 1975 7170 4569 
2060 2660 6843 5160 
2061 7651 7806 177 
2062 7404 7968 6372 
2063 1593 8015 5819 
2064 4160 7014 1291 
2065 4618 7990 1448 
2066 1980 4943 4627 
2067 6336 7969 4103 
2068 1645 4944 4606 
2069 1542 5135 656 
2070 5008 5809 1606 
2071 1164 4160 87 
2072 1184 4689 1185 
2073 5160 6843 5095 
2074 1324 7630 5409 
2075 6891 7953 5567 
2076 4433 7684 4944 
2077 7368 7945 1467 
2078 1976 8156 7573 
2079 3599 5126 4922 
2080 4811 4964 4202 
2081 5487 7878 5490 
2082 4611 8119 5150 
2083 4695 4866 4698 
2084 7095 7922 4210 
2085 7878 8216 5490 
2086 5467 7237 4672 
2087 4642 8217 4641 
2088 81 7269 1850 
2089 4588 7728 4587 
2090 4532 7615 3217 
2091 6611 7521 1529 
2092 7685 7752 2033 
2093 1541 7892 7170 
2094 3169 7351 4940 
2095 1508 7514 6284 
2096 7581 8124 7759 
2097 1511 7404 6373 
2098 4519 6435 3282 
2099 4857 6825 5163 
2100 1076 4823 1075 
2101 1471 4901 4877 
2102 1512 4785 4776 
2103 5106 5110 5107 
2104 1413 4954 1215 
2105 76 4438 315 
2106 1345 7750 4586 
2107 4072 6049 6047 
2108 4995 7985 1420 
2109 1443 7093 6855 
2110 1424 7266 4862 
2111 3814 5275 3744 
2112 4898 5996 5995 
2113 6085 6458 6084 
2114 653 4752 652 
2115 5972 7718 4170 
2116 1281 7693 7245 
2117 1351 4657 4656 
2118 7096 7892 1541 
2119 6073 7601 6459 
2120 5350 6946 4819 
2121 913 4652 1799 
2122 1798 4653 845 
2123 4632 6805 4633 
2124 5241 7622 1622 
2125 5848 7986 6480 
2126 4705 4752 1545 
2127 4739 7704 4273 
2128 7105 7400 5032 
2129 7555 8311 4593 
2130 5285 7141 5286 
2131 5517 5518 3172 
2132 1448 7597 4618 
2133 5135 5136 4051 
2134 4023 7611 7583 
2135 4310 7870 5056 
2136 7389 8184 4849 
2137 4586 6914 1345 
2138 1182 4668 1352 
2139 4561 5196 2939 
2140 4847 7527 4514 
2141 562 5085 561 
2142 3028 5082 3026 
2143 1726 7400 7105 
2144 4971 8335 7297 
2145 4928 5217 3521 
2146 1517 7776 5283 
2147 1837 6548 4894 
2148 6430 7950 6229 
2149 5482 7108 5483 
2150 3304 5072 4757 
2151 4525 7265 7206 
2152 49 4505 844 
2153 4543 7774 4544 
2154 4432 7066 4434 
2155 4071 7158 5322 
2156 3222 5077 5076 
2157 5724 5727 3066 
2158 5300 5301 4233 
2159 5812 7510 4460 
2160 379 7536 7518 
2161 5247 7861 4371 
2162 7751 8007 1709 
2163 1442 7032 4641 
2164 6305 8107 1499 
2165 6883 6884 2940 
2166 1831 8315 7284 
2167 6460 7496 1481 
2168 3970 6952 6882 
2169 4813 5171 1310 
2170 1359 7699 4607 
2171 4960 8273 7014 
2172 3032 8189 4660 
2173 987 8217 7713 
2174 1678 4943 1980 
2175 4609 7701 1358 
2176 5624 7806 7651 
2177 6047 6048 4072 
2178 3156 7878 5487 
2179 251 4308 250 
2180 5132 7545 7448 
2181 7846 7877 5775 
2182 7206 8094 4525 
2183 299 4314 298 
2184 5442 7893 7738 
2185 1395 4815 283 
2186 5775 7877 5776 
2187 324 7269 81 
2188 7563 7755 5052 
2189 4693 4866 4695 
2190 4894 6548 4896 
2191 1773 7296 4779 
2192 5473 5475 1470 
2193 4631 8360 4382 
2194 7549 7834 192 
2195 135 4229 1546 
2196 3104 7901 6063 
2197 4634 5403 1835 
2198 5168 7250 5170 
2199 4313 7842 5605 
2200 4855 5796 1818 
2201 3171 5585 5521 
2202 4535 5590 5589 
2203 5353 6952 3969 
2204 6563 7418 1586 
2205 1475 7067 5011 
2206 4570 4864 1975 
2207 5043 7657 2537 
2208 1876 7592 7165 
2209 4898 5994 4897 
2210 1466 7785 5657 
2211 7260 8420 4659 
2212 1566 5129 5128 
2213 1547 8041 7704 
2214 5657 7795 1466 
2215 4827 5082 3074 
2216 1547 7704 4739 
2217 4960 7014 4160 
2218 4546 7788 4545 
2219 1961 7052 265 
2220 3441 8001 3641 
2221 4806 6365 4983 
2222 4720 6996 4726 
2223 5250 6321 1264 
2224 1104 4599 1687 
2225 1196 4948 1351 
2226 2731 7637 5895 
2227 5487 7670 3156 
2228 1400 5382 5380 
2229 5412 7353 1458 
2230 4940 8231 3169 
2231 257 7860 1340 
2232 1314 7723 4755 
2233 4091 7510 3879 
2234 1709 8007 6673 
2235 4672 7355 5467 
2236 4648 7498 1498 
2237 3357 7148 2261 
2238 667 8104 5706 
2239 5585 6796 5586 
2240 4554 4852 3996 
2241 1961 7245 4533 
2242 6308 7522 3302 
2243 4771 5410 5329 
2244 4475 6527 4476 
2245 7634 7653 4666 
2246 6962 7201 5280 
2247 4387 7414 6590 
2248 7245 7693 4533 
2249 1343 7871 274 
2250 1410 7383 4837 
2251 7258 8156 1976 
2252 4702 4745 4744 
2253 3380 7653 7634 
2254 5442 7738 3368 
2255 2386 6565 5812 
2256 4495 6893 5215 
2257 5031 7317 5030 
2258 7458 7468 1452 
2259 144 7422 4539 
2260 6600 7958 6164 
2261 6389 8236 3815 
2262 4702 4744 1381 
2263 7713 8217 4642 
2264 1654 8105 4743 
2265 1656 4830 1186 
2266 4287 5004 1745 
2267 1521 8123 5100 
2268 3815 7762 6389 
2269 1278 7609 5479 
2270 6173 6561 2415 
2271 5627 5630 5626 
2272 4768 4772 4727 
2273 2923 7910 5191 
2274 1650 4767 4766 
2275 4905 5594 1739 
2276 6889 7724 1794 
2277 1546 4711 19 
2278 1793 7732 6888 
2279 4501 6337 4502 
2280 5288 7940 7427 
2281 4279 6993 5910 
2282 7289 7764 718 
2283 5956 7468 7458 
2284 5597 7870 4311 
2285 4925 4927 3541 
2286 3272 7584 5711 
2287 1599 4817 4816 
2288 4667 7021 1317 
2289 3074 5076 4829 
2290 4756 7723 7521 
2291 4432 8147 7066 
2292 5250 6322 5276 
2293 5152 5154 1555 
2294 412 5157 1607 
2295 2640 7746 7411 
2296 1392 4797 4796 
2297 5733 7603 1486 
2298 882 5555 54 
2299 1301 7866 124 
2300 3679 5160 3680 
2301 3030 5076 3074 
2302 6941 7712 1639 
2303 2617 6815 6417 
2304 3171 6796 5585 
2305 5191 7843 2923 
2306 1779 8079 4479 
2307 5591 6491 4085 
2308 6540 7156 1640 
2309 7325 7702 990 
2310 1451 5485 5484 
2311 2537 8081 5043 
2312 6161 6162 1611 
2313 1586 8286 6563 
2314 1449 5312 5311 
2315 4382 7866 4631 
2316 4728 4950 1202 
2317 712 5851 711 
2318 2259 5075 4598 
2319 7448 7545 1715 
2320 4963 4989 4094 
2321 966 8162 7709 
2322 1192 4749 4699 
2323 293 7139 292 
2324 1957 7920 6735 
2325 4897 5994 1393 
2326 4330 5150 4333 
2327 4222 5215 4220 
2328 5173 7504 4686 
2329 3181 7650 5210 
2330 5853 7961 1490 
2331 4407 5325 3688 
2332 7582 8280 4340 
2333 6077 7408 4890 
2334 812 5484 5314 
2335 1298 6664 5245 
2336 7759 8124 1459 
2337 5528 7741 5527 
2338 5786 6509 5785 
2339 2261 5075 2258 
2340 1516 6909 5797 
2341 6542 7817 5376 
2342 5821 7786 7460 
2343 5527 7741 7717 
2344 6686 7660 6690 
2345 117 7880 1302 
2346 100 7172 99 
2347 2757 7556 7454 
2348 3510 5126 3513 
2349 7705 7748 2527 
2350 4556 5245 4226 
2351 1762 7137 1760 
2352 6882 6952 1290 
2353 4660 7352 3032 
2354 4903 6739 1847 
2355 6373 7559 1511 
2356 5507 5932 3875 
2357 4555 8259 4206 
2358 4869 4871 1473 
2359 4929 5218 5217 
2360 1445 7382 4932 
2361 654 5134 1545 
2362 3404 5555 4541 
2363 124 4327 123 
2364 118 4328 117 
2365 258 4322 257 
2366 4269 7884 4867 
2367 1465 7810 5768 
2368 3643 8420 7260 
2369 274 4341 273 
2370 7709 8162 4623 
2371 7810 7815 5768 
2372 5586 6796 3174 
2373 3655 8026 4619 
2374 5768 7815 5769 
2375 3381 6904 5144 
2376 4817 6921 3623 
2377 5768 7819 1465 
2378 3519 4928 3521 
2379 1294 7646 5465 
2380 4637 8409 559 
2381 3992 6676 3991 
2382 4716 5103 1440 
2383 6234 7577 2731 
2384 709 7682 7328 
2385 6740 8067 1996 
2386 574 6049 1318 
2387 6015 8078 6014 
2388 6047 6049 575 
2389 4807 7794 7735 
2390 5170 7742 2051 
2391 4840 7833 6841 
2392 4741 4965 4964 
2393 4561 8153 327 
2394 4837 7905 1410 
2395 6423 6916 4395 
2396 1401 6044 4671 
2397 5099 7834 7549 
2398 4920 4922 4918 
2399 6307 7522 6308 
2400 1216 4954 4860 
2401 7250 7742 5170 
2402 4627 8272 1980 
2403 7346 7380 1454 
2404 442 7175 4784 
2405 4776 5370 1512 
2406 5246 7861 5247 
2407 1383 4768 1176 
2408 1377 7459 4686 
2409 1599 4816 1163 
2410 4632 7880 6805 
2411 1317 7508 4667 
2412 413 7500 5157 
2413 3222 5076 3033 
2414 4687 7116 4014 
2415 7976 8145 3265 
2416 1566 5127 1106 
2417 1412 7290 4628 
2418 5949 7380 7346 
2419 4532 8059 7840 
2420 1387 4900 4850 
2421 3515 5124 3517 
2422 3039 6789 4778 
2423 3003 6450 3000 
2424 4270 7614 7420 
2425 6337 7804 4502 
2426 4882 4887 4883 
2427 4871 4872 1473 
2428 1273 7284 6138 
2429 7374 7652 4630 
2430 3665 7837 4811 
2431 5485 5490 5315 
2432 3355 6628 5807 
2433 1686 7464 4559 
2434 4895 5506 1837 
2435 3066 7679 5724 
2436 6039 6040 4110 
2437 6066 7931 4994 
2438 3170 7758 5490 
2439 4673 7135 3153 
2440 1500 6313 6311 
2441 5367 7312 5368 
2442 5249 6321 5250 
2443 4623 8162 4621 
2444 1122 7116 4687 
2445 5986 7440 2451 
2446 6162 6163 1611 
2447 6390 8236 6389 
2448 4556 7646 1294 
2449 5239 7804 1623 
2450 4855 7668 5796 
2451 6613 7993 1303 
2452 4514 8206 4847 
2453 7001 8067 6740 
2454 1383 4769 4768 
2455 5467 7355 5468 
2456 4906 7547 4189 
2457 2191 5298 4942 
2458 3149 6747 6745 
2459 434 5014 433 
2460 1498 8166 4648 
2461 2051 8011 5170 
2462 1545 5134 4703 
2463 1760 4943 1716 
2464 1693 7365 6747 
2465 1702 5267 4670 
2466 4910 7791 617 
2467 7978 8019 4447 
2468 5657 7775 5658 
2469 7456 7621 4581 
2470 7427 7940 3800 
2471 5657 7785 7775 
2472 6548 7251 4896 
2473 1420 7302 4658 
2474 4823 4824 1441 
2475 7589 7622 5240 
2476 6920 7991 1958 
2477 3172 5519 2246 
2478 1566 5128 5127 
2479 1766 4996 4975 
2480 544 6041 6002 
2481 4663 7662 1380 
2482 1379 7663 4664 
2483 4761 6875 4143 
2484 5455 7600 7344 
2485 543 6002 1836 
2486 4562 7597 1448 
2487 4589 6819 5370 
2488 5537 6831 5534 
2489 5884 7764 5828 
2490 6421 7906 7522 
2491 3814 8223 5275 
2492 5943 7270 7228 
2493 5938 7121 7070 
2494 4640 7394 3089 
2495 5095 6843 2515 
2496 1277 4902 122 
2497 617 7938 4910 
2498 1388 7590 5402 
2499 4518 8001 3441 
2500 6711 8082 6010 
2501 4571 8247 1416 
2502 5084 7002 4498 
2503 6839 7363 1849 
2504 4782 7203 426 
2505 4462 8191 1513 
2506 5669 7561 7166 
2507 958 6394 957 
2508 5851 7686 1484 
2509 547 8078 7827 
2510 5402 8167 1388 
2511 1416 8308 4571 
2512 7062 7635 3403 
2513 1812 8092 8040 
2514 4669 6395 3989 
2515 7228 7270 1455 
2516 5838 7682 5839 
2517 6160 7301 3829 
2518 1545 4752 653 
2519 7070 7121 1456 
2520 4706 7977 4165 
2521 3977 8161 7867 
2522 6598 8097 6176 
2523 7187 7523 5679 
2524 4849 8184 2933 
2525 1393 4899 4897 
2526 3389 5278 5257 
2527 5979 7640 2455 
2528 4655 8301 1351 
2529 5170 8011 5169 
2530 4563 7395 4564 
2531 5007 7727 390 
2532 119 5150 1276 
2533 4994 7941 6066 
2534 1838 5919 5459 
2535 4760 5371 1543 
2536 4091 7374 4630 
2537 5284 7752 7685 
2538 5622 7708 1368 
2539 1820 7847 4790 
2540 7840 8059 3670 
2541 1505 7064 6429 
2542 3430 8381 4526 
2543 1591 7786 5823 
2544 4562 6855 4292 
2545 1529 8090 6611 
2546 1760 7137 4943 
2547 7827 8078 6015 
2548 1534 5590 864 
2549 4106 7944 7417 
2550 1294 8211 4556 
2551 724 6963 4885 
2552 5299 5300 5096 
2553 5302 6515 5301 
2554 565 5506 564 
2555 4308 7837 250 
2556 3744 5275 3746 
2557 7469 8054 4993 
2558 4619 7826 3655 
2559 4924 5124 3599 
2560 5459 5919 4522 
2561 7513 7720 5520 
2562 1807 4995 4821 
2563 4549 7609 1278 
2564 1625 4947 1658 
2565 3170 7814 7758 
2566 4314 7840 298 
2567 1486 8072 5733 
2568 612 7667 4839 
2569 6431 7619 1507 
2570 4998 5210 5208 
2571 4953 6793 3049 
2572 3172 6719 5517 
2573 2188 6514 2190 
2574 1484 7686 5839 
2575 2447 7440 5987 
2576 4260 7067 4902 
2577 6945 7331 4282 
2578 5559 7639 5905 
2579 4890 8307 6077 
2580 6322 7517 4152 
2581 8040 8092 4483 
2582 4878 7818 2453 
2583 4757 5114 3304 
2584 3509 7381 4923 
2585 6494 7904 7550 
2586 4820 4844 4218 
2587 8002 8140 2563 
2588 390 8030 5007 
2589 5298 7744 4942 
2590 3523 5217 3550 
2591 4094 8056 4963 
2592 7136 7492 1700 
2593 3633 5269 5268 
2594 6398 7850 4780 
2595 728 7033 727 
2596 5053 7563 5052 
2597 5823 6347 6345 
2598 5823 6345 1591 
2599 7579 7976 7616 
2600 4206 7678 4555 
2601 1124 5995 1280 
2602 1464 7846 5775 
2603 5994 5995 1125 
2604 707 5833 706 
2605 5362 5363 1426 
2606 3881 5468 2383 
2607 1372 8172 4620 
2608 6451 7456 6450 
2609 1214 4958 1413 
2610 6365 8027 4983 
2611 6746 8009 3149 
2612 4848 5067 4644 
2613 5146 6511 4547 
2614 6732 7177 1957 
2615 1449 5311 5310 
2616 6458 8053 6084 
2617 4814 5912 1540 
2618 748 5302 747 
2619 1270 7959 4643 
2620 5775 7835 1464 
2621 1352 7962 4848 
2622 2328 7926 7730 
2623 5104 5252 1285 
2624 6705 7260 4659 
2625 3823 5146 4303 
2626 1448 8171 4562 
2627 4885 6963 4881 
2628 1966 7202 7096 
2629 561 5085 1266 
2630 7469 7485 3080 
2631 5272 5273 4737 
2632 4360 7641 5115 
2633 6053 7707 6055 
2634 4692 5906 3994 
2635 7926 8177 7604 
2636 6211 7399 7194 
2637 7193 7398 6209 
2638 6370 7968 1510 
2639 541 6004 1338 
2640 1836 6004 542 
2641 6668 7635 7062 
2642 6393 6394 4464 
2643 7480 7677 4355 
2644 4354 7676 7479 
2645 1819 5888 642 
2646 4497 7134 5058 
2647 7726 7813 3065 
2648 4603 7135 4673 
2649 1766 4974 4973 
2650 5475 8144 1470 
2651 7090 8019 7978 
2652 5520 7720 5522 
2653 4661 7449 1491 
2654 5370 6819 1003 
2655 1832 7898 6221 
2656 4688 8122 4902 
2657 7735 7794 2903 
2658 3994 8048 317 
2659 1501 6315 525 
2660 4085 7691 4662 
2661 4777 7812 3087 
2662 5638 7428 5636 
2663 4953 7238 6793 
2664 1745 7541 1149 
2665 4685 8283 2704 
2666 1294 4843 149 
2667 4917 4920 4918 
2668 449 5156 1474 
2669 3074 5082 3028 
2670 1407 7191 4665 
2671 4839 8103 612 
2672 1365 4984 4983 
2673 1078 5403 1077 
2674 3541 5124 4925 
2675 6930 7477 870 
2676 3590 7077 5213 
2677 7583 7611 6048 
2678 80 2087 323 
2679 5938 7009 5939 
2680 4820 8115 102 
2681 4912 4916 4913 
2682 3708 7807 3409 
2683 7518 7536 4565 
2684 5284 7685 5285 
2685 6878 7246 6554 
2686 1780 5111 5110 
2687 254 8044 3999 
2688 1571 7103 6395 
2689 5713 7687 5711 
2690 4922 4923 4918 
2691 4764 6930 1650 
2692 3697 5459 3696 
2693 5349 8140 8002 
2694 7758 7814 5313 
2695 3089 7963 4638 
2696 4811 7837 4308 
2697 6985 7088 4946 
2698 1856 5299 5096 
2699 4287 7787 5004 
2700 4632 7349 1302 
2701 4468 6561 6173 
2702 1301 7348 4631 
2703 5717 7379 7354 
2704 1216 4860 90 
2705 1365 4985 4984 
2706 54 5555 3404 
2707 2704 7338 4685 
2708 4680 4823 1076 
2709 4672 7237 4854 
2710 70 2091 303 
2711 4975 4996 4978 
2712 651 6503 1550 
2713 5361 8253 836 
2714 5938 7070 7009 
2715 5402 7590 3641 
2716 62 1726 287 
2717 4991 4992 1597 
2718 3094 7688 6055 
2719 5726 7807 5725 
2720 1210 5192 1211 
2721 1307 5301 5300 
2722 1658 4947 1736 
2723 1286 5253 5105 
2724 5521 6719 3171 
2725 4859 7629 4121 
2726 4119 7628 4858 
2727 2271 5114 2273 
2728 7077 7580 7334 
2729 4630 7510 4091 
2730 5435 7276 5619 
2731 3354 5084 4053 
2732 557 4670 23 
2733 812 5314 811 
2734 4842 8364 4824 
2735 4821 4990 1807 
2736 4886 6913 1472 
2737 1391 7470 5034 
2738 1226 5207 1227 
2739 5364 7926 7604 
2740 138 7944 137 
2741 317 8048 316 
2742 876 7635 1300 
2743 1451 5484 813 
2744 5439 7754 7519 
2745 5211 7736 3191 
2746 4738 8240 1395 
2747 5600 7049 4490 
2748 1766 4975 4974 
2749 5213 7077 4162 
2750 1393 4951 4899 
2751 4565 7536 4563 
2752 255 8044 254 
2753 4743 7530 1654 
2754 4496 7748 7705 
2755 6988 8085 5262 
2756 5979 7711 5980 
2757 137 7944 4106 
2758 1314 5070 579 
2759 35 4869 1473 
2760 450 5156 449 
2761 1463 7851 5860 
2762 1302 7880 4632 
2763 4461 4505 49 
2764 5939 7009 1728 
2765 6845 7769 7208 
2766 3639 4638 3638 
2767 4657 7201 6962 
2768 4631 7866 1301 
2769 886 5234 1513 
2770 829 4892 1728 
2771 7319 7612 5418 
2772 4605 5468 3885 
2773 4898 5995 5994 
2774 4927 4928 3541 
2775 4739 6666 999 
2776 5860 7831 1463 
2777 4747 8278 3084 
2778 2939 8153 4561 
2779 3432 4389 3435 
2780 288 4143 63 
2781 2739 7808 5902 
2782 4947 6985 4946 
2783 1307 5300 5299 
2784 7312 8392 5368 
2785 3347 7105 5032 
2786 4543 7261 5751 
2787 7300 7360 2324 
2788 260 4584 259 
2789 836 7695 5361 
2790 272 4585 271 
2791 3019 7430 4747 
2792 6071 7882 6577 
2793 4811 7385 3665 
2794 4441 6559 6354 
2795 1088 4905 1739 
2796 4795 7798 1392 
2797 3978 4995 4658 
2798 2585 6519 2583 
2799 5304 7072 6892 
2800 2605 4935 4933 
2801 5856 7166 4145 
2802 7483 8212 6713 
2803 5651 7262 4545 
2804 950 5272 949 
2805 4993 8054 4994 
2806 26 1875 163 
2807 3064 5236 5235 
2808 2917 7700 4079 
2809 7116 7497 4014 
2810 6573 7809 6690 
2811 4110 6044 6039 
2812 5053 8333 7563 
2813 1367 8012 4734 
2814 4530 8196 3587 
2815 4521 8116 3247 
2816 810 5310 809 
2817 5154 8023 1555 
2818 7145 7863 198 
2819 7517 7605 1898 
2820 1509 6228 6226 
2821 3409 7807 5726 
2822 4628 8319 1412 
2823 3541 4928 3519 
2824 2835 6127 2833 
2825 1480 5847 5846 
2826 3012 5235 3014 
2827 206 4601 205 
2828 4824 8364 4826 
2829 6527 8204 4476 
2830 1460 7811 6036 
2831 4812 5357 1423 
2832 1431 4917 1089 
2833 4038 7348 4762 
2834 4763 7349 4042 
2835 3282 8170 4519 
2836 2242 6719 2244 
2837 4893 6676 4892 
2838 2651 7657 5043 
2839 4456 7658 5969 
2840 5943 7173 6215 
2841 351 4912 1740 
2842 3738 8154 4809 
2843 5807 8114 3355 
2844 256 4461 49 
2845 4934 6620 3262 
2846 1462 7845 5872 
2847 5215 7189 1360 
2848 1426 8253 5362 
2849 4778 7065 6533 
2850 4102 6064 6063 
2851 5566 5567 4252 
2852 6987 7947 4506 
2853 4282 8057 6945 
2854 6193 7000 6422 
2855 7207 7769 1973 
2856 7199 7565 5748 
2857 6036 7805 1460 
2858 5029 5033 5026 
2859 7165 7592 4193 
2860 5872 7828 1462 
2861 5812 6565 3879 
2862 4816 4960 4160 
2863 816 6782 815 
2864 4998 5208 5207 
2865 3926 5012 5010 
2866 198 8149 7145 
2867 5234 8374 1513 
2868 3438 4064 3439 
2869 4395 8260 6423 
2870 1302 4763 116 
2871 125 4762 1301 
2872 66 7248 295 
2873 3265 8145 7610 
2874 5943 7228 7173 
2875 7550 7904 3363 
2876 3271 4061 4060 
2877 5021 7987 1437 
2878 1415 5192 5190 
2879 5969 8102 4456 
2880 6460 7271 6202 
2881 92 4848 4644 
2882 3395 6044 3878 
2883 2419 7488 6170 
2884 6944 7347 4515 
2885 4920 4924 4922 
2886 4170 7596 5973 
2887 5166 7908 5165 
2888 12 4611 120 
2889 4826 6936 5082 
2890 5008 8071 5809 
2891 4674 4675 1405 
2892 30 1874 189 
2893 1539 4527 4526 
2894 7587 8187 2092 
2895 5074 7197 2074 
2896 5905 8058 5559 
2897 5275 8223 5273 
2898 2386 5812 4142 
2899 6650 7461 4738 
2900 5828 7764 7289 
2901 4837 4838 4836 
2902 1353 3679 3348 
2903 5663 7692 1402 
2904 2073 7198 5083 
2905 2178 5386 2181 
2906 1061 7638 4714 
2907 5047 7107 4108 
2908 5902 7773 2739 
2909 7334 7580 4916 
2910 3513 5126 3599 
2911 5419 7163 5424 
2912 4790 7706 1820 
2913 4882 7511 4887 
2914 4895 5932 5507 
2915 1328 7803 5726 
2916 6226 6229 1509 
2917 4747 7430 4683 
2918 7384 7683 3527 
2919 5130 7292 5128 
2920 727 7033 4901 
2921 7730 7926 5364 
2922 4401 7947 6987 
2923 5949 7336 5950 
2924 3150 7739 7689 
2925 6685 7917 4259 
2926 6177 8024 6657 
2927 362 4911 1398 
2928 5043 7937 2651 
2929 4787 8132 6412 
2930 4613 7473 4612 
2931 4404 7702 7325 
2932 3509 5126 3510 
2933 4526 8381 4438 
2934 5005 7541 1745 
2935 3294 7196 6414 
2936 5385 5388 5387 
2937 5836 7328 5838 
2938 5133 7813 7726 
2939 5884 7690 1478 
2940 4165 5456 4911 
2941 4060 4619 1375 
2942 5949 7346 7336 
2943 3415 7661 7322 
2944 4189 8088 4906 
2945 3229 5094 4548 
2946 5191 7910 5194 
2947 4482 5049 3943 
2948 1461 7838 5880 
2949 7458 7465 5956 
2950 5956 7465 5957 
2951 7127 7163 5419 
2952 1437 7129 7050 
2953 1430 7554 5221 
2954 5518 5519 3172 
2955 3668 7890 4733 
2956 4691 4833 4832 
2957 727 4901 726 
2958 102 8115 3442 
2959 6911 7101 5295 
2960 6037 7759 1459 
2961 4902 7067 121 
2962 5880 7820 1461 
2963 3410 3412 3411 
2964 4250 8187 5231 
2965 1816 7798 4795 
2966 7420 7614 1750 
2967 5029 5034 5033 
2968 726 4901 1471 
2969 5249 7040 1953 
2970 3517 5124 3541 
2971 2443 7698 6354 
2972 3003 6451 6450 
2973 4397 7997 7551 
2974 5800 7275 1489 
2975 1958 7264 6764 
2976 13 7067 1475 
2977 3599 5124 3515 
2978 5479 8259 1278 
2979 5208 5211 5209 
2980 1300 7635 6668 
2981 579 5070 578 
2982 5257 5278 5256 
2983 4745 8326 4744 
2984 4821 4995 3978 
2985 4741 7361 4965 
2986 5190 5191 5189 
2987 7454 7556 6308 
2988 1461 7820 5926 
2989 1516 8230 6909 
2990 3100 7576 6059 
2991 7132 7181 5423 
2992 7342 7366 5619 
2993 887 5234 886 
2994 3606 4972 4403 
2995 4887 7511 2445 
2996 1459 7783 6037 
2997 1355 7669 6187 
2998 7169 7392 5214 
2999 3963 7569 7529 
3000 3439 3440 1265 
3001 918 7435 4661 
3002 4233 8106 5300 
3003 5061 5062 3098 
3004 1402 7675 5663 
3005 4334 5504 5503 
3006 1511 7559 4788 
3007 4742 7626 7361 
3008 4780 7571 1834 
3009 5172 5173 4101 
3010 3711 6681 5326 
3011 4644 4645 1346 
3012 4997 5207 1226 
3013 4767 8289 1781 
3014 1512 4786 4785 
3015 6509 8051 5785 
3016 7148 8312 6960 
3017 4744 8326 4948 
3018 1211 5192 1415 
3019 1480 5848 5847 
3020 2273 5114 2276 
3021 6524 7292 5130 
3022 4046 7197 5074 
3023 3850 8272 4626 
3024 4429 5226 4482 
3025 4046 5074 4357 
3026 4733 8151 3668 
3027 3087 7934 4777 
3028 5111 6124 5110 
3029 3357 8312 7148 
3030 5325 7729 4277 
3031 6071 7631 1341 
3032 5083 7198 4047 
3033 1456 7121 6215 
3034 3443 3444 1306 
3035 4493 7048 5607 
3036 4737 8223 4809 
3037 53 7028 881 
3038 3191 8160 5211 
3039 1434 6799 4732 
3040 7388 7771 7387 
3041 1460 7829 5925 
3042 6525 7126 4766 
3043 1804 5302 748 
3044 4706 4911 363 
3045 4358 5083 4047 
3046 224 7982 4754 
3047 3304 5114 2271 
3048 4740 4741 1394 
3049 4735 4736 1395 
3050 7315 7796 3146 
3051 1771 5612 1712 
3052 4052 7998 104 
3053 147 4549 1278 
3054 7867 8161 4728 
3055 7771 7913 6569 
3056 5925 7811 1460 
3057 5060 5061 3098 
3058 1886 7909 5411 
3059 7412 7482 5553 
3060 4726 8385 1356 
3061 142 4550 141 
3062 7328 7682 5838 
3063 7344 7600 5193 
3064 1437 8268 5021 
3065 7436 8065 7445 
3066 5037 5057 5036 
3067 1953 6321 5249 
3068 394 6163 393 
3069 1227 5207 1399 
3070 864 5590 863 
3071 5787 6618 2671 
3072 3583 7357 4707 
3073 4589 5370 4776 
3074 815 6782 5488 
3075 104 7998 103 
3076 5926 7857 1461 
3077 957 6394 6393 
3078 4915 7396 7323 
3079 1570 6394 958 
3080 6215 7173 1456 
3081 3235 7366 7342 
3082 4972 7110 4403 
3083 4970 7816 6704 
3084 2340 7267 7234 
3085 4217 5094 3229 
3086 6503 7513 1550 
3087 1369 4973 4751 
3088 3592 7523 7187 
3089 3344 8100 5109 
3090 4765 7477 6930 
3091 5594 8117 1739 
3092 4818 7313 1344 
3093 2581 5201 2579 
3094 7393 8390 4584 
3095 5589 5590 1534 
3096 3000 6450 3001 
3097 4754 8105 224 
3098 244 1978 43 
3099 1736 4947 4945 
3100 3906 6515 4238 
3101 4286 5537 5536 
3102 365 5103 364 
3103 4262 7026 5320 
3104 8185 8264 4746 
3105 4456 6409 4297 
3106 5241 7696 5243 
3107 1634 5462 5461 
3108 5389 5622 5621 
3109 1462 7828 5881 
3110 2342 7181 7132 
3111 2185 6997 2186 
3112 4714 8197 1061 
3113 8012 8152 5059 
3114 341 5919 340 
3115 4686 7504 1655 
3116 4181 5462 4180 
3117 1611 6163 394 
3118 1310 7528 4813 
3119 56 4606 275 
3120 4730 5462 4181 
3121 6777 7858 221 
3122 4936 8185 4746 
3123 4912 4913 1740 
3124 6322 7605 7517 
3125 4619 8026 1375 
3126 4749 8310 4701 
3127 7169 7343 3455 
3128 2342 7132 5424 
3129 7050 7129 5645 
3130 5082 6936 3026 
3131 4693 4694 1378 
3132 6223 7558 1832 
3133 4877 4901 4875 
3134 4713 7272 6545 
3135 3969 6952 3970 
3136 4666 7653 3368 
3137 7284 8315 6138 
3138 7211 7513 5520 
3139 1487 5833 707 
3140 6 4674 1405 
3141 564 5506 1453 
3142 769 7570 7291 
3143 1431 4920 4917 
3144 1515 7080 5593 
3145 5192 6966 5193 
3146 7112 7200 1073 
3147 7147 7160 3213 
3148 1413 4958 4956 
3149 1837 5506 565 
3150 7910 8410 5194 
3151 7129 7220 5645 
3152 3338 6413 5243 
3153 1128 4951 1127 
3154 6704 8032 4970 
3155 3663 5172 4101 
3156 4755 7939 1314 
3157 6621 7086 5426 
3158 5144 6904 5143 
3159 55 4652 913 
3160 845 4653 50 
3161 5966 7160 7147 
3162 6082 6084 1482 
3163 6039 6044 1401 
3164 5257 6609 3389 
3165 778 5824 777 
3166 1224 4937 1751 
3167 5385 5387 5386 
3168 7551 7914 4397 
3169 1753 5014 434 
3170 2190 6514 2193 
3171 5048 7714 5047 
3172 4742 7361 4741 
3173 5537 8086 6831 
3174 7166 7561 4145 
3175 6579 7731 4531 
3176 5622 7806 5624 
3177 5691 8008 1551 
3178 5446 5447 4161 
3179 4732 7494 945 
3180 7053 7102 3419 
3181 6358 6359 6357 
3182 4526 7731 3430 
3183 4956 4957 4955 
3184 1719 7677 7480 
3185 7479 7676 1720 
3186 7139 8041 1547 
3187 1736 4945 1738 
3188 5517 6719 5521 
3189 268 7320 267 
3190 2181 5620 2182 
3191 4626 7886 3850 
3192 5792 6504 5791 
3193 6904 8344 3949 
3194 2177 5386 2178 
3195 5645 7220 5646 
3196 26 6532 1875 
3197 4585 8393 7410 
3198 4937 4938 1751 
3199 5886 5887 2598 
3200 4461 6987 4506 
3201 1100 7266 1099 
3202 4699 4700 1381 
3203 1346 4689 1184 
3204 4933 5201 2605 
3205 5673 8059 4368 
3206 642 5888 641 
3207 2935 6514 2188 
3208 3368 7738 4666 
3209 5391 7293 4467 
3210 5394 5886 2598 
3211 7249 7413 2855 
3212 4608 7822 4607 
3213 1603 5272 950 
3214 5633 5635 2264 
3215 747 5302 1307 
3216 4609 7823 4610 
3217 525 6315 524 
3218 815 5488 814 
3219 842 4961 841 
3220 3769 6391 3770 
3221 3770 6391 3773 
3222 1551 7836 5691 
3223 7139 8267 8041 
3224 363 4911 362 
3225 221 8245 6777 
3226 4832 7839 2413 
3227 6807 7612 7319 
3228 4465 5459 3697 
3229 811 5314 1449 
3230 4949 8212 7483 
3231 1027 7642 5226 
3232 5214 7392 5213 
3233 4891 7094 4376 
3234 1962 7028 53 
3235 3802 5025 4104 
3236 203 4869 35 
3237 5503 7329 1810 
3238 5881 7864 1462 
3239 5472 8033 4400 
3240 4758 7393 4584 
3241 4883 4887 4886 
3242 3327 6765 3325 
3243 841 4961 1425 
3244 1835 5403 1078 
3245 5619 7276 3244 
3246 1077 5403 1539 
3247 4903 7919 6739 
3248 191 1851 190 
3249 1482 6086 6082 
3250 1781 7802 4767 
3251 4889 6913 4886 
3252 6243 6244 4362 
3253 4552 5196 4561 
3254 5273 8223 4737 
3255 1356 8295 4726 
3256 1463 7831 5873 
3257 7140 7150 6254 
3258 4967 5073 4970 
3259 5617 6610 4208 
3260 1449 5310 810 
3261 3438 4172 4064 
3262 164 5164 27 
3263 1291 7014 1315 
3264 4621 6560 4622 
3265 6003 6004 1836 
3266 1564 6948 5993 
3267 75 4680 1076 
3268 3549 7463 7375 
3269 3680 5160 5095 
3270 3944 5047 5046 
3271 5075 7148 4149 
3272 3548 4972 3606 
3273 5386 5387 2181 
3274 1712 5612 1657 
3275 2353 7150 7140 
3276 7194 7399 3273 
3277 3274 7398 7193 
3278 13 1475 436 
3279 432 1476 12 
3280 4779 8039 1773 
3281 4599 4600 4553 
3282 1375 8026 4601 
3283 6372 7968 6370 
3284 5581 5582 5504 
3285 93 4989 4963 
3286 6903 6904 3949 
3287 3067 7462 7227 
3288 1400 7996 5382 
3289 6243 7083 6241 
3290 1181 4668 1182 
3291 7473 8064 4612 
3292 3696 5459 4522 
3293 5110 6124 3344 
3294 5032 7104 3347 
3295 4876 7818 4878 
3296 5962 7566 4163 
3297 5451 7111 5449 
3298 5035 5037 5036 
3299 4814 6781 4405 
3300 5828 7289 5827 
3301 6960 7390 6959 
3302 3875 7327 5507 
3303 5492 5493 4151 
3304 1127 4951 1393 
3305 5062 7679 3066 
3306 4998 7531 5210 
3307 5229 5231 5230 
3308 4788 8083 1511 
3309 4743 8105 4754 
3310 4999 7176 3056 
3311 1799 5056 912 
3312 4852 7053 3997 
3313 1505 8049 7064 
3314 2951 5702 2948 
3315 6613 7518 4565 
3316 4389 8325 7403 
3317 1183 4644 1346 
3318 4457 7598 5444 
3319 5511 5684 1495 
3320 1225 4997 1226 
3321 4155 8056 4094 
3322 5139 6356 5138 
3323 938 5854 1486 
3324 1180 4686 1655 
3325 27 5164 1311 
3326 4437 5196 4138 
3327 4854 7237 479 
3328 4964 4965 4202 
3329 1766 4973 94 
3330 4585 7410 4759 
3331 4550 8352 8025 
3332 7436 7445 1322 
3333 6409 7928 4297 
3334 3639 4654 4640 
3335 1222 4996 1223 
3336 485 7627 7486 
3337 4892 6676 1728 
3338 4145 7848 5856 
3339 5628 5629 5627 
3340 1345 4866 1198 
3341 2291 8190 6490 
3342 5720 7856 1689 
3343 4858 7632 4197 
3344 4199 7633 4859 
3345 60 4735 1395 
3346 734 6186 733 
3347 4335 5581 4332 
3348 67 7803 1328 
3349 20 4715 1432 
3350 4336 5502 5501 
3351 5116 5336 2032 
3352 1500 8047 6313 
3353 5026 5033 5025 
3354 1569 8221 4669 
3355 4809 7620 3738 
3356 1455 7270 5950 
3357 5025 5033 4104 
3358 1195 4948 1196 
3359 1684 7946 7538 
3360 5690 7908 5166 
3361 7744 8310 4942 
3362 1763 5229 5228 
3363 2948 5702 2947 
3364 46 4740 1394 
3365 5 4706 363 
3366 6329 7367 6331 
3367 3064 5235 3012 
3368 4738 8154 6650 
3369 6079 6664 1298 
3370 4109 7561 5044 
3371 5009 5012 1753 
3372 3641 7590 248 
3373 5326 6681 2354 
3374 5446 6826 3701 
3375 1887 8035 6638 
3376 4 4820 102 
3377 2833 6127 6126 
3378 1003 6819 68 
3379 21 4966 1772 
3380 4652 7632 4858 
3381 4859 7633 4653 
3382 5369 6827 5366 
3383 4058 5071 2267 
3384 5239 7589 5240 
3385 1128 6802 4951 
3386 77 4905 1088 
3387 4715 8134 1432 
3388 5444 7598 4962 
3389 6652 7787 4287 
3390 1129 6802 1128 
3391 4755 7723 4756 
3392 6040 7374 4110 
3393 7519 7754 4272 
3394 4731 8014 4730 
3395 7689 7739 4957 
3396 4863 7387 6570 
3397 1089 4917 78 
3398 2583 6519 2605 
3399 435 5009 1753 
3400 7117 7122 6260 
3401 3283 7126 6525 
3402 5389 5621 5620 
3403 6422 8198 6193 
3404 5140 5143 1744 
3405 4667 7508 4386 
3406 7280 8186 5698 
3407 6356 6358 6357 
3408 3175 6127 2835 
3409 7945 8127 5665 
3410 4409 5064 5061 
3411 1539 5403 4527 
3412 4700 4936 4702 
3413 1270 7583 6048 
3414 1394 4964 4308 
3415 1537 6876 1374 
3416 1464 7835 5861 
3417 5653 7246 6878 
3418 2177 5390 5384 
3419 2735 7577 5899 
3420 1186 4830 1187 
3421 5226 7642 4482 
3422 4852 7102 7053 
3423 5384 5386 2177 
3424 1199 4866 4693 
3425 4678 7176 4999 
3426 5265 7606 4141 
3427 6186 6187 5121 
3428 2351 7122 7117 
3429 6515 7781 5301 
3430 38 1953 227 
3431 5873 7876 1463 
3432 3426 4577 4576 
3433 6376 8132 4789 
3434 4298 4299 1546 
3435 2598 6043 5394 
3436 1201 4728 1202 
3437 84 1745 1149 
3438 6359 6361 6357 
3439 4172 4409 4408 
3440 3944 5046 3144 
3441 1909 6712 5296 
3442 47 4892 829 
3443 2449 7511 4882 
3444 2453 7821 4878 
3445 3 4912 351 
3446 65 4739 999 
3447 4746 8264 2409 
3448 5004 5005 1745 
3449 57 4732 945 
3450 6497 8251 6326 
3451 4792 8189 2990 
3452 939 5854 938 
3453 5138 6356 1575 
3454 4293 7855 6651 
3455 4392 4629 3435 
3456 7403 8215 4389 
3457 93 4963 1217 
3458 1377 4686 1179 
3459 1223 4996 1766 
3460 5305 5306 5290 
3461 1440 5103 365 
3462 3360 7544 6346 
3463 2605 6519 4935 
3464 1749 5035 36 
3465 3594 7565 7199 
3466 4993 7485 7469 
3467 1153 1744 85 
3468 2617 6519 2585 
3469 1451 5488 5486 
3470 6657 8024 4070 
3471 5109 7710 5112 
3472 5451 7231 7174 
3473 5072 7943 4757 
3474 44 1746 247 
3475 5823 7786 5821 
3476 5039 5057 5037 
3477 5293 5297 5296 
3478 1312 8376 4566 
3479 3066 8345 5062 
3480 3711 5326 4301 
3481 7430 8121 4683 
3482 5400 8001 2906 
3483 5993 6948 3946 
3484 3171 6719 2242 
3485 5111 6902 6124 
3486 1150 5145 1151 
3487 7174 7231 1419 
3488 1191 4749 1192 
3489 1358 7701 4782 
3490 5810 6974 3724 
3491 5486 5487 5485 
3492 5406 7630 5407 
3493 1200 4693 1378 
3494 3878 6044 4110 
3495 4671 6044 3395 
3496 1176 4768 1177 
3497 2605 5201 2581 
3498 4793 7718 1816 
3499 3222 5086 5078 
3500 364 5103 4674 
3501 5915 7847 1820 
3502 4831 8152 8012 
3503 3014 5235 3057 
3504 1223 1766 94 
3505 4570 4865 4864 
3506 4508 4509 1428 
3507 5229 5230 5228 
3508 3639 4640 4638 
3509 7089 7099 6273 
3510 1444 7606 5265 
3511 949 5272 4735 
3512 4287 8269 6652 
3513 5088 5089 3099 
3514 5231 8187 7587 
3515 6651 8271 4293 
3516 1381 4744 1194 
3517 809 5310 4740 
3518 4946 6835 4058 
3519 2244 6719 3172 
3520 2161 6210 5024 
3521 5023 6208 2162 
3522 1282 5257 5256 
3523 2899 5081 3693 
3524 1282 7476 5257 
3525 3622 4488 3623 
3526 6638 8013 1887 
3527 1429 6827 5369 
3528 1853 7111 5451 
3529 1140 5181 1567 
3530 1598 7374 6040 
3531 4481 5402 5401 
3532 1476 4611 12 
3533 1692 7320 268 
3534 2982 5161 3277 
3535 4857 5158 4057 
3536 6013 6836 4118 
3537 5240 7622 5241 
3538 5137 7390 6960 
3539 1542 5136 5135 
3540 1635 5141 5140 
3541 4172 4408 4064 
3542 1188 4748 1367 
3543 417 5541 1439 
3544 5129 5130 5128 
3545 1193 4699 1381 
3546 5131 5612 1771 
3547 4784 7699 1359 
3548 1499 6307 6306 
3549 5290 6682 5305 
3550 4911 5456 1398 
3551 4705 4753 4752 
3552 814 5488 1451 
3553 2575 6610 5617 
3554 3176 8213 7397 
3555 1749 5037 5035 
3556 1374 6876 3850 
3557 5071 6835 5072 
3558 7572 7694 3501 
3559 4633 5501 5500 
3560 1473 7033 728 
3561 3622 4757 4488 
3562 1178 4727 1377 
3563 5387 5620 2181 
3564 5180 5182 5181 
3565 1300 5079 875 
3566 4871 4884 4873 
3567 645 5291 30 
3568 5280 7201 2409 
3569 7354 7379 1342 
3570 2978 5088 3099 
3571 5896 7637 2666 
3572 4868 4869 203 
3573 1502 4996 1222 
3574 7419 7525 1357 
3575 4161 6826 5446 
3576 4566 7638 1312 
3577 2343 7099 7089 
3578 4916 7396 4913 
3579 1313 7237 5467 
3580 4771 7179 5410 
3581 2302 7086 6621 
3582 3677 5500 3675 
3583 4712 4713 1823 
3584 1452 6782 816 
3585 969 5497 968 
3586 149 4843 148 
3587 80 6853 2087 
3588 5809 6510 5805 
3589 1310 5291 645 
3590 5282 5283 1974 
3591 5950 7336 1455 
3592 5353 7091 6952 
3593 4913 7396 4915 
3594 5359 7360 7300 
3595 2036 6859 3663 
3596 1370 8352 4550 
3597 1465 7819 5776 
3598 4966 4967 1772 
3599 5278 7037 5255 
3600 4660 8189 4792 
3601 30 5291 1874 
3602 4797 4798 4796 
3603 4690 4691 1656 
3604 5022 7719 5641 
3605 5424 7163 2342 
3606 6061 7576 3104 
3607 5139 6358 6356 
3608 3663 6859 5172 
3609 4429 8049 5226 
3610 3431 8178 7447 
3611 4321 8291 4692 
3612 4531 8282 6579 
3613 5221 8388 1430 
3614 1141 5181 1140 
3615 5554 6078 3724 
3616 5617 6587 2575 
3617 7578 7948 1685 
3618 3384 7784 5011 
3619 1497 7979 6120 
3620 5621 6997 2185 
3621 1389 5055 847 
3622 4277 7341 4276 
3623 6078 6664 6079 
3624 5045 6445 5330 
3625 7508 7875 4386 
3626 1454 7380 5957 
3627 4733 7890 4542 
3628 1427 5223 5222 
3629 5115 7641 1599 
3630 777 5824 1593 
3631 90 4860 1383 
3632 5201 6610 2579 
3633 5394 6043 5393 
3634 3977 7867 4105 
3635 340 5919 1838 
3636 7594 7664 1066 
3637 5112 7710 2396 
3638 7171 8414 6182 
3639 4845 7495 6069 
3640 5861 7888 1464 
3641 7225 7323 3486 
3642 5447 6765 4161 
3643 2092 7137 1762 
3644 4153 7703 7362 
3645 4057 5158 5081 
3646 5967 7161 5966 
3647 4674 5103 4676 
3648 4208 6610 5201 
3649 2162 6919 6209 
3650 6211 6918 2161 
3651 889 5106 1373 
3652 4138 5196 4552 
3653 1488 7575 6383 
3654 4966 5073 4967 
3655 5541 5542 1439 
3656 5966 7161 7160 
3657 5045 5927 3561 
3658 4527 5403 4634 
3659 5161 5162 3277 
3660 6385 7149 1396 
3661 1203 4950 1382 
3662 4422 8028 5616 
3663 6412 7812 4787 
3664 786 8274 4808 
3665 5312 5313 5311 
3666 1190 4973 1369 
3667 3944 5048 5047 
3668 3796 5025 3802 
3669 5119 6185 5121 
3670 4389 4392 3435 
3671 5330 6445 3574 
3672 5254 5255 1281 
3673 4786 8083 4788 
3674 3949 8344 4597 
3675 4762 7348 1301 
3676 1302 7349 4763 
3677 4712 7272 4713 
3678 3561 6445 5045 
3679 1367 4989 1189 
3680 3435 7509 280 
3681 1282 5256 880 
3682 4973 4974 4751 
3683 834 5365 833 
3684 3037 5086 3035 
3685 6431 7457 4425 
3686 5563 5567 5566 
3687 5296 6712 5293 
3688 4824 4825 1441 
3689 1337 5536 5535 
3690 4937 4941 4938 
3691 62 6665 1726 
3692 4856 7668 4855 
3693 7056 8085 4419 
3694 5164 7277 5166 
3695 2032 6483 5116 
3696 4612 8064 1604 
3697 4945 4946 4058 
3698 1449 5314 5312 
3699 5099 7549 5100 
3700 2276 5114 3622 
3701 5243 6413 5242 
3702 5164 5165 1311 
3703 4676 5103 4716 
3704 5362 8253 5361 
3705 2897 5081 2899 
3706 5034 7470 5033 
3707 1210 6966 5192 
3708 2584 5887 2586 
3709 1384 6185 5119 
3710 1502 8323 4980 
3711 5241 5242 5238 
3712 5377 5380 5379 
3713 5046 5047 4108 
3714 2265 4058 2267 
3715 70 6895 2091 
3716 15 7130 444 
3717 5223 7913 7771 
3718 1436 5919 341 
3719 424 7133 10 
3720 7076 7079 6267 
3721 5288 6560 5497 
3722 5071 5072 3304 
3723 5464 7613 3299 
3724 7182 7280 5698 
3725 4464 7475 6438 
3726 5019 7987 5021 
3727 2182 5620 2185 
3728 1566 5148 5129 
3729 5554 6664 6078 
3730 3642 5849 2427 
3731 4092 5173 5172 
3732 846 1798 845 
3733 913 1799 912 
3734 1635 5140 1152 
3735 4162 7172 3971 
3736 4728 8161 4950 
3737 2269 5071 3304 
3738 6553 8349 6054 
3739 4734 7607 1367 
3740 5108 5233 1373 
3741 5410 7179 2907 
3742 91 4848 92 
3743 2315 7079 7076 
3744 4008 6659 5557 
3745 5224 7683 7384 
3746 1266 5085 5084 
3747 1953 7040 7023 
3748 5563 5566 5565 
3749 4440 8414 7171 
3750 6162 6164 6163 
3751 3985 7681 4908 
3752 2598 5887 2584 
3753 2276 3622 3177 
3754 4702 4746 4745 
3755 3662 5171 4813 
3756 7433 7541 5005 
3757 3032 7352 6601 
3758 5200 7537 7186 
3759 2575 6587 2572 
3760 6733 7241 3332 
3761 798 5247 1543 
3762 5012 5013 1753 
3763 6156 7031 6158 
3764 5106 5107 1373 
3765 4828 7200 7112 
3766 5334 6461 5927 
3767 1337 5535 422 
3768 3943 5049 3944 
3769 4108 4665 4107 
3770 4748 8012 1367 
3771 1738 4945 2265 
3772 3192 5046 4108 
3773 3151 5556 3152 
3774 4472 7368 4424 
3775 981 7990 4834 
3776 5539 5542 5541 
3777 3037 6754 5086 
3778 4834 7994 981 
3779 2162 6209 5023 
3780 5024 6211 2161 
3781 5334 6007 3849 
3782 229 1898 228 
3783 6197 8006 5474 
3784 4401 6987 4399 
3785 4871 4873 4872 
3786 5417 5421 5420 
3787 3424 7102 4852 
3788 5927 6461 3561 
3789 5481 5483 4291 
3790 5233 5234 887 
3791 1782 5115 1161 
3792 914 1645 56 
3793 4710 8371 8220 
3794 4279 7885 6993 
3795 6255 7138 6254 
3796 4161 6765 3327 
3797 4100 4383 3613 
3798 5081 5158 3693 
3799 5125 5322 2648 
3800 2651 7937 5122 
3801 4985 4986 4984 
3802 4791 8159 2614 
3803 2886 6645 5401 
3804 3728 8304 4815 
3805 4008 5557 5556 
3806 2069 5202 2067 
3807 3192 4108 4107 
3808 4826 5082 4827 
3809 2413 5202 5059 
3810 6383 8398 1488 
3811 1780 6969 5111 
3812 2397 6992 3953 
3813 4491 5259 4489 
3814 4492 5260 4494 
3815 6978 7660 6685 
3816 5848 5850 5849 
3817 5113 5233 5108 
3818 4332 5581 4334 
3819 4111 6707 4620 
3820 5079 5080 1781 
3821 733 6186 6185 
3822 1355 6186 734 
3823 878 5254 1281 
3824 4925 5124 4924 
3825 7138 7140 6254 
3826 6018 6890 6021 
3827 1264 6322 5250 
3828 5638 8296 1520 
3829 2427 5849 3315 
3830 1436 5019 5018 
3831 5363 5365 1426 
3832 2267 5071 2269 
3833 4339 5581 4335 
3834 6282 6754 3037 
3835 3941 6444 5608 
3836 5256 5278 5254 
3837 5061 5063 5062 
3838 3606 4403 4137 
3839 5092 5337 1954 
3840 2291 6491 5591 
3841 5452 5975 3256 
3842 4519 7247 6435 
3843 212 4867 211 
3844 6209 6919 4015 
3845 4016 6918 6211 
3846 1384 5119 5117 
3847 4509 4962 4961 
3848 3070 8336 7305 
3849 5058 7134 5036 
3850 846 5055 1798 
3851 1385 7110 6853 
3852 1540 8125 4814 
3853 1588 5051 5050 
3854 1466 7795 5769 
3855 4909 7383 1410 
3856 7046 7054 6279 
3857 1344 5355 5351 
3858 3035 5086 3222 
3859 3849 6461 5334 
3860 1510 7757 6370 
3861 1751 4997 1225 
3862 5204 7772 5206 
3863 3325 6765 3654 
3864 4633 5500 3677 
3865 5287 5497 969 
3866 5868 6849 4203 
3867 1438 7246 5646 
3868 5181 5182 1567 
3869 539 7737 5909 
3870 7432 8123 7215 
3871 5776 7877 1465 
3872 5329 5410 2025 
3873 4598 8413 5244 
3874 891 6969 1780 
3875 1906 6712 1909 
3876 3548 3606 3536 
3877 204 4868 203 
3878 867 6905 1787 
3879 6952 7091 1290 
3880 6540 7586 7156 
3881 968 5497 1572 
3882 2415 7768 6173 
3883 4674 4676 4675 
3884 4991 4993 4992 
3885 4145 7561 4109 
3886 3535 3536 3534 
3887 630 5427 1563 
3888 4669 7896 1569 
3889 2313 7054 7046 
3890 1444 5264 979 
3891 6401 7103 6949 
3892 4104 4761 3819 
3893 3090 8349 6553 
3894 5821 7460 5819 
3895 2170 5378 2173 
3896 5381 5390 5379 
3897 4872 7033 1473 
3898 4927 4929 4928 
3899 4190 8060 1165 
3900 97 4937 1224 
3901 6815 8159 6417 
3902 3326 5248 3915 
3903 4056 4551 4057 
3904 2067 5202 2413 
3905 5141 5143 5140 
3906 1426 5365 834 
3907 5117 5308 1384 
3908 4951 4952 4899 
3909 4769 4772 4768 
3910 2648 5321 5125 
3911 3442 7345 3443 
3912 1342 6041 545 
3913 5210 5211 5208 
3914 5356 5732 5393 
3915 92 4644 1183 
3916 1383 4770 4769 
3917 5179 5181 1141 
3918 5377 5379 5378 
3919 1625 6985 4947 
3920 4056 4057 3158 
3921 4301 5326 5067 
3922 7390 7438 5992 
3923 7322 7661 4580 
3924 4143 6875 63 
3925 4584 8390 259 
3926 5641 8192 5022 
3927 3535 3548 3536 
3928 3851 6849 5868 
3929 5401 6645 4481 
3930 977 5261 1638 
3931 4979 6861 4977 
3932 5104 7732 5252 
3933 272 8393 4585 
3934 1808 8263 4651 
3935 6187 7669 3938 
3936 1444 5265 5264 
3937 2265 4945 4058 
3938 2396 7481 5112 
3939 5802 7213 1634 
3940 5028 5029 5026 
3941 6261 7113 6260 
3942 2969 2972 2970 
3943 5931 7506 5930 
3944 3152 5556 5408 
3945 5847 5849 3642 
3946 4435 8099 4950 
3947 4850 7977 1387 
3948 738 5355 1344 
3949 5305 6682 1934 
3950 5647 5653 5652 
3951 1950 5131 1771 
3952 280 7509 59 
3953 5384 5390 5381 
3954 3724 6974 5554 
3955 7234 7267 5471 
3956 4542 8021 4733 
3957 1930 6682 5289 
3958 5061 5064 5063 
3959 1475 5011 5010 
3960 5203 5204 1536 
3961 211 7884 210 
3962 4193 7371 7165 
3963 5528 7761 1403 
3964 320 1750 79 
3965 5175 5271 5178 
3966 5158 5163 5159 
3967 5090 5162 5161 
3968 3835 7566 5962 
3969 6706 6707 4111 
3970 2607 5321 2648 
3971 1423 8218 4812 
3972 1182 1352 91 
3973 1196 1351 95 
3974 5174 5175 1727 
3975 5376 7645 6075 
3976 7113 7117 6260 
3977 84 4287 1745 
3978 5769 7815 1466 
3979 4708 8371 4710 
3980 5603 5605 1389 
3981 5971 6867 3914 
3982 6878 7058 5653 
3983 3330 5276 4152 
3984 3277 5750 2984 
3985 5653 7058 3553 
3986 6326 7674 6497 
3987 2972 2974 2973 
3988 1317 5555 882 
3989 1608 7958 5006 
3990 5658 7775 1467 
3991 4400 8033 4401 
3992 3797 5025 3796 
3993 4826 8364 6936 
3994 5427 5428 1563 
3995 5241 5243 5242 
3996 2937 5955 5954 
3997 3271 4593 4061 
3998 731 5308 730 
3999 5493 5611 4192 
4000 2609 5321 2607 
4001 6417 7568 2617 
4002 3802 4104 3819 
4003 1840 5499 1955 
4004 4617 7588 5896 
4005 1384 5308 731 
4006 3192 4107 3193 
4007 1954 7527 4847 
4008 5064 5065 5063 
4009 5143 6903 1744 
4010 5089 5090 3099 
4011 1108 5148 1107 
4012 1744 4293 85 
4013 4665 7183 4107 
4014 44 6993 1746 
4015 4291 5610 5481 
4016 5261 5262 1638 
4017 5236 8061 4074 
4018 5289 6682 5290 
4019 1866 5337 3672 
4020 73 1773 1064 
4021 3613 4972 3548 
4022 5543 7092 5540 
4023 1142 5179 1141 
4024 1143 5174 1727 
4025 1307 5302 5301 
4026 1797 5574 5225 
4027 4767 6525 4766 
4028 4760 7095 5371 
4029 140 5580 1414 
4030 5378 5379 2173 
4031 4044 7221 7048 
4032 5792 8158 6504 
4033 3533 3535 3534 
4034 5393 6043 5356 
4035 1031 1693 72 
4036 874 5079 1781 
4037 5426 5428 5427 
4038 246 4282 245 
4039 3793 3794 3792 
4040 5388 5389 5387 
4041 2029 6483 2032 
4042 3951 8411 7593 
4043 2976 5088 2978 
4044 4812 7123 4458 
4045 5598 5601 5596 
4046 3144 5046 3141 
4047 4174 5132 5131 
4048 739 5355 738 
4049 5089 5091 5090 
4050 1764 6208 1998 
4051 1997 6210 1765 
4052 2974 3305 2976 
4053 2850 5960 2852 
4054 5650 5692 2881 
4055 3679 3680 3348 
4056 2990 7951 4792 
4057 5166 8199 5690 
4058 5453 5455 5454 
4059 6554 7246 1438 
4060 5660 5663 5662 
4061 7049 7222 4045 
4062 5153 6632 5397 
4063 5366 6827 5365 
4064 4527 4528 4526 
4065 3012 3014 3013 
4066 4741 4964 1394 
4067 4008 5556 3151 
4068 41 1686 800 
4069 61 1792 972 
4070 5238 5242 5237 
4071 2856 5953 2858 
4072 3256 5974 5452 
4073 3140 3141 3139 
4074 4736 4738 1395 
4075 911 5056 1390 
4076 5122 8174 2651 
4077 5563 5565 5561 
4078 5700 5806 5701 
4079 5253 7724 5105 
4080 7003 7010 6025 
4081 4490 7665 5600 
4082 3439 4074 3440 
4083 7585 8347 1752 
4084 5109 8100 7710 
4085 418 5541 417 
4086 4952 6953 6872 
4087 4975 4976 4974 
4088 1323 7482 7412 
4089 1587 7255 7212 
4090 3412 3413 3411 
4091 3961 7506 5931 
4092 36 5035 213 
4093 4318 5463 3387 
4094 7529 7569 5074 
4095 3943 3944 3144 
4096 4789 8029 6376 
4097 1575 6679 5138 
4098 1580 5806 5700 
4099 1940 5232 1994 
4100 5333 6007 5334 
4101 1743 5974 1699 
4102 1318 8068 4783 
4103 3925 8346 7013 
4104 3794 3797 3796 
4105 4815 8240 3728 
4106 1653 6042 1561 
4107 4644 5067 4645 
4108 6380 8062 1485 
4109 6011 6012 5788 
4110 1909 5296 5294 
4111 1104 1687 82 
4112 7305 8336 5725 
4113 3187 5280 2205 
4114 3141 5046 3192 
4115 3305 5307 5088 
4116 3305 5088 2976 
4117 1520 8421 5638 
4118 5214 7343 7169 
4119 3797 5026 5025 
4120 4436 8099 4435 
4121 302 4309 301 
4122 3262 7678 4934 
4123 5339 6520 2235 
4124 3014 3016 3015 
4125 1596 6802 1129 
4126 2162 6208 1764 
4127 1765 6210 2161 
4128 5057 5058 5036 
4129 3214 5859 5858 
4130 5207 5208 1399 
4131 5316 5317 2928 
4132 1490 7601 6074 
4133 4901 7033 4875 
4134 1303 5216 377 
4135 2040 2042 2041 
4136 5174 5271 5175 
4137 5192 5193 5190 
4138 3675 5500 5499 
4139 376 1779 8 
4140 2312 7010 7003 
4141 164 7277 5164 
4142 2042 2044 2043 
4143 1995 5251 1915 
4144 4786 4787 4785 
4145 5906 7832 3994 
4146 6163 6961 393 
4147 3796 3802 3801 
4148 1353 4093 3679 
4149 4268 8110 5160 
4150 6945 8057 1746 
4151 1285 5252 904 
4152 5141 5144 5143 
4153 4256 5332 3254 
4154 4060 4685 4619 
4155 1794 5253 855 
4156 2558 6833 2618 
4157 40 6684 1268 
4158 5289 5664 1930 
4159 2070 6761 5685 
4160 5397 6632 2083 
4161 4950 8099 1382 
4162 4808 7749 786 
4163 3542 6007 5333 
4164 4409 5060 4408 
4165 5217 5218 3550 
4166 4334 5581 5504 
4167 5015 5017 5016 
4168 675 5715 674 
4169 5902 7808 5900 
4170 3141 3192 3142 
4171 58 7533 279 
4172 7532 7562 6095 
4173 38 6321 1953 
4174 1905 5671 5292 
4175 1316 6922 1292 
4176 2157 5668 5667 
4177 1151 5145 1635 
4178 2206 2208 2207 
4179 5795 5911 1559 
4180 5010 7784 3926 
4181 3538 5476 3506 
4182 5995 5996 1280 
4183 3211 5774 5773 
4184 970 5287 969 
4185 4189 7547 4188 
4186 285 3347 284 
4187 3136 3137 3135 
4188 176 1966 175 
4189 5841 5844 5843 
4190 21 1772 530 
4191 1559 5911 462 
4192 3794 3796 3795 
4193 1107 5148 1566 
4194 3662 4813 4484 
4195 4400 8022 5472 
4196 1162 5115 1599 
4197 1582 6114 6113 
4198 879 5256 5254 
4199 4638 4639 3638 
4200 6272 7081 6273 
4201 4409 5061 5060 
4202 2005 5454 3234 
4203 2937 5954 5953 
4204 2120 5857 2122 
4205 1968 5616 1920 
4206 2147 5202 2069 
4207 889 1373 888 
4208 5570 5801 5679 
4209 7157 7371 4193 
4210 3152 5408 3917 
4211 3018 3098 3020 
4212 5303 5305 1934 
4213 4421 7124 4423 
4214 5248 5249 3915 
4215 5518 5520 5519 
4216 730 6725 729 
4217 3324 5248 3326 
4218 3131 5237 3130 
4219 3384 3385 3383 
4220 5417 5420 5415 
4221 6023 6973 6025 
4222 2169 5378 2170 
4223 2418 5842 2421 
4224 5586 7493 5917 
4225 3384 3386 3385 
4226 848 5603 1389 
4227 5848 5849 5847 
4228 2936 6867 5971 
4229 1475 5010 5009 
4230 3137 3139 3138 
4231 1784 2092 1762 
4232 876 1300 875 
4233 3234 5454 5450 
4234 5629 5630 5627 
4235 5184 7694 7572 
4236 6095 7562 1533 
4237 5600 7273 7049 
4238 5905 6343 6342 
4239 2955 5579 3208 
4240 4846 7466 3163 
4241 5967 7150 2353 
4242 2042 2043 2041 
4243 3644 5171 3662 
4244 874 1781 873 
4245 5887 6989 6842 
4246 248 7590 45 
4247 1366 7645 4840 
4248 5957 7465 1454 
4249 3168 4056 3158 
4250 4383 4972 3613 
4251 872 1650 871 
4252 2974 2976 2975 
4253 971 5203 1536 
4254 912 5056 911 
4255 6164 6961 6163 
4256 1678 1980 1644 
4257 2040 2041 2038 
4258 3440 3961 1265 
4259 2157 5729 5668 
4260 1167 5227 1558 
4261 5804 5807 5806 
4262 3538 5477 5476 
4263 1162 1599 1163 
4264 675 5716 5715 
4265 1780 5106 890 
4266 5748 6758 5183 
4267 279 7533 3639 
4268 3443 3445 3444 
4269 5084 5085 4053 
4270 1389 7842 5055 
4271 3070 6512 3029 
4272 2166 5374 2169 
4273 4824 4826 4825 
4274 1160 5331 1782 
4275 2972 2973 2970 
4276 3218 5871 5870 
4277 7081 7089 6273 
4278 3444 3971 1306 
4279 502 6118 501 
4280 1851 7528 190 
4281 2852 5960 5958 
4282 6185 6186 5121 
4283 1217 4963 1549 
4284 7388 8290 7771 
4285 5910 7844 4279 
4286 1623 7804 6337 
4287 4693 4695 4694 
4288 5596 5601 909 
4289 5308 6725 730 
4290 1403 7741 5528 
4291 1108 5568 5148 
4292 4436 6520 5339 
4293 3975 5244 5068 
4294 5499 5500 1955 
4295 422 5535 421 
4296 2413 8152 4832 
4297 5237 5242 3130 
4298 4290 5761 5610 
4299 3397 7130 15 
4300 5282 5284 5283 
4301 3909 8353 5354 
4302 3922 5405 5404 
4303 3133 3135 3134 
4304 5352 5354 5348 
4305 2126 5772 2128 
4306 979 5264 978 
4307 2969 2970 2968 
4308 7532 7535 6508 
4309 5781 6737 2513 
4310 4278 6707 6706 
4311 10 7133 3398 
4312 1699 5974 3256 
4313 5561 5565 447 
4314 499 6112 498 
4315 5374 5375 2169 
4316 4756 7521 6611 
4317 6067 6970 5682 
4318 624 5437 1857 
4319 626 5434 1514 
4320 2114 5869 2116 
4321 3062 5592 3690 
4322 3533 3534 3532 
4323 3791 3792 3790 
4324 3922 5406 5405 
4325 4810 8212 1297 
4326 2895 2897 2896 
4327 5415 5420 634 
4328 628 5431 1803 
4329 4231 5271 5174 
4330 179 1636 178 
4331 3016 3018 3017 
4332 2858 5953 5951 
4333 3387 5463 3385 
4334 4081 4734 3686 
4335 1945 5472 1963 
4336 5652 6090 5647 
4337 5191 5194 5189 
4338 5107 5108 1373 
4339 4615 8341 6029 
4340 6021 6890 3910 
4341 5991 6948 1564 
4342 2609 6580 5321 
4343 5483 7108 6477 
4344 2889 2891 2890 
4345 1130 5740 1596 
4346 5660 5662 5661 
4347 3672 5337 5092 
4348 622 5441 1721 
4349 5249 5250 3915 
4350 1431 4921 4920 
4351 2924 5948 5947 
4352 6650 8154 3738 
4353 881 1282 880 
4354 878 1281 877 
4355 5343 5352 5348 
4356 1909 5294 1910 
4357 5379 5390 2173 
4358 1635 5142 5141 
4359 290 1886 289 
4360 3542 6471 3460 
4361 3386 3387 3385 
4362 2913 5131 1950 
4363 5434 5435 1514 
4364 5437 5438 1857 
4365 300 1752 69 
4366 2618 6833 5373 
4367 2204 2206 2205 
4368 2967 2969 2968 
4369 977 1638 976 
4370 5268 8358 3633 
4371 5431 5432 1803 
4372 5445 5446 3701 
4373 5542 7512 3685 
4374 4913 4914 1740 
4375 6798 6849 2612 
4376 545 6041 544 
4377 858 5316 2928 
4378 6744 6746 6745 
4379 1138 5747 1137 
4380 5333 6471 3542 
4381 1603 5273 5272 
4382 883 1317 882 
4383 3214 5858 5857 
4384 1390 5597 5596 
4385 5845 5847 3642 
4386 1587 6119 6118 
4387 3220 5879 5878 
4388 6268 7069 6267 
4389 2915 5498 4174 
4390 2946 5575 2949 
4391 1738 2265 1880 
4392 2978 3099 2980 
4393 3606 4137 3607 
4394 1994 7072 5304 
4395 1935 5303 1934 
4396 4952 6729 4899 
4397 151 7057 25 
4398 1109 5568 1108 
4399 3622 3623 3177 
4400 2184 5258 2183 
4401 3211 5773 5772 
4402 6941 7863 7145 
4403 5436 5438 5437 
4404 2192 5298 2191 
4405 6121 6564 3543 
4406 5212 5825 2571 
4407 5433 5435 5434 
4408 1640 8183 6540 
4409 1611 6165 6161 
4410 5903 6343 5905 
4411 6935 7082 4271 
4412 5530 5531 1504 
4413 4841 5376 5375 
4414 6105 7416 7415 
4415 2206 2207 2205 
4416 1300 7347 5079 
4417 5429 5432 5431 
4418 2186 6997 2935 
4419 4979 8318 6861 
4420 1297 8391 4810 
4421 4735 4737 4736 
4422 5604 5606 5605 
4423 1165 1763 1166 
4424 4887 4888 4886 
4425 3226 5924 5923 
4426 4740 4742 4741 
4427 2969 5093 3089 
4428 7013 8346 5714 
4429 5573 6142 5572 
4430 869 1469 868 
4431 7771 8290 5223 
4432 5931 8267 3961 
4433 2937 5953 2856 
4434 5849 5850 3315 
4435 5887 6842 2586 
4436 5806 5807 5701 
4437 2205 5280 2203 
4438 2122 5857 5777 
4439 5841 5843 5842 
4440 1582 6113 6112 
4441 5597 5599 5598 
4442 5833 7859 706 
4443 5144 8305 3381 
4444 740 6646 739 
4445 879 5254 878 
4446 3075 5673 5672 
4447 2953 5579 2955 
4448 5954 5957 5952 
4449 3137 3140 3139 
4450 6 1405 106 
4451 312 1406 75 
4452 2249 5661 3191 
4453 5076 5077 4829 
4454 1763 5228 5227 
4455 1163 4816 1164 
4456 4129 4354 4130 
4457 4135 4355 4134 
4458 4958 4959 4956 
4459 5575 5576 2949 
4460 631 5427 630 
4461 2595 5445 2590 
4462 1567 6758 1139 
4463 4657 6962 4656 
4464 395 6165 1611 
4465 4267 5528 5525 
4466 744 6684 40 
4467 1550 5523 650 
4468 1842 5499 1840 
4469 419 5538 418 
4470 2108 5877 2110 
4471 3593 3613 3548 
4472 420 5530 1504 
4473 4598 5244 3975 
4474 2852 5958 2854 
4475 886 1513 885 
4476 743 6321 38 
4477 1347 5713 5712 
4478 7069 7076 6267 
4479 1917 5251 1968 
4480 5991 6942 4211 
4481 4231 5174 1144 
4482 1930 5664 1927 
4483 3481 6123 3483 
4484 1902 5671 1905 
4485 3156 5960 2850 
4486 739 6646 5355 
4487 322 4397 321 
4488 4700 4702 1381 
4489 5397 6912 5398 
4490 5739 6564 6121 
4491 5175 5178 5177 
4492 899 5318 2355 
4493 5739 5741 5740 
4494 7387 7771 6570 
4495 4267 5525 5524 
4496 2924 5947 5946 
4497 3012 3013 3011 
4498 3014 3015 3013 
4499 2353 7161 5967 
4500 5088 5307 5089 
4501 1373 5233 888 
4502 1307 5299 746 
4503 4895 5507 5506 
4504 4174 5131 2913 
4505 1583 6343 5903 
4506 6012 6207 5788 
4507 1145 4231 1144 
4508 5254 5278 5255 
4509 2895 2896 2893 
4510 5755 5756 4474 
4511 1579 6108 6107 
4512 5646 7220 1438 
4513 2102 5922 2104 
4514 2546 6614 2625 
4515 1406 4680 75 
4516 1891 6823 5469 
4517 5470 6822 1889 
4518 6255 7122 2351 
4519 5015 5016 5014 
4520 3691 6706 5753 
4521 7291 7570 5054 
4522 501 6118 6116 
4523 2202 2203 2201 
4524 3218 5870 5869 
4525 4105 5372 3270 
4526 1846 5337 1866 
4527 6391 6975 3773 
4528 4835 7667 2922 
4529 2927 5319 5318 
4530 4355 5024 4134 
4531 4129 5023 4354 
4532 1561 6042 1417 
4533 5480 5610 2625 
4534 5740 5741 1596 
4535 4387 5640 3812 
4536 1791 6189 1723 
4537 2915 4174 2913 
4538 5024 6210 4134 
4539 4129 6208 5023 
4540 3642 6206 5845 
4541 1347 5714 5713 
4542 4577 4578 4576 
4543 5342 5343 1325 
4544 2417 5842 2418 
4545 2896 5753 2893 
4546 3382 3384 3383 
4547 4952 6872 6729 
4548 5825 6663 2613 
4549 5649 5681 2815 
4550 3987 6838 3168 
4551 3654 5886 5885 
4552 3791 3793 3792 
4553 5426 7086 5428 
4554 2572 6587 2571 
4555 2858 5951 2860 
4556 2387 3644 2410 
4557 4151 7417 5492 
4558 6025 6973 3233 
4559 2980 5161 2982 
4560 4857 5163 5158 
4561 5842 5843 2421 
4562 2862 5946 2864 
4563 3483 6123 3543 
4564 2891 5753 3209 
4565 2203 5280 2409 
4566 3382 3383 3379 
4567 4592 5576 5575 
4568 4359 5681 5649 
4569 1763 5227 1166 
4570 2153 5729 2154 
4571 2116 5869 5862 
4572 2974 2975 2973 
4573 4681 4683 4682 
4574 4678 4999 4677 
4575 3209 6706 4111 
4576 3794 3795 3792 
4577 4676 4677 4675 
4578 2265 2267 2266 
4579 2411 3686 2147 
4580 4363 6737 5781 
4581 6933 8341 4615 
4582 1543 7974 4760 
4583 4152 7517 4153 
4584 5565 5566 1339 
4585 2354 6681 2053 
4586 4676 4678 4677 
4587 1110 5801 1556 
4588 1556 5568 1109 
4589 3008 3012 3011 
4590 2251 5661 2249 
4591 1070 5327 1795 
4592 1796 5328 370 
4593 5536 5537 5533 
4594 5309 6710 2377 
4595 5532 5543 5540 
4596 498 6112 6110 
4597 661 6942 5991 
4598 2885 7358 7311 
4599 2898 3158 2897 
4600 1752 8112 7585 
4601 5858 5861 5778 
4602 5602 5604 5603 
4603 5339 7087 4436 
4604 4098 4100 3613 
4605 6966 7344 5193 
4606 2128 5772 5770 
4607 5454 5455 5450 
4608 4551 4857 4057 
4609 2892 2893 2891 
4610 139 4966 21 
4611 1626 7094 4868 
4612 799 5247 798 
4613 3818 5513 4141 
4614 5401 5402 5400 
4615 5901 5916 1583 
4616 1542 5137 5136 
4617 587 6198 586 
4618 1749 5038 5037 
4619 5909 8232 539 
4620 7227 7462 4999 
4621 5597 5598 5596 
4622 2889 2890 2887 
4623 2891 3209 2890 
4624 5648 5692 5650 
4625 1264 6321 743 
4626 5467 5468 4605 
4627 3214 5857 2120 
4628 5538 5541 418 
4629 2174 5390 2177 
4630 4208 5201 4933 
4631 4705 6863 4753 
4632 456 6207 6012 
4633 7703 8065 7362 
4634 5700 6184 1580 
4635 4851 8178 3424 
4636 5488 5489 5486 
4637 2969 3089 2972 
4638 3922 5404 3919 
4639 3220 5878 5877 
4640 1587 6118 502 
4641 3137 3138 3135 
4642 5572 6142 2649 
4643 4107 6744 3193 
4644 2122 5777 2124 
4645 1887 5460 1156 
4646 2036 3663 2035 
4647 4290 5610 4291 
4648 2039 2040 2038 
4649 3621 4129 4128 
4650 4133 4134 3619 
4651 5399 5400 2906 
4652 7375 7463 5130 
4653 2158 5667 2349 
4654 5487 5490 5485 
4655 2976 2978 2977 
4656 5667 5668 4433 
4657 2894 2895 2893 
4658 4868 4870 4869 
4659 6123 6856 6122 
4660 3211 5772 2126 
4661 3345 4433 4432 
4662 1644 6876 1537 
4663 5294 5295 1995 
4664 64 7056 4520 
4665 338 5458 3643 
4666 2625 6614 5480 
4667 3140 3144 3141 
4668 396 6165 395 
4669 3018 3020 3019 
4670 5604 5605 5603 
4671 5607 7697 4493 
4672 3023 3066 3025 
4673 5482 8298 1319 
4674 37 1897 742 
4675 3386 3846 3387 
4676 875 5079 874 
4677 3378 3379 3377 
4678 4488 4960 3623 
4679 6109 7413 7249 
4680 4945 4947 4946 
4681 5246 5247 799 
4682 1582 6112 499 
4683 5562 5564 5563 
4684 5342 5352 5343 
4685 2411 4081 3686 
4686 5391 8397 7293 
4687 5622 5623 5621 
4688 5642 5643 3552 
4689 3194 5492 5491 
4690 5739 6121 5741 
4691 796 5371 1800 
4692 4448 5552 1735 
4693 3158 5081 2897 
4694 3270 5372 2229 
4695 1915 5251 1917 
4696 5773 5776 5771 
4697 2202 2204 2203 
4698 4681 4682 4680 
4699 3141 3142 3139 
4700 3226 5923 5922 
4701 3496 5642 3552 
4702 476 1786 18 
4703 5109 5112 5108 
4704 741 5342 1325 
4705 1579 6107 6106 
4706 3324 3326 3325 
4707 2590 5445 2592 
4708 3663 4101 3671 
4709 2924 5946 2862 
4710 397 6687 396 
4711 6704 6714 2664 
4712 6307 6308 6306 
4713 2173 5390 2174 
4714 5433 7276 5435 
4715 501 6116 500 
4716 1160 1782 1161 
4717 3351 5545 3960 
4718 5332 6522 3254 
4719 4005 5248 3324 
4720 4798 6794 4796 
4721 3659 6880 4546 
4722 4544 6879 3658 
4723 5380 5381 5379 
4724 2110 5877 5874 
4725 3005 6451 3003 
4726 25 1548 635 
4727 3691 5753 2896 
4728 3385 4246 3383 
4729 496 6106 495 
4730 2623 6580 2609 
4731 1406 4681 4680 
4732 4797 4799 4798 
4733 891 1780 890 
4734 5961 8061 3064 
4735 6068 6752 2300 
4736 1633 5495 5494 
4737 64 4520 291 
4738 6872 6953 6122 
4739 3133 3136 3135 
4740 3917 5408 3922 
4741 4796 6794 4794 
4742 890 5106 889 
4743 415 5574 1797 
4744 1224 1751 1225 
4745 2116 5862 2118 
4746 4278 6706 3691 
4747 3219 6035 6034 
4748 3133 5195 3136 
4749 1800 5412 795 
4750 2023 2907 2021 
4751 1994 5304 5303 
4752 4474 6030 5755 
4753 2578 5356 2580 
4754 462 5911 461 
4755 3218 5869 2114 
4756 4841 5375 5374 
4757 5533 5534 5531 
4758 3698 4903 4227 
4759 4298 4521 4299 
4760 5661 5662 3191 
4761 3622 5114 4757 
4762 5937 5939 3992 
4763 3016 3017 3015 
4764 4417 6755 6589 
4765 5530 5533 5531 
4766 4985 4987 4986 
4767 2950 5577 2953 
4768 5870 5873 5863 
4769 1910 5294 1913 
4770 5512 6193 6191 
4771 5990 6070 1614 
4772 6733 8209 7241 
4773 4376 8380 4891 
4774 2397 3953 3661 
4775 2897 2899 2896 
4776 978 5261 977 
4777 5533 5537 5534 
4778 1614 6070 595 
4779 854 5253 1286 
4780 3953 6992 6921 
4781 1801 5413 1220 
4782 1219 5414 1801 
4783 5469 6770 1891 
4784 1889 6769 5470 
4785 903 5252 1793 
4786 1913 1995 1915 
4787 2104 5922 5882 
4788 5016 8280 1476 
4789 1474 5562 5561 
4790 4622 6571 5548 
4791 5267 5270 4670 
4792 6020 6469 3221 
4793 3315 6808 5865 
4794 5399 5401 5400 
4795 1557 5745 5744 
4796 5525 5528 5527 
4797 3322 3324 3323 
4798 6280 7041 6279 
4799 5747 6758 5748 
4800 5148 5149 5129 
4801 2508 6661 5395 
4802 3326 3915 3328 
4803 2204 2205 2203 
4804 2803 6427 5611 
4805 5564 5567 5563 
4806 2188 2189 2187 
4807 2208 2209 2207 
4808 5113 5234 5233 
4809 2203 2409 2201 
4810 5585 5586 5584 
4811 4766 7126 4065 
4812 3009 6451 3005 
4813 7040 7306 7023 
4814 1556 5801 5570 
4815 745 1856 744 
4816 5393 5732 3292 
4817 498 6110 497 
4818 5521 5583 5515 
4819 1802 5515 5514 
4820 1963 5232 1942 
4821 6884 8405 240 
4822 2200 2201 2199 
4823 4058 6835 5071 
4824 1347 5712 673 
4825 1583 5903 5901 
4826 4699 4701 4700 
4827 1131 5740 1130 
4828 2959 5505 3267 
4829 3194 5493 5492 
4830 3041 6282 3038 
4831 880 5256 879 
4832 7493 7592 5917 
4833 1940 1994 1938 
4834 1619 6065 6064 
4835 4719 4722 4717 
4836 1792 5203 972 
4837 4379 7436 4378 
4838 2197 3237 2195 
4839 3471 6443 3551 
4840 1942 5232 1940 
4841 3375 3378 3377 
4842 3020 3023 3022 
4843 2200 2202 2201 
4844 6477 7564 5483 
4845 2602 5732 5356 
4846 7593 8411 6247 
4847 5495 7729 5324 
4848 1891 6770 1863 
4849 1869 6769 1889 
4850 2128 5770 2130 
4851 5789 5791 5786 
4852 1655 4668 1181 
4853 4684 4747 4683 
4854 650 5523 649 
4855 1548 5416 5415 
4856 5604 5607 5606 
4857 5365 6827 833 
4858 1938 5303 1935 
4859 6016 6469 6020 
4860 2595 5446 5445 
4861 1027 5226 1026 
4862 7712 8303 7216 
4863 3194 5611 5493 
4864 4447 8334 4446 
4865 3408 3707 3407 
4866 2826 5399 2906 
4867 3220 5877 2108 
4868 1557 5744 1136 
4869 3663 3671 2035 
4870 5428 5429 1563 
4871 2571 6587 5212 
4872 5418 5419 5416 
4873 1913 5294 1995 
4874 3027 5727 3070 
4875 3194 5491 2799 
4876 2945 5575 2946 
4877 4299 4711 1546 
4878 2887 6645 2886 
4879 5711 7584 5709 
4880 2001 5974 1743 
4881 4040 4632 3677 
4882 3232 6073 5914 
4883 5840 5842 2417 
4884 1046 6065 1619 
4885 1557 5746 5745 
4886 3674 4631 4036 
4887 4734 5059 3686 
4888 6844 6846 2090 
4889 2059 5338 2057 
4890 3352 8423 8383 
4891 1352 4848 91 
4892 1530 5716 676 
4893 2110 5874 2112 
4894 3001 6449 6199 
4895 4267 5524 3343 
4896 5296 5297 5295 
4897 3903 6809 4431 
4898 3199 6294 2047 
4899 4729 4731 4730 
4900 2025 5410 2023 
4901 5577 5579 2953 
4902 326 2939 325 
4903 745 5299 1856 
4904 1804 6515 5302 
4905 674 5715 1347 
4906 2966 5592 3062 
4907 6261 7099 2343 
4908 242 2940 241 
4909 2224 5496 2223 
4910 2042 2045 2044 
4911 3256 6042 1653 
4912 1727 5179 1142 
4913 3127 6413 3125 
4914 4465 8420 5458 
4915 3506 3597 3596 
4916 5481 5610 5480 
4917 3398 7133 6851 
4918 5878 5881 5875 
4919 3352 5338 2059 
4920 5832 5836 5835 
4921 5314 5315 5312 
4922 3207 5767 5766 
4923 1945 1963 1942 
4924 2351 7138 6255 
4925 7041 7046 6279 
4926 2864 5946 5944 
4927 1579 6106 496 
4928 3534 3539 3532 
4929 210 1353 209 
4930 5515 5583 5514 
4931 5562 5563 5561 
4932 3672 3674 3673 
4933 3676 3677 3675 
4934 7369 7406 2834 
4935 1313 5466 477 
4936 506 4715 20 
4937 3551 6443 5544 
4938 5923 5926 5883 
4939 2007 5454 2005 
4940 3852 5868 4379 
4941 2619 5732 2602 
4942 3320 3322 3321 
4943 3597 3698 3697 
4944 2611 6606 2621 
4945 3795 6727 3792 
4946 3676 4040 3677 
4947 3674 4036 3673 
4948 6181 6691 4439 
4949 1859 1860 1842 
4950 1846 1866 1865 
4951 2982 3277 2984 
4952 5599 5600 5598 
4953 7226 7340 6529 
4954 5107 5109 5108 
4955 2081 5472 1947 
4956 5983 6195 5982 
4957 3226 5922 2102 
4958 5212 6663 5825 
4959 4622 5548 3821 
4960 2967 5093 2969 
4961 5183 6758 1567 
4962 1548 5418 5416 
4963 2371 5670 3289 
4964 3207 5766 5765 
4965 632 5425 631 
4966 529 6679 1575 
4967 4575 5341 5340 
4968 3701 6826 6798 
4969 6541 7130 3397 
4970 32 1876 202 
4971 5420 5421 1568 
4972 3796 3801 3795 
4973 2580 6043 2582 
4974 2174 2177 2176 
4975 4102 7969 6064 
4976 2104 5882 2106 
4977 3163 8193 4846 
4978 3698 4227 3697 
4979 3492 6090 5652 
4980 3644 3662 2410 
4981 5304 5306 5305 
4982 5682 6970 3952 
4983 5666 6552 6007 
4984 32 6568 1876 
4985 3075 5672 3045 
4986 1994 5303 1938 
4987 908 5601 1336 
4988 2612 6606 2611 
4989 3654 5885 3323 
4990 4938 4939 1751 
4991 2578 2580 2579 
4992 854 1286 853 
4993 905 1285 904 
4994 5182 5183 1567 
4995 5500 5501 1955 
4996 5982 6195 1822 
4997 2029 2032 2027 
4998 4148 5762 5550 
4999 3385 5463 4246 
5000 625 5437 624 
5001 1985 5279 1881 
5002 2098 6033 2100 
5003 3365 5442 3368 
5004 1607 6248 411 
5005 2067 2413 2065 
5006 5868 7085 4379 
5007 2580 2582 2581 
5008 629 5431 628 
5009 2373 5670 2371 
5010 627 5434 626 
5011 856 1794 855 
5012 903 1793 902 
5013 3045 5672 3048 
5014 6607 8233 7253 
5015 3303 3977 3270 
5016 6684 6685 1268 
5017 5947 5950 5945 
5018 2020 2021 2019 
5019 3205 7483 6713 
5020 3460 6471 5754 
5021 5611 6427 4192 
5022 2927 5318 900 
5023 3992 6130 5937 
5024 4133 4135 4134 
5025 4129 4130 4128 
5026 623 5441 622 
5027 5755 6030 2363 
5028 6244 6248 1607 
5029 3136 7063 6924 
5030 4472 8127 7945 
5031 1802 5514 648 
5032 6956 8118 5578 
5033 3378 3382 3379 
5034 396 6687 6165 
5035 1998 6208 3621 
5036 3619 6210 1997 
5037 2417 5970 5840 
5038 851 5260 1335 
5039 1336 5259 907 
5040 4574 4575 3984 
5041 4536 5268 5267 
5042 5013 5015 5014 
5043 2888 2889 2887 
5044 5086 5087 5078 
5045 2854 5958 2937 
5046 7258 7421 4478 
5047 3919 5404 3921 
5048 3285 5529 1731 
5049 2027 5329 2025 
5050 2032 5336 5329 
5051 1634 5461 1172 
5052 5845 6206 5843 
5053 1004 5370 1003 
5054 6007 6552 3849 
5055 5396 6700 5395 
5056 3132 3133 3131 
5057 5428 5430 5429 
5058 1335 5602 850 
5059 1075 1441 1074 
5060 366 1440 365 
5061 369 1356 368 
5062 1072 1357 1071 
5063 4001 5889 4144 
5064 6197 6198 6194 
5065 5065 5066 5063 
5066 3285 5550 5529 
5067 3219 6034 6033 
5068 2207 3187 2205 
5069 369 5328 1356 
5070 1357 5327 1071 
5071 2037 2038 2036 
5072 1161 5115 1162 
5073 2957 5505 2959 
5074 495 6106 6104 
5075 2227 5496 2224 
5076 4154 5907 4028 
5077 4172 8180 4409 
5078 505 1823 504 
5079 226 1274 225 
5080 3654 6989 5886 
5081 2165 5374 2166 
5082 1512 5370 1004 
5083 1922 5616 2153 
5084 5602 5603 849 
5085 5051 5052 5050 
5086 3389 7037 5278 
5087 3671 6483 2035 
5088 847 5055 846 
5089 2198 2199 2197 
5090 3903 4431 4092 
5091 3505 3538 3506 
5092 858 2928 857 
5093 901 2927 900 
5094 531 5245 22 
5095 3343 5524 2257 
5096 446 5565 1339 
5097 5583 5585 5584 
5098 5116 6483 3671 
5099 2157 5667 2158 
5100 1474 5561 448 
5101 4873 4874 4872 
5102 2052 2070 2054 
5103 4077 5728 2908 
5104 4307 4840 3683 
5105 2034 2035 2031 
5106 1390 5596 910 
5107 1143 1727 1142 
5108 3322 4005 3324 
5109 646 6568 32 
5110 2705 6286 6205 
5111 2269 3304 2271 
5112 3608 5549 3482 
5113 4167 6710 5309 
5114 5521 5585 5583 
5115 3057 5235 5151 
5116 2356 5316 859 
5117 2190 2191 2189 
5118 1851 7834 5097 
5119 3379 3381 3377 
5120 2045 2046 2044 
5121 2195 5298 2192 
5122 3934 4027 3933 
5123 7341 8013 4276 
5124 1536 5287 970 
5125 5531 5532 1504 
5126 5587 5588 1534 
5127 5435 5436 1514 
5128 5432 5433 1803 
5129 3207 5765 2132 
5130 6194 6198 587 
5131 2018 2019 2017 
5132 2893 5753 2891 
5133 5686 5690 5688 
5134 5425 5427 631 
5135 3802 3819 3806 
5136 1173 1888 1174 
5137 1155 1887 1156 
5138 2864 5944 2866 
5139 5204 5206 5205 
5140 5717 5728 4077 
5141 2824 2826 2825 
5142 2310 5779 2308 
5143 5532 5540 5539 
5144 421 5530 420 
5145 1112 5678 1111 
5146 3324 3325 3323 
5147 586 6198 1470 
5148 2879 2886 2828 
5149 2645 5810 3724 
5150 2580 2581 2579 
5151 2231 3270 2229 
5152 1633 5494 1158 
5153 7019 7643 5080 
5154 5421 5423 5422 
5155 3323 5885 3321 
5156 3408 3861 3707 
5157 2273 2276 2275 
5158 5380 5382 5381 
5159 2291 5591 2290 
5160 2229 5372 2227 
5161 2055 2354 2053 
5162 1922 2153 2152 
5163 435 1753 434 
5164 5469 6823 5694 
5165 5693 6822 5470 
5166 3861 4583 3707 
5167 306 3149 305 
5168 3209 4111 3652 
5169 3711 4301 4300 
5170 5955 5956 5954 
5171 3672 3673 1868 
5172 1862 3676 3675 
5173 2592 5445 2610 
5174 2610 3701 2612 
5175 2649 6233 5572 
5176 2023 5410 2907 
5177 3531 3533 3532 
5178 5395 6661 4021 
5179 3928 4000 3929 
5180 5850 6808 3315 
5181 1047 6065 1046 
5182 2664 6216 2635 
5183 5438 5440 5439 
5184 2813 5692 5648 
5185 1048 6649 1047 
5186 6205 6286 4596 
5187 5438 5439 1857 
5188 2032 5329 2027 
5189 5294 5296 5295 
5190 3505 3506 3504 
5191 3789 3790 3788 
5192 5610 5761 2625 
5193 3303 4435 3977 
5194 3169 5339 2237 
5195 338 3643 337 
5196 7282 7298 6119 
5197 420 1504 419 
5198 417 1439 416 
5199 5218 5219 3550 
5200 4775 7934 3082 
5201 6076 6596 4169 
5202 1137 5747 1557 
5203 676 5716 675 
5204 1947 5472 1945 
5205 2860 5951 2924 
5206 749 5593 1804 
5207 3309 5553 3702 
5208 5674 5675 1554 
5209 3322 3323 3321 
5210 5450 5451 5449 
5211 867 1787 866 
5212 5674 5680 5675 
5213 3946 6959 5993 
5214 2578 2579 2576 
5215 5453 5454 2007 
5216 1989 5664 3694 
5217 2402 5323 2404 
5218 3694 4199 3337 
5219 3336 4197 3695 
5220 2597 5866 2614 
5221 4339 5582 5581 
5222 1556 5569 5568 
5223 3812 5640 3827 
5224 3320 3321 3293 
5225 4101 4124 3671 
5226 316 1386 77 
5227 103 1387 5 
5228 2061 3352 2059 
5229 461 6648 460 
5230 3695 5671 1988 
5231 4446 5171 3644 
5232 3234 5449 5448 
5233 860 5651 2356 
5234 4575 5340 3984 
5235 5132 7294 5612 
5236 2187 5258 2184 
5237 3982 5731 4245 
5238 3310 5920 4067 
5239 5406 5407 5405 
5240 4262 5545 3351 
5241 207 1375 206 
5242 2124 5777 3211 
5243 5372 5496 2227 
5244 5443 6741 1943 
5245 5363 5366 5365 
5246 3694 4200 4199 
5247 5153 5397 5155 
5248 456 6012 455 
5249 3543 6123 6121 
5250 3132 5195 3133 
5251 2043 3903 2414 
5252 3682 3683 2165 
5253 2886 5401 5399 
5254 2799 5491 2796 
5255 5392 5394 5393 
5256 5550 5762 5529 
5257 1026 5226 1505 
5258 3827 5639 5546 
5259 2237 5339 2235 
5260 949 4735 60 
5261 3176 5779 5444 
5262 1560 6010 6009 
5263 3328 5276 3330 
5264 5396 6724 6700 
5265 188 1522 187 
5266 2582 6043 2598 
5267 4753 6503 4752 
5268 4993 4994 4992 
5269 5457 8202 6220 
5270 1613 6166 6155 
5271 3962 7018 6944 
5272 1866 3672 1868 
5273 1862 3675 1860 
5274 3038 6282 3037 
5275 3701 6798 2612 
5276 161 1450 160 
5277 1159 5331 1160 
5278 5526 5659 3195 
5279 7557 8362 4874 
5280 423 1337 422 
5281 2132 5765 2134 
5282 2022 2023 2021 
5283 4626 8272 4627 
5284 2231 3303 3270 
5285 2189 3163 2187 
5286 3786 5513 3818 
5287 2595 5447 5446 
5288 5175 5177 5176 
5289 3027 3070 3029 
5290 2574 2576 2575 
5291 2163 5609 3294 
5292 1815 5696 5695 
5293 4197 4198 3695 
5294 7359 7372 6111 
5295 5832 5835 5834 
5296 3133 3134 3131 
5297 3851 5868 3852 
5298 278 3638 1284 
5299 4111 4620 4480 
5300 5678 5801 1111 
5301 2235 6520 2232 
5302 5760 6594 2485 
5303 2914 2915 2913 
5304 2017 3150 2015 
5305 3413 3426 3411 
5306 5652 5653 3553 
5307 3687 3963 3154 
5308 449 1474 448 
5309 3322 5335 4005 
5310 3963 6189 3154 
5311 4538 5998 5997 
5312 2196 2197 2195 
5313 5704 5705 3647 
5314 5704 5708 5705 
5315 3506 3596 3504 
5316 495 6104 494 
5317 3267 5703 2961 
5318 5304 5305 5303 
5319 1132 5738 1131 
5320 2118 5862 3214 
5321 500 6116 1582 
5322 8019 8334 4447 
5323 6195 6197 6194 
5324 3386 4260 3846 
5325 1583 5916 758 
5326 5783 5789 5786 
5327 1556 5570 5569 
5328 3953 4360 3661 
5329 672 5712 5710 
5330 1905 6712 1906 
5331 4695 4698 4697 
5332 4716 4717 4678 
5333 7259 7943 5072 
5334 2577 2578 2576 
5335 1543 5371 797 
5336 2034 2036 2035 
5337 3711 4300 3199 
5338 5983 6196 6195 
5339 2047 6294 2044 
5340 1173 5461 1888 
5341 5576 5577 2949 
5342 2094 6038 2096 
5343 6114 6115 6113 
5344 4382 8360 4504 
5345 5734 5742 5735 
5346 3291 3293 3292 
5347 1943 6654 5443 
5348 232 1322 231 
5349 3680 5094 3348 
5350 1169 5615 1805 
5351 4185 4207 4206 
5352 5920 5921 4067 
5353 2005 3234 2003 
5354 1468 5893 5891 
5355 2011 2923 2009 
5356 5734 5735 1503 
5357 3259 5799 5798 
5358 5629 5631 5630 
5359 3832 5759 5758 
5360 5859 5860 5858 
5361 595 6070 594 
5362 5397 5398 5155 
5363 4645 4646 1346 
5364 6944 7018 2672 
5365 6155 6157 1613 
5366 5175 5176 1727 
5367 4578 4582 4576 
5368 1606 5809 5808 
5369 2937 5958 5955 
5370 5526 5660 5659 
5371 4028 5907 4027 
5372 4030 4154 4028 
5373 2043 6294 3903 
5374 4000 4001 3929 
5375 5424 7132 5417 
5376 849 5603 848 
5377 5546 5876 3827 
5378 3180 6418 5932 
5379 6020 6890 6018 
5380 5416 5424 5417 
5381 295 3438 294 
5382 5679 5801 5678 
5383 2653 3268 2632 
5384 4346 6626 3900 
5385 1468 5891 755 
5386 2021 5277 2019 
5387 4929 5217 4928 
5388 633 5420 1568 
5389 5019 5020 5018 
5390 5284 5285 5283 
5391 3934 4028 4027 
5392 1897 5353 5352 
5393 364 4674 6 
5394 4826 4827 4825 
5395 5738 5740 1131 
5396 1735 5552 1733 
5397 2610 5445 3701 
5398 1917 1968 1920 
5399 4000 5889 4001 
5400 5392 5393 3292 
5401 4147 4416 3241 
5402 780 5973 1552 
5403 851 1335 850 
5404 911 1390 910 
5405 848 1389 847 
5406 908 1336 907 
5407 4185 4206 3700 
5408 3018 3019 3017 
5409 3231 5719 4213 
5410 5587 5618 5588 
5411 2071 6522 2072 
5412 3154 6189 1791 
5413 5323 5325 2404 
5414 4001 4144 4003 
5415 757 5897 756 
5416 4840 4841 3683 
5417 166 1551 165 
5418 2920 6877 6817 
5419 4586 4655 4116 
5420 2879 2887 2886 
5421 2009 5453 2007 
5422 2003 5448 2001 
5423 5508 5998 5510 
5424 4527 4529 4528 
5425 5620 5621 2185 
5426 5774 5775 5773 
5427 2295 5834 2298 
5428 240 8314 6884 
5429 5182 5184 5183 
5430 2949 5577 2950 
5431 5531 5543 5532 
5432 2579 6610 2576 
5433 5975 6042 3256 
5434 794 5412 1458 
5435 5595 6507 2374 
5436 194 1521 193 
5437 4204 6594 5760 
5438 3345 5667 4433 
5439 3852 4379 4378 
5440 3287 4442 3268 
5441 2582 2583 2581 
5442 6191 6467 5512 
5443 2976 2977 2975 
5444 6172 6324 1601 
5445 1221 5413 1502 
5446 1549 5414 1218 
5447 5218 5220 5219 
5448 1144 5174 1143 
5449 3977 4105 3270 
5450 3802 3806 3801 
5451 3293 5392 3292 
5452 5357 5358 1423 
5453 5576 5578 5577 
5454 1870 1871 1863 
5455 1869 1873 1872 
5456 6281 6319 6024 
5457 5514 5583 1494 
5458 5712 5713 5711 
5459 5648 5649 2815 
5460 5534 5543 5531 
5461 5681 6523 2815 
5462 2293 5834 2295 
5463 3351 3960 2311 
5464 5184 7778 7694 
5465 5891 5893 5892 
5466 446 1339 445 
5467 3208 5505 2957 
5468 2967 5703 5093 
5469 3412 3414 3413 
5470 669 5704 3647 
5471 4692 8046 4321 
5472 1159 5494 5331 
5473 1113 5674 1554 
5474 2308 5779 3176 
5475 3319 3320 3293 
5476 2963 2966 2965 
5477 497 6110 1579 
5478 3490 5652 3553 
5479 1495 5684 507 
5480 2038 6859 2036 
5481 5886 6989 5887 
5482 40 1268 239 
5483 5477 5478 4904 
5484 7048 7221 2344 
5485 757 5916 5897 
5486 4591 4592 3713 
5487 2961 2963 2962 
5488 2046 2047 2044 
5489 2797 6596 6076 
5490 4570 7159 4865 
5491 2823 5692 2819 
5492 4799 4800 4798 
5493 1989 3694 3337 
5494 3336 3695 1988 
5495 3702 6754 6282 
5496 5570 5571 5569 
5497 3922 5408 5406 
5498 7486 7627 4427 
5499 5782 5789 5783 
5500 2472 5683 2475 
5501 2586 6842 2588 
5502 2112 5874 3218 
5503 904 5252 903 
5504 2881 5692 2823 
5505 3008 3064 3012 
5506 3928 3929 3927 
5507 3443 3446 3445 
5508 3468 6443 3471 
5509 3498 5642 3496 
5510 1686 5246 800 
5511 5356 6043 2580 
5512 978 5264 5261 
5513 3250 4662 4181 
5514 4676 4716 4678 
5515 1580 6184 384 
5516 855 5253 854 
5517 6251 6252 5968 
5518 809 4740 46 
5519 2824 2825 2823 
5520 4227 4659 4465 
5521 2208 2210 2209 
5522 4442 4444 4443 
5523 2164 7928 6409 
5524 1787 5618 5587 
5525 5520 5522 5519 
5526 5248 7040 5249 
5527 5435 5619 5436 
5528 2959 2961 2960 
5529 4290 6462 5761 
5530 2031 6483 2029 
5531 1197 1345 1198 
5532 1183 1346 1184 
5533 5871 5872 5870 
5534 4245 4953 4244 
5535 2153 2154 2152 
5536 5658 5665 5655 
5537 3234 5450 5449 
5538 3195 5659 2253 
5539 5614 7064 7063 
5540 2343 7113 6261 
5541 3597 3697 3696 
5542 5348 5349 5345 
5543 1439 5574 416 
5544 1925 5664 1989 
5545 729 6725 1749 
5546 1927 5664 1925 
5547 5893 5895 5892 
5548 5375 5378 2169 
5549 5456 5457 1398 
5550 2566 5825 2613 
5551 2653 3287 3268 
5552 5644 6090 3552 
5553 5449 5452 5448 
5554 5844 5845 5843 
5555 2080 2081 1947 
5556 2955 2957 2956 
5557 2049 3199 2047 
5558 3219 6033 2098 
5559 1988 5671 1900 
5560 1606 5808 388 
5561 5672 5673 4368 
5562 5948 5949 5947 
5563 1815 5695 382 
5564 5728 6500 2908 
5565 1900 5671 1902 
5566 4041 4042 4040 
5567 4036 4038 4037 
5568 1271 4574 3984 
5569 3529 3531 3530 
5570 2957 2959 2958 
5571 174 1541 173 
5572 2705 6205 6204 
5573 798 1543 797 
5574 5719 5720 4213 
5575 3832 5758 3830 
5576 5343 5348 5345 
5577 5853 6074 5852 
5578 2889 2892 2891 
5579 1822 6366 5982 
5580 4933 4934 4207 
5581 5710 5712 5711 
5582 1897 5352 5342 
5583 1929 1930 1927 
5584 1902 1905 1904 
5585 2130 5770 3207 
5586 909 5601 908 
5587 3932 3934 3933 
5588 6856 6872 6122 
5589 4373 6295 5733 
5590 6276 6277 6269 
5591 5034 8109 1391 
5592 5516 5517 5515 
5593 2089 2913 1950 
5594 4074 4117 3440 
5595 2923 5453 2009 
5596 3289 5856 5855 
5597 1920 5616 1922 
5598 3326 3327 3325 
5599 5065 5722 5066 
5600 3214 5862 5859 
5601 3234 5448 2003 
5602 2106 5882 3220 
5603 5132 5612 5131 
5604 5643 5644 3552 
5605 4958 5188 4959 
5606 1899 1988 1900 
5607 1925 1989 1924 
5608 860 2356 859 
5609 899 2355 898 
5610 4538 5997 3656 
5611 5984 5986 5981 
5612 3982 4245 4244 
5613 5419 5424 5416 
5614 4089 5694 3166 
5615 3164 5693 4087 
5616 3232 6624 2728 
5617 6257 6258 6256 
5618 5911 6648 461 
5619 1136 5744 1135 
5620 753 5890 1806 
5621 5421 5422 1568 
5622 3134 5237 3131 
5623 2963 5703 2967 
5624 2016 2017 2015 
5625 3058 4368 3217 
5626 5295 7101 1995 
5627 4599 5127 4600 
5628 3838 6295 4373 
5629 5932 6418 3875 
5630 5038 5039 5037 
5631 3291 3292 2647 
5632 2345 7222 7049 
5633 5659 5661 2251 
5634 3848 6716 2143 
5635 5576 6799 5578 
5636 158 1637 157 
5637 1894 7075 4215 
5638 2149 2165 2150 
5639 3656 5997 2793 
5640 6026 6140 6028 
5641 3449 5666 3451 
5642 1618 6128 6058 
5643 4208 4933 4207 
5644 170 1408 169 
5645 3789 3791 3790 
5646 5535 5536 5533 
5647 1623 6337 1033 
5648 5517 5521 5515 
5649 6009 6013 6008 
5650 796 1800 795 
5651 1565 5789 5782 
5652 3790 3798 3788 
5653 4786 4788 4787 
5654 3309 3702 3076 
5655 5675 5677 5676 
5656 3237 5298 2195 
5657 3513 3599 3515 
5658 2239 3169 2237 
5659 182 1520 181 
5660 200 1518 199 
5661 154 1517 153 
5662 1787 5587 866 
5663 1133 5734 1503 
5664 3704 6473 3596 
5665 2574 2575 2572 
5666 3826 6727 3795 
5667 2554 5810 2645 
5668 5913 6549 2514 
5669 3240 4147 3241 
5670 5917 7592 1876 
5671 2953 2955 2954 
5672 1602 6179 604 
5673 3733 5876 3731 
5674 5705 5706 3647 
5675 5027 5028 5026 
5676 647 5514 1494 
5677 3211 5777 5774 
5678 1033 6337 1032 
5679 2822 2824 2823 
5680 168 1973 167 
5681 5879 5880 5878 
5682 1560 6009 454 
5683 5647 6090 5644 
5684 4082 4094 4081 
5685 2024 2025 2023 
5686 1861 1863 1862 
5687 1868 1869 1867 
5688 421 5535 5530 
5689 6010 6013 6009 
5690 3460 5754 3461 
5691 7028 8321 4625 
5692 1838 5458 339 
5693 411 6248 410 
5694 5440 7366 3235 
5695 1047 6649 6065 
5696 5416 5417 5415 
5697 6016 6020 6017 
5698 2813 5648 2811 
5699 6262 6275 6274 
5700 852 5260 851 
5701 907 5259 906 
5702 3284 6131 5864 
5703 2100 6033 3226 
5704 3062 3690 3151 
5705 673 5712 672 
5706 6108 6109 6107 
5707 4888 4889 4886 
5708 1802 5516 5515 
5709 3130 6413 3127 
5710 4632 4633 3677 
5711 5843 6206 2421 
5712 3048 5672 3058 
5713 6589 6755 6038 
5714 2286 2290 2285 
5715 5885 5886 5394 
5716 1860 5499 1842 
5717 3980 3982 3981 
5718 1634 7213 5462 
5719 1111 5801 1110 
5720 1157 5460 1633 
5721 1639 7712 7216 
5722 1582 6116 6114 
5723 6017 6018 1828 
5724 1820 5718 571 
5725 3289 5855 2369 
5726 1271 3984 313 
5727 865 5587 1534 
5728 5643 5645 5644 
5729 1217 1549 1218 
5730 1219 1801 1220 
5731 1221 1502 1222 
5732 859 5316 858 
5733 3950 6834 6787 
5734 1049 6128 1618 
5735 5852 6074 3390 
5736 2602 5356 2578 
5737 3694 5664 5289 
5738 3821 5548 3783 
5739 3517 3541 3519 
5740 6685 6686 1268 
5741 3259 5798 1776 
5742 2618 6974 5810 
5743 701 6017 1828 
5744 415 1797 414 
5745 850 5602 849 
5746 5794 8294 6818 
5747 2959 3267 2961 
5748 3254 6522 2071 
5749 794 1458 793 
5750 2188 2190 2189 
5751 1576 6101 6100 
5752 6028 6140 2494 
5753 1827 5749 678 
5754 2314 7082 6935 
5755 4875 7033 4872 
5756 6019 6023 6022 
5757 1815 6184 5697 
5758 2647 5732 2619 
5759 2819 5692 2813 
5760 1151 1635 1152 
5761 5292 5671 3695 
5762 3436 4068 3433 
5763 672 5710 671 
5764 5924 5925 5923 
5765 3125 6413 3338 
5766 185 1640 184 
5767 3596 6473 3504 
5768 172 1975 171 
5769 3531 3532 3530 
5770 2290 5591 3250 
5771 3690 4009 4008 
5772 3315 5865 2428 
5773 3787 3788 3786 
5774 4662 4729 4181 
5775 2955 3208 2957 
5776 3523 3550 3525 
5777 6492 6494 1535 
5778 3672 5092 3674 
5779 2795 3706 3656 
5780 3375 3377 3376 
5781 5837 5970 5835 
5782 2044 6294 2043 
5783 447 5565 446 
5784 3014 3057 3016 
5785 5218 5221 5220 
5786 2154 5729 2157 
5787 6414 7196 4050 
5788 4338 4339 4335 
5789 3312 5920 3310 
5790 5073 8073 4224 
5791 699 6022 1592 
5792 6534 6898 2289 
5793 1812 5680 5674 
5794 1861 1862 1860 
5795 1866 1868 1867 
5796 2391 6432 2394 
5797 6487 6489 6488 
5798 2905 5941 5940 
5799 5353 5354 5352 
5800 1576 6102 6101 
5801 3218 5874 5871 
5802 156 1974 155 
5803 2811 5648 2815 
5804 6699 6759 5933 
5805 5914 6624 3232 
5806 4067 5553 3309 
5807 3242 6129 4428 
5808 2265 2266 1880 
5809 2186 2188 2187 
5810 5463 5464 4246 
5811 5068 5069 4266 
5812 3706 4537 3656 
5813 5761 6462 2542 
5814 3506 5476 3597 
5815 1943 6723 6654 
5816 4367 4853 4849 
5817 2378 5670 2373 
5818 2163 3294 2164 
5819 5937 6130 2901 
5820 5716 7924 4296 
5821 2945 2946 2944 
5822 2826 2906 2825 
5823 1705 6919 2162 
5824 2161 6918 1708 
5825 647 1494 646 
5826 4184 4185 3700 
5827 2815 6523 2808 
5828 315 3410 314 
5829 5343 5345 5344 
5830 5675 5676 1554 
5831 4367 4849 4479 
5832 2243 3181 2241 
5833 48 7534 1544 
5834 2140 2163 2141 
5835 3975 4266 3343 
5836 1826 5804 5803 
5837 452 6008 1555 
5838 6378 6380 6088 
5839 428 1358 427 
5840 441 1359 440 
5841 438 1380 437 
5842 431 1379 430 
5843 2149 3682 2165 
5844 3846 3847 3387 
5845 2642 3851 3307 
5846 2134 5765 5763 
5847 5613 5929 4426 
5848 2072 6522 2149 
5849 6272 7079 2315 
5850 4870 4871 4869 
5851 3980 3981 1267 
5852 4592 5575 3713 
5853 5697 6184 5700 
5854 197 1639 196 
5855 2402 2404 2403 
5856 910 5596 909 
5857 5408 5409 5406 
5858 1565 5782 459 
5859 1516 5797 466 
5860 1818 5796 464 
5861 1504 5538 419 
5862 2175 7853 5197 
5863 1649 1729 1648 
5864 2795 3656 2793 
5865 2946 2949 2948 
5866 5382 5383 5381 
5867 3597 3696 3596 
5868 5648 5650 5649 
5869 5783 5785 5784 
5870 3301 3651 3650 
5871 2170 2173 2172 
5872 5735 5737 5736 
5873 2564 2565 2562 
5874 2096 6038 3219 
5875 2194 2195 2192 
5876 2781 6467 6191 
5877 2895 2898 2897 
5878 5085 5147 4053 
5879 444 1308 443 
5880 425 1309 424 
5881 3217 6630 3059 
5882 5506 5507 1453 
5883 2828 5399 2826 
5884 3847 4318 3387 
5885 4737 4809 4736 
5886 2788 2789 2786 
5887 5682 7002 3354 
5888 5800 5829 3723 
5889 5834 5835 2298 
5890 1560 6011 6010 
5891 5525 5527 5526 
5892 5404 5405 4853 
5893 2705 6204 2706 
5894 436 5009 435 
5895 4163 5044 3251 
5896 3096 6376 6374 
5897 5891 5892 5890 
5898 5800 5830 5829 
5899 2040 7100 6947 
5900 2818 2819 2813 
5901 4968 6679 1772 
5902 1729 1767 1730 
5903 4933 4935 4934 
5904 388 5808 387 
5905 4137 4437 4138 
5906 2298 5970 2299 
5907 371 1796 370 
5908 1070 1795 1069 
5909 1156 5460 1157 
5910 5641 5642 3498 
5911 1180 1655 1181 
5912 2562 5918 2560 
5913 2566 2613 2565 
5914 4473 4475 3335 
5915 1814 5742 5734 
5916 2805 6427 2803 
5917 3921 4367 4366 
5918 4989 7607 4094 
5919 4196 6759 6699 
5920 1372 5910 805 
5921 2963 2965 2962 
5922 5524 5525 3195 
5923 3980 5731 3982 
5924 3606 3607 3536 
5925 2924 5951 5948 
5926 1701 5708 5704 
5927 2564 2566 2565 
5928 2552 2554 2553 
5929 2984 5750 2986 
5930 5376 5377 5375 
5931 594 6575 593 
5932 2961 2962 2960 
5933 1954 5337 1844 
5934 2656 3300 2931 
5935 1387 4706 5 
5936 2166 2169 2168 
5937 4111 4480 3652 
5938 5556 5557 5409 
5939 3220 5882 5879 
5940 2318 5779 2310 
5941 3667 5929 3128 
5942 2582 2584 2583 
5943 2606 5866 2601 
5944 176 6841 1966 
5945 2534 6233 2649 
5946 3007 5721 3009 
5947 339 5458 338 
5948 2026 2027 2025 
5949 800 5246 799 
5950 448 5561 447 
5951 5766 5769 5764 
5952 634 5420 633 
5953 2907 5277 2021 
5954 4203 6849 6798 
5955 1355 6187 6186 
5956 2905 5942 5941 
5957 4093 4268 3679 
5958 2950 2953 2952 
5959 3880 6629 6507 
5960 6180 6181 1609 
5961 6374 6375 3096 
5962 5835 5970 2298 
5963 6842 6989 5447 
5964 5790 5791 5789 
5965 4655 4656 4116 
5966 2957 2958 2956 
5967 2943 2945 2944 
5968 2495 6134 6032 
5969 3699 3700 3651 
5970 6275 6353 688 
5971 3698 4904 4903 
5972 3529 3591 3531 
5973 5784 6207 1817 
5974 2650 6617 6318 
5975 2134 5763 2136 
5976 4681 4684 4683 
5977 78 1711 319 
5978 1325 6646 740 
5979 2794 2795 2793 
5980 1166 5227 1167 
5981 2780 2782 2781 
5982 1515 5593 750 
5983 2959 2960 2958 
5984 5697 5698 5696 
5985 1826 5803 386 
5986 5840 5970 5837 
5987 2704 5780 2479 
5988 6093 6095 6094 
5989 6058 6060 1618 
5990 3301 3650 3300 
5991 3834 5927 5045 
5992 3840 4223 3287 
5993 2259 3343 2257 
5994 2899 3693 3692 
5995 2656 3301 3300 
5996 1558 5615 1168 
5997 4050 6068 2407 
5998 3731 5876 5546 
5999 378 1303 377 
6000 2908 6500 2529 
6001 5220 5222 5219 
6002 2886 5399 2828 
6003 5782 5783 1817 
6004 7616 7976 3265 
6005 4078 5719 2144 
6006 3784 3786 3785 
6007 1171 5802 1634 
6008 3490 3553 3488 
6009 5705 5707 5706 
6010 2591 6235 2589 
6011 2966 3062 2965 
6012 4114 4586 4116 
6013 3492 5652 3490 
6014 619 1297 618 
6015 633 1568 632 
6016 630 1563 629 
6017 626 1514 625 
6018 628 1803 627 
6019 3039 6533 3040 
6020 3496 3552 3494 
6021 2601 5866 2597 
6022 900 5318 899 
6023 3219 6038 6035 
6024 4148 5123 4147 
6025 223 1654 222 
6026 4444 5125 4443 
6027 624 1857 623 
6028 4356 6320 3981 
6029 1548 5415 635 
6030 622 1721 621 
6031 3471 3551 3507 
6032 3076 6282 3041 
6033 2938 3251 2385 
6034 3399 4486 3312 
6035 5735 5736 1503 
6036 17 1700 475 
6037 5421 7132 5423 
6038 4660 4792 4068 
6039 3259 6784 5799 
6040 2389 6432 2391 
6041 2588 2595 2590 
6042 3436 5867 4660 
6043 2884 5811 4460 
6044 6022 6023 1592 
6045 3473 3715 3714 
6046 1815 5697 5696 
6047 3892 6549 5913 
6048 5963 5969 1827 
6049 3473 5754 3716 
6050 5785 5787 5784 
6051 747 1307 746 
6052 6134 6447 6032 
6053 888 5233 887 
6054 3502 6473 3547 
6055 3484 3608 3482 
6056 3226 6033 5924 
6057 1854 5762 3240 
6058 2377 6710 6655 
6059 5788 6207 5784 
6060 3502 3547 3500 
6061 5497 6560 1572 
6062 2955 2956 2954 
6063 5578 5579 5577 
6064 3480 3590 3478 
6065 689 6275 688 
6066 3390 6213 5852 
6067 2792 2793 2790 
6068 5803 5806 1580 
6069 4030 6764 4154 
6070 6088 6382 6378 
6071 2178 2181 2180 
6072 5968 6424 6251 
6073 2548 6614 2546 
6074 1729 1730 1648 
6075 2255 3195 2253 
6076 3320 5335 3322 
6077 2349 5667 3345 
6078 660 5991 1564 
6079 487 6094 1533 
6080 6121 6123 6122 
6081 6281 6340 6319 
6082 105 3980 1267 
6083 5977 5984 5981 
6084 2253 5659 2251 
6085 5897 5916 5898 
6086 1690 5933 1717 
6087 603 6179 6178 
6088 758 5916 757 
6089 3058 5672 4368 
6090 2018 2020 2019 
6091 2801 3194 2799 
6092 1167 1558 1168 
6093 3660 6632 5153 
6094 6949 7103 1571 
6095 1483 7916 5001 
6096 3482 5549 3480 
6097 3464 3473 3467 
6098 5491 5492 3706 
6099 6176 6180 6174 
6100 4442 4443 3268 
6101 6269 6350 6276 
6102 5758 5928 3830 
6103 6487 6488 6486 
6104 2174 2176 2175 
6105 6844 6869 5687 
6106 234 3265 233 
6107 6655 6710 5595 
6108 6394 7475 4464 
6109 2949 2950 2948 
6110 4266 4267 3343 
6111 3374 3375 3373 
6112 1603 5274 5273 
6113 2866 5944 2905 
6114 3712 3713 2945 
6115 6239 6247 6246 
6116 1840 1955 1811 
6117 1809 1954 1844 
6118 5583 5584 1494 
6119 6094 6095 1533 
6120 1050 6128 1049 
6121 3675 5499 1860 
6122 482 6040 6039 
6123 5645 5646 5644 
6124 5655 5665 5654 
6125 6256 6363 6257 
6126 3437 5867 3436 
6127 2574 2577 2576 
6128 3827 5640 5639 
6129 2355 5751 898 
6130 6035 6036 6034 
6131 3726 6183 4459 
6132 48 1544 255 
6133 2607 2648 2606 
6134 5831 5832 3358 
6135 2803 5611 2801 
6136 5898 5916 5901 
6137 2513 6737 5760 
6138 1859 1861 1860 
6139 1866 1867 1865 
6140 2198 2200 2199 
6141 3690 4008 3151 
6142 6268 7054 2313 
6143 3292 5732 2647 
6144 1733 3285 1731 
6145 2963 2967 2966 
6146 4801 4802 4800 
6147 1579 6110 6108 
6148 5783 5784 1817 
6149 2827 2828 2826 
6150 3334 3335 2357 
6151 4114 4116 3950 
6152 2613 2656 2655 
6153 3503 3504 3502 
6154 649 5523 1802 
6155 1576 6100 493 
6156 2822 2823 2819 
6157 649 1802 648 
6158 2428 5865 2430 
6159 5767 5768 5766 
6160 3597 5476 3698 
6161 6318 6617 3869 
6162 6478 8229 7214 
6163 3365 3368 3367 
6164 3975 5068 4266 
6165 700 6022 699 
6166 2048 2051 2050 
6167 749 1804 748 
6168 1776 5798 1778 
6169 2511 6067 2509 
6170 3500 5641 3498 
6171 2257 5524 2255 
6172 5343 5344 1325 
6173 3451 5666 3456 
6174 5382 5888 5383 
6175 5826 5827 3640 
6176 2801 5611 3194 
6177 3436 4660 4068 
6178 6788 6804 5818 
6179 3449 6552 5666 
6180 3932 3933 3215 
6181 2320 6183 3726 
6182 5112 5113 5108 
6183 797 5371 796 
6184 746 5299 745 
6185 5013 5014 1753 
6186 1564 5993 5992 
6187 2967 2968 2966 
6188 3212 3928 3927 
6189 7352 7868 6601 
6190 3461 5754 3464 
6191 3921 5404 4367 
6192 2555 2556 2554 
6193 3456 3542 3460 
6194 3342 5609 2163 
6195 4677 4679 4675 
6196 2561 2562 2560 
6197 3982 4244 3983 
6198 1730 6469 1648 
6199 3698 5476 4904 
6200 5423 7192 6621 
6201 5654 5665 3342 
6202 754 5891 5890 
6203 370 5328 369 
6204 1071 5327 1070 
6205 2475 2477 2476 
6206 2173 2174 2172 
6207 2421 6206 2422 
6208 2407 6068 2300 
6209 494 6104 1576 
6210 5525 5526 3195 
6211 2563 2564 2562 
6212 1814 5743 5742 
6213 2573 2574 2572 
6214 795 5412 794 
6215 3879 6565 3877 
6216 3240 5762 4148 
6217 2177 2178 2176 
6218 2028 2029 2027 
6219 2604 2606 2601 
6220 5816 5817 5814 
6221 3668 5498 2915 
6222 570 3646 569 
6223 2140 5654 3342 
6224 1844 5337 1846 
6225 5529 5762 1767 
6226 3300 5465 4156 
6227 2788 2790 2789 
6228 2784 2786 2785 
6229 3334 4473 3335 
6230 1068 5752 1323 
6231 6266 6272 6271 
6232 5516 5518 5517 
6233 3687 6638 3963 
6234 4022 5999 4026 
6235 4185 5617 4208 
6236 2320 3725 2318 
6237 6155 6166 6152 
6238 570 5718 3646 
6239 2070 5685 2054 
6240 5895 5896 5892 
6241 4718 4719 4717 
6242 474 6135 6071 
6243 481 6039 1401 
6244 3473 3714 3467 
6245 1812 5674 1114 
6246 2570 2572 2571 
6247 4682 4823 4680 
6248 3833 5927 3834 
6249 4195 6089 5482 
6250 5024 7399 6211 
6251 6209 7398 5023 
6252 1220 5413 1221 
6253 1218 5414 1219 
6254 2504 6140 6026 
6255 5826 5884 5828 
6256 3250 5591 4662 
6257 669 3647 668 
6258 1601 6324 607 
6259 3716 3717 3715 
6260 2905 5940 2868 
6261 1318 5915 573 
6262 5261 5263 5262 
6263 3726 4457 3725 
6264 5976 5984 5977 
6265 3480 5549 3590 
6266 3715 4321 3714 
6267 2259 3975 3343 
6268 2249 3191 2247 
6269 3700 5479 3651 
6270 4074 4241 4117 
6271 5408 5556 5409 
6272 1731 5529 1729 
6273 751 1515 750 
6274 5829 5831 3358 
6275 1795 5752 1069 
6276 897 5751 1531 
6277 381 5695 1409 
6278 3527 3529 3528 
6279 1701 5709 5708 
6280 1767 5762 1854 
6281 2405 4175 3968 
6282 6070 6575 594 
6283 2086 6435 2085 
6284 753 1806 752 
6285 2320 3726 3725 
6286 2138 2140 2139 
6287 674 1347 673 
6288 3240 4148 4147 
6289 6151 6166 399 
6290 4874 4875 4872 
6291 3981 6320 1267 
6292 1386 4905 77 
6293 2953 2954 2952 
6294 5855 5856 5757 
6295 4486 5920 3312 
6296 2938 4163 3251 
6297 3209 3652 2890 
6298 2072 2147 2069 
6299 756 1468 755 
6300 1565 5790 5789 
6301 6017 6020 6018 
6302 3075 7065 5673 
6303 1755 5933 2287 
6304 2230 2231 2229 
6305 2961 5703 2963 
6306 6152 6166 6151 
6307 236 1688 235 
6308 5790 5792 5791 
6309 3901 4346 3900 
6310 3399 4560 4486 
6311 2255 5524 3195 
6312 453 6009 6008 
6313 1138 6758 5747 
6314 2663 2664 2635 
6315 2387 3908 3644 
6316 2681 6382 2682 
6317 5204 5205 1536 
6318 2551 2552 2550 
6319 679 5963 1827 
6320 4184 6587 5617 
6321 2020 2022 2021 
6322 6176 6181 6180 
6323 1060 1420 1059 
6324 1063 1312 1062 
6325 3784 3787 3786 
6326 6266 6271 6270 
6327 3713 5575 2945 
6328 2287 3362 3182 
6329 6174 6180 600 
6330 2798 2799 2796 
6331 3092 6376 3093 
6332 5783 5786 5785 
6333 3718 3719 3717 
6334 3723 5829 2292 
6335 677 5749 1530 
6336 5669 5670 2378 
6337 2142 6701 3870 
6338 3321 5392 3293 
6339 3886 4603 4602 
6340 2014 2015 2013 
6341 2435 5826 3640 
6342 400 6151 399 
6343 5864 6133 3284 
6344 1821 5984 5976 
6345 5804 5806 5803 
6346 3726 4458 4457 
6347 2481 2513 2483 
6348 1612 6148 405 
6349 5844 5846 5845 
6350 4761 5411 3819 
6351 1613 6687 397 
6352 5836 5837 5835 
6353 3157 5756 5755 
6354 2385 5669 2378 
6355 806 1372 805 
6356 1701 5704 670 
6357 6046 6295 3838 
6358 3446 3554 3452 
6359 2367 3157 2365 
6360 2633 2653 2632 
6361 589 6366 1822 
6362 1058 1807 1057 
6363 677 1530 676 
6364 1814 5734 1134 
6365 3093 6376 3096 
6366 2149 6522 3682 
6367 2472 2475 2474 
6368 3157 5855 5757 
6369 2030 2031 2029 
6370 3833 3834 3719 
6371 5818 6214 5814 
6372 3464 5754 3473 
6373 2570 2571 2568 
6374 410 6566 409 
6375 2631 2632 2623 
6376 3020 3022 3019 
6377 6051 6066 6054 
6378 102 3442 101 
6379 5314 5484 5315 
6380 3640 6077 2436 
6381 5912 6416 4228 
6382 2094 6589 6038 
6383 315 4438 3410 
6384 4915 7323 7225 
6385 473 6071 1341 
6386 3494 6090 3492 
6387 3982 3983 3981 
6388 453 6008 452 
6389 2163 2164 2141 
6390 2552 2553 2550 
6391 1110 1556 1109 
6392 1113 1554 1112 
6393 1107 1566 1106 
6394 5956 5957 5954 
6395 3192 3193 3142 
6396 6167 6168 1602 
6397 2138 5654 2140 
6398 3962 4078 2144 
6399 4346 6674 6626 
6400 5813 5816 5814 
6401 2550 6452 2548 
6402 3737 5876 3733 
6403 2790 5997 2789 
6404 6001 6002 4125 
6405 3456 5666 3542 
6406 1270 6048 6047 
6407 2264 7542 5633 
6408 4185 4208 4207 
6409 3350 3655 2471 
6410 5242 6413 3130 
6411 603 6178 602 
6412 2502 5928 2637 
6413 1056 1597 1055 
6414 3251 5669 2385 
6415 238 3146 237 
6416 604 6179 603 
6417 2469 2471 2470 
6418 2554 2645 2553 
6419 5292 6712 1905 
6420 2186 2187 2184 
6421 2978 2980 2979 
6422 3157 5757 5756 
6423 1756 6217 1785 
6424 3574 7131 5330 
6425 4083 4895 4894 
6426 2148 2411 2147 
6427 2140 2141 2139 
6428 2783 2784 2782 
6429 4104 7470 4761 
6430 3554 3556 3555 
6431 3225 6130 3992 
6432 2610 2612 2611 
6433 2182 2185 2184 
6434 1393 5994 1126 
6435 3834 4189 4188 
6436 5972 5973 781 
6437 2796 5491 2795 
6438 3724 6078 3227 
6439 4543 4544 3658 
6440 3659 4546 4545 
6441 398 6166 1613 
6442 3920 6543 3918 
6443 1564 5992 659 
6444 1821 5976 592 
6445 4470 4568 4567 
6446 4577 4579 4578 
6447 3279 6005 4353 
6448 6817 6877 5309 
6449 5038 5040 5039 
6450 1816 5972 782 
6451 3473 3716 3715 
6452 3655 5683 2471 
6453 2371 3289 2369 
6454 5035 5036 1376 
6455 381 1409 380 
6456 2471 5683 2472 
6457 3513 3515 3514 
6458 34 1594 703 
6459 6262 6353 6275 
6460 3180 5932 4083 
6461 805 5910 804 
6462 5636 5637 5635 
6463 3225 3835 2883 
6464 4475 4476 3335 
6465 1729 5529 1767 
6466 152 1967 151 
6467 3841 6250 6249 
6468 3529 3530 3528 
6469 1554 5678 1112 
6470 2594 6235 2591 
6471 4744 4948 1195 
6472 5826 5828 5827 
6473 2876 6130 3225 
6474 1531 6487 6486 
6475 1563 5431 629 
6476 5934 5935 2901 
6477 2706 6204 2709 
6478 1857 5441 623 
6479 5392 5885 5394 
6480 1115 1812 1114 
6481 3221 6469 1730 
6482 756 5897 1468 
6483 2365 5755 2363 
6484 2780 2783 2782 
6485 2299 5970 2417 
6486 1051 6482 1050 
6487 3358 5834 2293 
6488 1169 1805 1170 
6489 2932 6046 2714 
6490 976 7056 64 
6491 1805 5802 1170 
6492 2567 2568 2566 
6493 2802 2803 2801 
6494 3762 5930 3807 
6495 1376 4867 212 
6496 4365 6323 6029 
6497 754 5890 753 
6498 3547 5641 3500 
6499 2800 2801 2799 
6500 3535 3593 3548 
6501 2943 3712 2945 
6502 3858 6416 6298 
6503 3787 3789 3788 
6504 463 5796 1559 
6505 458 5782 1817 
6506 465 5797 1818 
6507 2557 2558 2556 
6508 1272 3433 3432 
6509 1514 5437 625 
6510 2559 2560 2558 
6511 4227 4465 3697 
6512 145 1269 144 
6513 2821 2822 2819 
6514 383 1815 382 
6515 385 5803 1580 
6516 1755 2287 1960 
6517 5045 5330 4189 
6518 3503 3505 3504 
6519 5051 5053 5052 
6520 3326 3328 3327 
6521 5395 6700 2508 
6522 3058 3217 3059 
6523 2792 2794 2793 
6524 4026 5396 5395 
6525 5813 5814 2783 
6526 2817 2829 2816 
6527 6102 6103 6101 
6528 5208 5209 1399 
6529 2228 2229 2227 
6530 2787 2788 2786 
6531 1803 5434 627 
6532 5844 5851 5846 
6533 635 5415 634 
6534 5198 5199 5197 
6535 648 5514 647 
6536 3886 4602 3885 
6537 2809 2817 2816 
6538 4799 4801 4800 
6539 3331 6001 4125 
6540 4621 4622 3821 
6541 5701 5702 5699 
6542 6087 6439 2685 
6543 6026 6027 2511 
6544 3621 6208 4129 
6545 4134 6210 3619 
6546 651 1550 650 
6547 654 1545 653 
6548 657 1542 656 
6549 663 1304 662 
6550 3686 5202 2147 
6551 1674 1808 1707 
6552 1704 1810 1672 
6553 377 5216 376 
6554 3128 5929 3129 
6555 1767 1854 1768 
6556 3807 3812 3799 
6557 3501 3502 3500 
6558 3721 5908 4075 
6559 3783 3784 3782 
6560 3227 6078 3666 
6561 3507 3509 3508 
6562 3225 3991 3835 
6563 3207 5770 5767 
6564 5546 5547 3730 
6565 2140 3342 2163 
6566 488 6094 487 
6567 3310 4067 3309 
6568 5753 6706 3209 
6569 3650 5465 3300 
6570 3718 3833 3719 
6571 492 6100 6098 
6572 1595 1648 1594 
6573 2649 6142 6141 
6574 5860 5861 5858 
6575 3917 3922 3919 
6576 2811 2815 2808 
6577 1137 1557 1136 
6578 1133 1503 1132 
6579 1135 1814 1134 
6580 1140 1567 1139 
6581 2649 6141 2532 
6582 385 1580 384 
6583 3762 3799 3737 
6584 3554 3555 3452 
6585 583 6139 1529 
6586 6050 6051 1617 
6587 3515 3517 3516 
6588 3375 6792 3378 
6589 1785 6217 1991 
6590 1856 6684 744 
6591 1717 5933 1755 
6592 3887 6507 5595 
6593 2552 2555 2554 
6594 3960 6583 2311 
6595 3321 5885 5392 
6596 5334 5927 3833 
6597 6192 6339 6190 
6598 6091 6096 6092 
6599 2872 5934 2901 
6600 791 1365 790 
6601 2730 2943 2942 
6602 3716 3718 3717 
6603 5958 5959 5955 
6604 6169 6170 6168 
6605 5780 5781 2513 
6606 3900 6505 3740 
6607 2513 5760 2483 
6608 3730 5867 3437 
6609 741 1325 740 
6610 785 1392 784 
6611 2938 5962 4163 
6612 861 5651 860 
6613 4026 5395 4021 
6614 3202 5655 5654 
6615 99 1421 3 
6616 2043 2414 2041 
6617 2829 3247 2930 
6618 376 5216 1779 
6619 3300 4156 2931 
6620 4167 5309 4243 
6621 5775 5776 5773 
6622 783 1816 782 
6623 5685 6761 5686 
6624 2784 2787 2786 
6625 3828 5884 5826 
6626 2632 6580 2623 
6627 1854 3240 2093 
6628 788 1279 787 
6629 2483 5760 2485 
6630 2661 4258 3990 
6631 3202 5654 2138 
6632 596 6182 1614 
6633 5942 5943 5941 
6634 605 6167 1602 
6635 5985 5986 5984 
6636 6026 6028 6027 
6637 6091 6092 1824 
6638 2804 2805 2803 
6639 4426 5929 3667 
6640 2597 2614 2594 
6641 1130 1596 1129 
6642 5250 5276 3915 
6643 2206 6615 2208 
6644 3828 5826 2435 
6645 5949 5950 5947 
6646 5697 5699 5698 
6647 1939 1940 1938 
6648 781 5973 780 
6649 780 1552 779 
6650 1347 5715 5714 
6651 972 5203 971 
6652 2812 2813 2811 
6653 3834 4188 3719 
6654 455 6012 1560 
6655 750 5593 749 
6656 4281 5999 4024 
6657 1503 5738 1132 
6658 5547 5867 3730 
6659 2888 7042 6971 
6660 3554 4218 3556 
6661 5836 5838 5837 
6662 6239 6246 6236 
6663 3970 6866 3148 
6664 2475 2476 2474 
6665 4274 4387 3812 
6666 3560 6069 3589 
6667 5572 6233 3720 
6668 1605 6175 6174 
6669 2286 2291 2290 
6670 3288 6283 6125 
6671 1769 4448 1735 
6672 2654 3721 3720 
6673 3247 3985 2930 
6674 2287 6759 3362 
6675 1121 1360 1120 
6676 4288 5909 5908 
6677 4527 4634 4529 
6678 660 1564 659 
6679 5976 5977 1616 
6680 6238 6240 6237 
6681 5977 5979 5978 
6682 1118 1416 1117 
6683 3834 5045 4189 
6684 1127 1393 1126 
6685 2045 2311 2046 
6686 2709 6204 6201 
6687 2305 6435 2086 
6688 3412 3430 3414 
6689 6238 6241 6240 
6690 2978 2979 2977 
6691 2363 6030 2360 
6692 6050 6066 6051 
6693 3297 5442 3365 
6694 1568 5425 632 
6695 5817 5818 5814 
6696 1124 1280 1123 
6697 6072 6073 3232 
6698 6190 6339 2777 
6699 5940 5941 5936 
6700 5345 5346 5344 
6701 1468 5894 5893 
6702 2004 2005 2003 
6703 5872 5873 5870 
6704 404 6148 6147 
6705 893 6493 892 
6706 2876 3225 2883 
6707 2794 2796 2795 
6708 5042 5043 5040 
6709 2433 3828 2435 
6710 2006 2007 2005 
6711 2425 3642 2427 
6712 3682 4307 3683 
6713 732 6185 1384 
6714 1992 3723 2292 
6715 5476 5477 4904 
6716 2652 6188 2525 
6717 5274 5275 5273 
6718 2008 2009 2007 
6719 5422 5426 5425 
6720 1660 1709 1662 
6721 1668 1710 1666 
6722 2066 2067 2065 
6723 6358 7190 6359 
6724 2010 2011 2009 
6725 3517 3519 3518 
6726 6116 6117 6114 
6727 2012 2013 2011 
6728 3285 5551 5550 
6729 3359 6680 4704 
6730 2571 5825 2568 
6731 4024 5999 4022 
6732 2335 2336 2333 
6733 1272 3432 281 
6734 3720 6233 2539 
6735 2560 6833 2558 
6736 2509 6067 2523 
6737 2292 5829 3358 
6738 2901 6130 2874 
6739 2002 2003 2001 
6740 2558 2618 2556 
6741 2824 2827 2826 
6742 2685 6382 6087 
6743 6248 6566 410 
6744 2494 6464 6028 
6745 1598 6040 483 
6746 3883 3886 3885 
6747 1494 6568 646 
6748 2377 6817 5309 
6749 2656 2931 2655 
6750 2942 6628 3355 
6751 1330 8340 7533 
6752 5666 6007 3542 
6753 5799 5800 3723 
6754 6378 6382 2681 
6755 2789 5998 5508 
6756 3851 3852 3307 
6757 2564 2567 2566 
6758 4967 4968 1772 
6759 5153 5155 5154 
6760 6251 6424 682 
6761 2358 3334 2357 
6762 4459 4812 4458 
6763 2016 2018 2017 
6764 2795 5491 3706 
6765 2341 2357 2340 
6766 465 1818 464 
6767 455 1560 454 
6768 458 1817 457 
6769 460 1565 459 
6770 463 1559 462 
6771 467 1516 466 
6772 452 1555 451 
6773 2806 2809 2805 
6774 2331 2332 2329 
6775 4801 4803 4802 
6776 3556 3558 3557 
6777 2466 2469 2468 
6778 2946 2948 2947 
6779 6167 6324 6169 
6780 4158 4556 4226 
6781 3762 3807 3799 
6782 5443 6910 6741 
6783 5935 5937 2901 
6784 5568 5569 5149 
6785 2327 2328 2325 
6786 5546 5639 5547 
6787 3077 3309 3076 
6788 4443 6580 3268 
6789 5747 5748 5746 
6790 220 1275 219 
6791 4457 5444 3725 
6792 8033 8412 4401 
6793 5964 5969 5963 
6794 3157 5755 2365 
6795 3519 3521 3520 
6796 2577 2602 2578 
6797 2556 5810 2554 
6798 3160 6067 5682 
6799 1270 6047 576 
6800 3722 4288 3721 
6801 4883 4885 4881 
6802 3783 5548 3784 
6803 2267 2269 2268 
6804 1197 7750 1345 
6805 6266 6270 6263 
6806 2503 5928 2502 
6807 3510 3513 3512 
6808 2506 6026 2511 
6809 6120 6352 4394 
6810 2540 2654 2539 
6811 1050 6482 6128 
6812 2491 2492 2489 
6813 1535 6494 6493 
6814 5938 5939 5937 
6815 755 5891 754 
6816 2379 2385 2378 
6817 2943 2944 2942 
6818 4022 4026 4021 
6819 4096 4271 3206 
6820 2809 2816 2805 
6821 5710 5711 5709 
6822 5880 5881 5878 
6823 4367 5404 4853 
6824 3275 4214 4205 
6825 6100 6101 6099 
6826 2714 6046 2716 
6827 6016 6017 702 
6828 1581 6275 689 
6829 670 5704 669 
6830 2817 2830 2829 
6831 2829 2930 2816 
6832 2169 2170 2168 
6833 1283 3407 297 
6834 6276 6350 694 
6835 2477 2479 2478 
6836 3444 3972 3971 
6837 3831 6014 3832 
6838 4367 4479 4366 
6839 3721 4075 3720 
6840 5741 6953 1596 
6841 6257 6363 685 
6842 6298 6416 3601 
6843 2654 3720 2539 
6844 3521 3523 3522 
6845 1037 6335 1622 
6846 3040 6533 3043 
6847 6167 6169 6168 
6848 580 1314 579 
6849 135 1546 19 
6850 46 1394 251 
6851 60 1395 283 
6852 292 1547 65 
6853 5862 5863 5859 
6854 5120 5122 5118 
6855 3892 5913 3894 
6856 6169 6324 6172 
6857 1822 6195 6194 
6858 2574 6602 2577 
6859 4228 6416 3858 
6860 2802 2804 2803 
6861 3839 6213 2721 
6862 2493 2495 2492 
6863 3096 6375 3097 
6864 572 5915 1820 
6865 481 1401 480 
6866 3414 3415 3413 
6867 5588 5589 1534 
6868 4169 6596 3190 
6869 2780 5813 2783 
6870 702 6017 701 
6871 4020 4021 4019 
6872 3589 6288 3563 
6873 3887 5595 3889 
6874 2367 5855 3157 
6875 1040 6330 1621 
6876 492 6098 491 
6877 2825 2881 2823 
6878 2544 5761 2542 
6879 4288 5908 3721 
6880 2496 6134 2495 
6881 3812 3827 3799 
6882 1649 1731 1729 
6883 2323 2324 2321 
6884 3102 6375 6369 
6885 5935 5938 5937 
6886 558 1702 557 
6887 5830 5833 5831 
6888 2549 2550 2548 
6889 3523 3525 3524 
6890 1168 5615 1169 
6891 213 5035 1376 
6892 6018 6021 6019 
6893 1172 5461 1173 
6894 3558 6069 3560 
6895 671 1701 670 
6896 2793 5997 2790 
6897 4201 4202 2880 
6898 2645 3724 3227 
6899 4012 6200 5002 
6900 5019 5021 5020 
6901 2804 2806 2805 
6902 2089 2914 2913 
6903 679 1827 678 
6904 6018 6019 1828 
6905 2561 2563 2562 
6906 5977 5981 5979 
6907 2386 2938 2385 
6908 2491 2493 2492 
6909 2487 2491 2489 
6910 4052 7447 4900 
6911 3649 6188 2652 
6912 661 5991 660 
6913 2481 5780 2513 
6914 5777 5778 5774 
6915 1114 5674 1113 
6916 2713 6200 4012 
6917 2784 2785 2782 
6918 1941 1942 1940 
6919 2637 5928 5758 
6920 2876 2883 2877 
6921 2709 6201 6200 
6922 3471 3507 3472 
6923 5852 6213 3839 
6924 577 1270 576 
6925 3525 3527 3526 
6926 283 4815 282 
6927 489 6091 1824 
6928 5798 5799 3723 
6929 2730 2942 2941 
6930 3556 3557 3555 
6931 3331 4125 4077 
6932 5978 6366 1616 
6933 2436 6077 2438 
6934 1574 5964 5963 
6935 7212 7255 4713 
6936 6523 6582 2809 
6937 6237 6245 6239 
6938 6236 6246 407 
6939 2899 3692 3691 
6940 6169 6171 6170 
6941 2682 6382 2685 
6942 493 6100 492 
6943 2307 3282 2305 
6944 4967 4970 4969 
6945 340 1838 339 
6946 5198 5200 5199 
6947 3807 4274 3812 
6948 6231 6368 6232 
6949 1610 6238 6237 
6950 4137 7268 4437 
6951 3405 6414 4050 
6952 484 1598 483 
6953 5985 5987 5986 
6954 2190 2192 2191 
6955 2670 3331 2908 
6956 2477 2478 2476 
6957 5934 5940 5936 
6958 2625 5761 2544 
6959 1605 6177 6175 
6960 1821 5985 5984 
6961 2362 2363 2360 
6962 6175 6176 6174 
6963 5997 5998 2789 
6964 2438 6077 2441 
6965 470 1412 469 
6966 473 1341 472 
6967 2339 2340 2337 
6968 3048 3058 3054 
6969 2477 2704 2479 
6970 6098 6100 6099 
6971 4280 4281 4024 
6972 5925 5926 5923 
6973 3558 3560 3559 
6974 5360 5361 5358 
6975 6051 6054 6053 
6976 2782 6467 2781 
6977 1829 6066 6050 
6978 3429 4212 3705 
6979 1052 6050 1617 
6980 1913 1915 1914 
6981 2538 2539 2536 
6982 29 1368 644 
6983 637 1366 28 
6984 663 6000 1304 
6985 2546 2625 2544 
6986 2670 2908 2529 
6987 6507 6629 2374 
6988 2798 2800 2799 
6989 5874 5875 5871 
6990 4083 5932 4895 
6991 2435 3640 2436 
6992 1158 5494 1159 
6993 2427 3315 2428 
6994 399 6166 398 
6995 5676 5679 5678 
6996 1813 6000 664 
6997 3560 3563 3562 
6998 5951 5952 5948 
6999 123 1277 122 
7000 119 1276 118 
7001 2469 2470 2468 
7002 2433 2435 2434 
7003 7311 7358 6115 
7004 2425 2427 2426 
7005 3790 6727 3798 
7006 6330 6331 1621 
7007 387 5808 1826 
7008 3434 3436 3433 
7009 2685 6439 2686 
7010 4394 6352 3856 
7011 6832 6897 6045 
7012 2364 2365 2363 
7013 6144 6149 1825 
7014 2471 2472 2470 
7015 4212 4369 3705 
7016 2870 5934 2872 
7017 382 5695 381 
7018 4244 4377 3983 
7019 4195 5482 5481 
7020 2292 3358 2293 
7021 6002 6041 4125 
7022 4201 4811 4202 
7023 2568 5825 2566 
7024 4921 4926 4925 
7025 2469 3350 2471 
7026 1826 5805 5804 
7027 2872 2901 2874 
7028 2487 2489 2488 
7029 572 1820 571 
7030 2837 6605 3175 
7031 6488 6531 6486 
7032 6263 6270 691 
7033 3106 6368 6231 
7034 2493 2496 2495 
7035 5882 5883 5879 
7036 482 6039 481 
7037 2485 2487 2486 
7038 6078 6079 3666 
7039 5977 5978 1616 
7040 6357 6361 6360 
7041 2324 6183 2321 
7042 404 6147 403 
7043 1992 2292 1993 
7044 3295 6089 4195 
7045 2534 2649 2532 
7046 2614 6235 2594 
7047 3914 6867 2282 
7048 5982 6366 5978 
7049 6023 6025 6024 
7050 2048 6583 2051 
7051 3102 6369 6368 
7052 3499 3500 3498 
7053 3325 3654 3323 
7054 2637 3278 2638 
7055 3278 6005 3279 
7056 1894 4215 3162 
7057 1054 1829 1053 
7058 6457 8300 4595 
7059 4206 5479 3700 
7060 4184 5617 4185 
7061 405 6148 404 
7062 5904 7773 5902 
7063 2613 2655 2565 
7064 2530 2670 2529 
7065 2697 6133 3844 
7066 3589 6289 6288 
7067 5768 5769 5766 
7068 1869 1889 1873 
7069 1871 1891 1863 
7070 5613 5614 5195 
7071 5632 5633 5631 
7072 6110 6111 6108 
7073 3097 6375 3102 
7074 1134 5734 1133 
7075 387 1826 386 
7076 4018 4019 3649 
7077 3291 3319 3293 
7078 2483 2485 2484 
7079 1610 6237 6236 
7080 2517 5928 2503 
7081 3813 5930 3762 
7082 6297 6433 6415 
7083 2577 6602 2615 
7084 4529 4530 4528 
7085 3061 3078 3069 
7086 1557 5747 5746 
7087 3301 3699 3651 
7088 6299 6323 4365 
7089 3331 4077 2908 
7090 6023 6024 1592 
7091 1991 3907 3255 
7092 6329 6331 6330 
7093 2592 2610 2599 
7094 2727 6072 3232 
7095 1573 6096 6091 
7096 1778 5798 1992 
7097 2833 6126 2830 
7098 6489 6490 6488 
7099 2874 2876 2875 
7100 6272 6273 6271 
7101 3242 3848 2143 
7102 1876 6568 5917 
7103 5979 5980 5978 
7104 599 6180 1609 
7105 1605 6174 601 
7106 591 5976 1616 
7107 6249 6250 3427 
7108 3405 4050 2407 
7109 5686 6761 5690 
7110 4348 4349 3924 
7111 5759 6006 6005 
7112 6319 6340 697 
7113 6092 6093 1824 
7114 2646 2647 2619 
7115 2499 2500 2496 
7116 401 6144 1825 
7117 2523 6067 3160 
7118 3843 6001 3331 
7119 147 1278 146 
7120 2523 3160 3159 
7121 1734 6341 1774 
7122 1933 1934 1931 
7123 2430 5865 2433 
7124 5830 5831 5829 
7125 6033 6034 5924 
7126 5893 6234 5895 
7127 3290 3291 2647 
7128 3006 5961 3008 
7129 3683 5374 2165 
7130 6051 6053 6052 
7131 3350 4375 3655 
7132 4596 6286 3845 
7133 454 6009 453 
7134 3924 6543 3920 
7135 3160 3354 3349 
7136 2479 5780 2481 
7137 2866 2905 2868 
7138 6246 6247 1612 
7139 1126 5994 1125 
7140 5482 5483 5481 
7141 2033 2034 2031 
7142 2502 2637 2512 
7143 6379 6588 6383 
7144 6371 6375 6374 
7145 3425 3429 3428 
7146 3567 6298 3601 
7147 3760 3900 3740 
7148 2446 2449 2448 
7149 2442 2445 2444 
7150 2422 6206 2425 
7151 3722 4289 4288 
7152 5744 5745 5743 
7153 2319 2320 2318 
7154 1135 5744 1814 
7155 659 5992 658 
7156 2692 6133 2694 
7157 3330 4152 3710 
7158 2422 2425 2424 
7159 2418 2421 2420 
7160 6149 6150 1825 
7161 2438 2441 2440 
7162 2299 2417 2416 
7163 3558 3559 3557 
7164 2430 2433 2432 
7165 2830 6126 2829 
7166 2725 6213 3390 
7167 2136 5763 3202 
7168 2136 3202 2138 
7169 5943 6215 5941 
7170 1574 5963 680 
7171 2878 2879 2828 
7172 3831 3832 3830 
7173 2536 6233 2534 
7174 2450 2453 2452 
7175 6369 6375 6371 
7176 2779 2780 2778 
7177 574 1318 573 
7178 3279 4353 3627 
7179 2694 6133 2697 
7180 6696 6749 1918 
7181 3160 5682 3354 
7182 3043 3075 3045 
7183 3552 6090 3494 
7184 3560 3589 3563 
7185 4059 6014 3831 
7186 6242 6243 6241 
7187 2295 2298 2297 
7188 2654 3722 3721 
7189 3836 4217 3229 
7190 1595 1649 1648 
7191 1618 6649 1048 
7192 583 1529 582 
7193 3428 6249 3422 
7194 2481 2483 2482 
7195 2884 4460 3189 
7196 1171 1634 1172 
7197 1157 1633 1158 
7198 1828 6022 700 
7199 4019 6188 3649 
7200 3761 3762 3737 
7201 2643 3831 3830 
7202 2495 6032 6031 
7203 3485 3486 3484 
7204 213 1376 212 
7205 5736 5739 5738 
7206 2691 6081 3284 
7207 464 5796 463 
7208 459 5782 458 
7209 466 5797 465 
7210 6368 6369 6232 
7211 3487 3488 3486 
7212 3845 6286 2699 
7213 4819 6946 6318 
7214 5148 5568 5149 
7215 6024 6319 1592 
7216 678 5749 677 
7217 782 5972 781 
7218 1575 6356 6355 
7219 4059 6015 6014 
7220 4819 6318 3937 
7221 2569 2570 2568 
7222 2196 2198 2197 
7223 1829 6050 1053 
7224 3483 3484 3482 
7225 2860 2924 2862 
7226 6278 6279 6277 
7227 5758 5759 3278 
7228 3023 3024 3022 
7229 2469 6463 3350 
7230 2817 2831 2830 
7231 217 1976 216 
7232 829 1728 828 
7233 3464 3467 3465 
7234 6240 6245 6237 
7235 2501 2502 2500 
7236 3877 6485 2384 
7237 6647 6683 3902 
7238 3278 3279 2638 
7239 3841 6449 6250 
7240 3456 3460 3457 
7241 2454 2457 2456 
7242 571 5718 570 
7243 2800 2802 2801 
7244 1778 1992 1965 
7245 6118 6119 6117 
7246 3481 3482 3480 
7247 2317 2318 2310 
7248 701 1828 700 
7249 3489 3490 3488 
7250 2868 5940 2870 
7251 3284 6133 2692 
7252 3479 3480 3478 
7253 2366 2367 2365 
7254 3099 5161 2980 
7255 3560 3562 3559 
7256 2831 2880 2832 
7257 474 6071 473 
7258 6199 6449 3841 
7259 5965 5966 5964 
7260 3838 4373 3839 
7261 5795 8294 5794 
7262 3429 3705 3428 
7263 5941 6215 5936 
7264 4702 4936 4746 
7265 2528 2529 2522 
7266 2538 2540 2539 
7267 4788 4789 4787 
7268 215 1290 214 
7269 1615 6145 6144 
7270 2874 6130 2876 
7271 4171 6804 6788 
7272 5634 5635 5633 
7273 4012 5001 4013 
7274 4373 4374 3839 
7275 6125 6285 3288 
7276 614 2922 613 
7277 6237 6239 6236 
7278 2376 2378 2373 
7279 6121 6122 5741 
7280 3563 3564 3562 
7281 3838 3839 2721 
7282 2779 5813 2780 
7283 5001 5003 4013 
7284 3477 3478 3476 
7285 2854 2937 2856 
7286 2780 2781 2778 
7287 6265 6267 6264 
7288 6280 7010 2312 
7289 2786 5508 2785 
7290 3563 3565 3564 
7291 6201 6204 6203 
7292 3827 5876 3799 
7293 416 5574 415 
7294 2637 2638 2512 
7295 2504 6026 2506 
7296 3799 5876 3737 
7297 4012 4013 2932 
7298 6200 6201 5002 
7299 1825 6151 400 
7300 3844 4594 3845 
7301 3491 3492 3490 
7302 1822 6194 588 
7303 1915 1917 1916 
7304 3966 6703 6658 
7305 597 6182 596 
7306 2315 7081 6272 
7307 606 6167 605 
7308 611 1600 610 
7309 616 1410 615 
7310 599 1609 598 
7311 608 1601 607 
7312 593 1821 592 
7313 591 1616 590 
7314 596 1614 595 
7315 602 1605 601 
7316 605 1602 604 
7317 2506 2511 2509 
7318 6259 6260 6258 
7319 6253 6254 6252 
7320 6035 6037 6036 
7321 1577 6252 6251 
7322 1699 3256 1653 
7323 5793 5794 5792 
7324 3818 4141 4140 
7325 1589 6277 6276 
7326 3835 5811 2883 
7327 6196 6197 6195 
7328 3841 6249 3428 
7329 3844 3845 2699 
7330 3493 3494 3492 
7331 4913 4915 4914 
7332 3844 6133 5864 
7333 2516 2517 2503 
7334 4594 4595 3845 
7335 3784 3785 3782 
7336 1584 6264 6263 
7337 2719 3838 2721 
7338 6270 6271 1581 
7339 3390 6074 6072 
7340 2000 2001 1743 
7341 1774 3259 1776 
7342 3699 4184 3700 
7343 3390 6072 2727 
7344 6555 6752 6068 
7345 1573 6097 6096 
7346 1578 6258 6257 
7347 6204 6205 6203 
7348 2758 6309 2757 
7349 2713 4012 2932 
7350 2922 7905 4837 
7351 2645 3227 2657 
7352 2697 3844 2699 
7353 4374 5854 5853 
7354 3495 3496 3494 
7355 6141 6142 3843 
7356 1589 6340 6278 
7357 584 6139 583 
7358 3216 3950 2213 
7359 3735 3737 3733 
7360 3497 3498 3496 
7361 6150 6153 6152 
7362 4036 4037 3673 
7363 3676 4041 4040 
7364 3046 3076 3041 
7365 6201 6202 5002 
7366 5759 6005 3278 
7367 3425 3428 3422 
7368 3446 3452 3447 
7369 6087 6382 6088 
7370 4537 4538 3656 
7371 733 6185 732 
7372 732 1384 731 
7373 5333 5334 3833 
7374 3788 5513 3786 
7375 2369 5855 2367 
7376 2404 2405 2403 
7377 3420 6249 3427 
7378 5448 5974 2001 
7379 2559 2561 2560 
7380 4083 4894 4084 
7381 1532 5651 861 
7382 6346 6349 6348 
7383 2932 6295 6046 
7384 5934 5936 5935 
7385 2883 5811 2884 
7386 6415 6433 6224 
7387 386 5803 385 
7388 735 1355 734 
7389 1732 6341 1734 
7390 6317 6410 6316 
7391 4075 5573 5572 
7392 1394 4308 251 
7393 1584 6350 6265 
7394 6274 6275 1581 
7395 3745 6367 3743 
7396 3344 6124 2075 
7397 4818 4819 3937 
7398 2643 3830 2517 
7399 5846 5847 5845 
7400 738 1344 737 
7401 2725 3390 2727 
7402 2749 6351 2746 
7403 3468 3471 3470 
7404 6271 6274 1581 
7405 6278 6340 6281 
7406 2502 2512 2500 
7407 4649 6303 6302 
7408 1578 6353 6259 
7409 671 5710 1701 
7410 2130 3207 2132 
7411 1615 6146 6145 
7412 483 6040 482 
7413 3880 3881 2383 
7414 2124 3211 2126 
7415 1733 5552 3285 
7416 3354 4053 3349 
7417 6231 6420 3106 
7418 3180 4083 3401 
7419 2872 2874 2873 
7420 2118 3214 2120 
7421 6278 6280 6279 
7422 4175 4534 3968 
7423 3830 5928 2517 
7424 3657 6082 6081 
7425 1577 6363 6253 
7426 3160 3349 3159 
7427 2761 6309 2758 
7428 3660 5153 5152 
7429 2518 2643 2517 
7430 6082 6086 6081 
7431 742 5342 741 
7432 6081 6131 3284 
7433 1170 5802 1171 
7434 3062 3151 3063 
7435 5770 5771 5767 
7436 2654 6462 3722 
7437 2112 3218 2114 
7438 680 5963 679 
7439 6519 7568 4935 
7440 6265 6350 6269 
7441 3345 4432 3400 
7442 2226 2227 2224 
7443 2458 2461 2460 
7444 3359 4704 4703 
7445 6145 6149 6144 
7446 3824 6466 4931 
7447 1038 6335 1037 
7448 589 1822 588 
7449 6259 6353 6262 
7450 4123 5912 4814 
7451 5041 5042 5040 
7452 2479 2481 2480 
7453 2254 2255 2253 
7454 2499 2501 2500 
7455 6253 6363 6256 
7456 1573 6091 490 
7457 1589 6278 6277 
7458 3657 6081 2691 
7459 2256 2257 2255 
7460 4649 6302 6301 
7461 2284 2286 2285 
7462 6383 6588 4573 
7463 6608 6661 2508 
7464 1024 6429 6428 
7465 2234 2235 2232 
7466 4123 6416 5912 
7467 2848 3156 2850 
7468 3719 5906 3717 
7469 2725 2727 2726 
7470 2831 2832 2830 
7471 2689 3657 2691 
7472 6265 6268 6267 
7473 383 6184 1815 
7474 3227 3666 3295 
7475 1635 5145 5142 
7476 3842 4059 3831 
7477 2637 5758 3278 
7478 576 6047 575 
7479 2745 6351 6316 
7480 1992 5798 3723 
7481 1041 6330 1040 
7482 3423 3425 3422 
7483 6153 6154 6152 
7484 3786 3818 3785 
7485 1584 6265 6264 
7486 2106 3220 2108 
7487 3878 3879 3877 
7488 2462 2465 2464 
7489 4353 6137 3627 
7490 2728 2730 2729 
7491 4888 4890 4889 
7492 6083 6084 6082 
7493 6259 6261 6260 
7494 1535 6493 893 
7495 6289 6290 3853 
7496 1592 6319 698 
7497 6264 6266 6263 
7498 2870 5940 5934 
7499 573 5915 572 
7500 3837 4201 2880 
7501 406 6246 1612 
7502 2136 2138 2137 
7503 5899 6234 5894 
7504 1578 6259 6258 
7505 1577 6253 6252 
7506 3883 3885 3881 
7507 3395 3877 2384 
7508 3409 7803 296 
7509 4073 5279 1985 
7510 2670 6141 3843 
7511 3501 3503 3502 
7512 6253 6255 6254 
7513 2653 3840 3287 
7514 4020 4022 4021 
7515 5321 6580 4443 
7516 3565 3567 3566 
7517 4374 5853 5852 
7518 3126 6299 3317 
7519 6051 6052 1617 
7520 3565 3566 3564 
7521 2613 6663 2656 
7522 2727 3232 2728 
7523 3212 3927 1948 
7524 6356 6357 6355 
7525 2498 2499 2496 
7526 1767 1768 1730 
7527 1576 6104 6102 
7528 5965 6424 5968 
7529 1991 6217 3907 
7530 3006 3007 3005 
7531 3568 3569 3567 
7532 5898 5899 5894 
7533 6218 6220 3612 
7534 2710 6200 2713 
7535 3008 3011 3007 
7536 3567 3601 3566 
7537 5838 5839 5837 
7538 3420 3427 3417 
7539 2719 2721 2720 
7540 3350 6463 4376 
7541 205 1626 204 
7542 2722 2725 2724 
7543 2713 2932 2714 
7544 1368 6212 644 
7545 2870 2872 2871 
7546 2308 3176 2307 
7547 2766 6287 3184 
7548 3887 3889 3888 
7549 6290 6292 3853 
7550 2516 2518 2517 
7551 2946 2947 2944 
7552 5165 5167 1311 
7553 2022 2024 2023 
7554 7181 7192 5423 
7555 2433 5865 3828 
7556 3581 6219 6218 
7557 2583 2605 2581 
7558 3565 3568 3567 
7559 1863 6770 1862 
7560 1868 6769 1869 
7561 3317 6299 4365 
7562 2549 2551 2550 
7563 2670 3843 3331 
7564 4634 4635 4529 
7565 2716 6046 2719 
7566 3731 5546 3730 
7567 1594 6016 703 
7568 2287 3182 1960 
7569 5656 5657 5655 
7570 5116 8284 5336 
7571 3568 3570 3569 
7572 3627 6137 3629 
7573 1610 6236 408 
7574 1615 6144 402 
7575 3461 3464 3463 
7576 503 1587 502 
7577 489 1824 488 
7578 497 1579 496 
7579 500 1582 499 
7580 491 1573 490 
7581 494 1576 493 
7582 487 1533 486 
7583 3264 4097 3393 
7584 478 1313 477 
7585 2570 6045 2573 
7586 3889 4167 4166 
7587 1577 6251 683 
7588 703 6016 702 
7589 2567 2569 2568 
7590 2829 6126 3247 
7591 2165 2166 2150 
7592 2252 2253 2251 
7593 2950 2952 2951 
7594 1589 6276 695 
7595 3729 3730 3437 
7596 1584 6263 692 
7597 690 6270 1581 
7598 600 6180 599 
7599 601 6174 600 
7600 6086 6132 6131 
7601 592 5976 591 
7602 3722 6462 4290 
7603 1578 6257 686 
7604 1267 4052 104 
7605 14 7662 4762 
7606 4763 7663 11 
7607 759 6343 1583 
7608 3135 5185 3134 
7609 2697 2699 2698 
7610 5117 5118 5042 
7611 2570 2573 2572 
7612 4876 4877 4875 
7613 1574 6424 5965 
7614 3421 3422 3420 
7615 3451 3456 3454 
7616 6104 6105 6102 
7617 4057 5081 3158 
7618 2222 2223 2220 
7619 4982 5197 4981 
7620 3692 4279 4278 
7621 2425 6206 3642 
7622 1024 6428 1023 
7623 4018 4020 4019 
7624 6137 6138 3629 
7625 34 1595 1594 
7626 2485 2486 2484 
7627 1574 5965 5964 
7628 2487 2488 2486 
7629 5660 5661 5659 
7630 3581 6218 3582 
7631 3816 6484 4237 
7632 3106 6420 3107 
7633 2435 2436 2434 
7634 4797 4808 4799 
7635 2331 2333 2332 
7636 6172 6173 6171 
7637 2427 2428 2426 
7638 2700 6286 2705 
7639 3118 6285 3854 
7640 6492 6531 6488 
7641 136 4229 135 
7642 2716 2719 2718 
7643 5988 5989 5987 
7644 2710 2713 2712 
7645 6346 6348 6344 
7646 3726 4459 4458 
7647 1824 6094 488 
7648 2706 2709 2708 
7649 5119 5120 5118 
7650 2691 3284 2692 
7651 5657 5658 5655 
7652 6331 6332 1621 
7653 586 1470 585 
7654 3422 6249 3420 
7655 1906 1909 1908 
7656 3856 6352 6287 
7657 2868 2870 2869 
7658 2465 2466 2464 
7659 6289 6291 6290 
7660 5965 5967 5966 
7661 6316 6410 2745 
7662 3696 4522 3704 
7663 602 6178 1605 
7664 2700 2705 2702 
7665 3969 3970 3148 
7666 6367 6683 6647 
7667 3573 6297 3577 
7668 6053 6055 6052 
7669 2381 3880 2383 
7670 2208 6615 2387 
7671 2555 2557 2556 
7672 2142 3870 3239 
7673 1039 6333 1038 
7674 2292 2293 1993 
7675 6325 6326 1620 
7676 2144 5719 3231 
7677 2721 6213 2722 
7678 4914 6556 1740 
7679 3334 6030 4474 
7680 2777 6339 6338 
7681 2445 2446 2444 
7682 392 1608 391 
7683 406 1612 405 
7684 395 1611 394 
7685 398 1613 397 
7686 412 1607 411 
7687 409 1610 408 
7688 389 1606 388 
7689 403 1615 402 
7690 401 1825 400 
7691 3702 6282 3076 
7692 6112 6113 6111 
7693 6369 6370 6232 
7694 5944 5945 5942 
7695 2495 6031 2492 
7696 2449 2450 2448 
7697 2483 2484 2482 
7698 2327 2329 2328 
7699 1774 6341 3259 
7700 2441 2442 2440 
7701 2433 2434 2432 
7702 2768 6287 2766 
7703 2425 2426 2424 
7704 2501 6434 2515 
7705 2905 5944 5942 
7706 2529 6500 2522 
7707 3475 3476 3459 
7708 5990 6354 5989 
7709 2421 2422 2420 
7710 1042 6328 1041 
7711 2746 6351 2745 
7712 4794 6076 4169 
7713 2492 2494 2489 
7714 693 1584 692 
7715 696 1589 695 
7716 684 1577 683 
7717 699 1592 698 
7718 681 1574 680 
7719 687 1578 686 
7720 690 1581 689 
7721 2417 2418 2416 
7722 561 1266 560 
7723 2694 2697 2696 
7724 2883 2884 2877 
7725 2453 2454 2452 
7726 3010 5961 3006 
7727 588 6194 587 
7728 6379 6383 6381 
7729 2298 2299 2297 
7730 1619 6336 1045 
7731 2569 6045 2570 
7732 2100 3226 2102 
7733 3577 6425 3578 
7734 2722 6213 2725 
7735 2539 6233 2536 
7736 5532 5539 5538 
7737 6029 6323 3855 
7738 5368 5369 5366 
7739 4878 4879 4877 
7740 4634 4636 4635 
7741 2709 6200 2710 
7742 3657 6083 6082 
7743 2394 6432 3275 
7744 3748 6367 3745 
7745 3112 6225 3288 
7746 3585 6218 3612 
7747 6344 6348 772 
7748 2781 6191 6190 
7749 6379 6381 6380 
7750 2138 2139 2137 
7751 3653 6351 2749 
7752 3115 6285 3118 
7753 729 1749 36 
7754 4880 4881 4879 
7755 3844 5864 4594 
7756 3836 4363 4217 
7757 4649 6301 3689 
7758 4882 4883 4881 
7759 2689 2691 2690 
7760 2499 6434 2501 
7761 5681 6582 6523 
7762 3233 6973 6943 
7763 3855 6323 3120 
7764 5953 5954 5952 
7765 1769 4449 4448 
7766 1817 6207 457 
7767 2501 2503 2502 
7768 3582 6218 3585 
7769 2374 6655 5595 
7770 1992 1993 1965 
7771 4123 4814 4405 
7772 3689 6301 2765 
7773 407 6246 406 
7774 3854 6285 6125 
7775 2727 2728 2726 
7776 2725 2726 2724 
7777 1043 6325 1620 
7778 3229 4548 2526 
7779 6338 6339 4396 
7780 4012 5002 5001 
7781 3571 3573 3572 
7782 2876 2877 2875 
7783 2049 3711 3199 
7784 3113 6285 3115 
7785 490 6091 489 
7786 6333 6335 1038 
7787 3857 6338 4396 
7788 3573 3575 3572 
7789 3571 6297 3573 
7790 1023 6428 1506 
7791 2492 6031 2494 
7792 3317 4364 3667 
7793 5894 6234 5893 
7794 4364 4425 3667 
7795 6288 6289 3853 
7796 3570 3571 3569 
7797 5051 5054 5053 
7798 2719 6046 3838 
7799 3601 4123 3617 
7800 3227 3295 2657 
7801 6201 6203 6202 
7802 5389 5620 5387 
7803 3854 4614 3855 
7804 2866 2868 2867 
7805 6357 6360 6355 
7806 5922 5923 5883 
7807 6188 6661 6608 
7808 3813 5931 5930 
7809 3317 3667 3128 
7810 3570 3603 3571 
7811 4614 4615 3855 
7812 3854 3855 3120 
7813 866 5587 865 
7814 3225 3992 3991 
7815 6328 6330 1041 
7816 2530 6141 2670 
7817 2488 6140 2504 
7818 2643 3842 3831 
7819 5736 6564 5739 
7820 2258 2259 2257 
7821 3585 3612 3588 
7822 3288 6285 3113 
7823 2523 3159 2524 
7824 143 4539 1370 
7825 3126 3317 3128 
7826 6098 6099 6097 
7827 4374 5852 3839 
7828 4290 4291 4289 
7829 3118 3854 3120 
7830 2773 6338 3857 
7831 298 1283 297 
7832 278 1284 277 
7833 3546 4225 3544 
7834 2402 2403 2401 
7835 6106 6107 6105 
7836 6031 6464 2494 
7837 2791 2792 2790 
7838 4695 4697 4696 
7839 457 6207 456 
7840 5730 6696 1918 
7841 6225 6283 3288 
7842 2400 2406 2402 
7843 491 6098 1573 
7844 5877 5878 5875 
7845 3645 6226 6225 
7846 5869 5870 5863 
7847 6226 6228 6225 
7848 2341 2358 2357 
7849 5946 5947 5945 
7850 4459 5357 4812 
7851 2358 6030 3334 
7852 3123 6299 3126 
7853 6083 6085 6084 
7854 2789 5508 2786 
7855 1069 5752 1068 
7856 5857 5858 5778 
7857 3603 6297 3571 
7858 3761 3813 3762 
7859 5003 5733 4013 
7860 6326 6327 1620 
7861 1585 6342 761 
7862 6219 6220 6218 
7863 2134 2136 2135 
7864 5205 5288 5287 
7865 2250 2251 2249 
7866 2528 2530 2529 
7867 3645 6225 3112 
7868 2784 6214 2787 
7869 1591 6345 6344 
7870 6348 6349 1590 
7871 683 6251 682 
7872 402 6144 401 
7873 408 6236 407 
7874 6150 6152 6151 
7875 3446 3447 3445 
7876 2942 3355 2941 
7877 2323 2325 2324 
7878 695 6276 694 
7879 3110 3645 3112 
7880 2686 6439 2689 
7881 2476 6549 2474 
7882 3840 4224 4223 
7883 6219 6221 6220 
7884 3857 4395 4394 
7885 3857 4394 3856 
7886 692 6263 691 
7887 691 6270 690 
7888 6297 6415 3577 
7889 2773 3857 3856 
7890 686 6257 685 
7891 2035 6483 2031 
7892 6355 6360 527 
7893 3859 4780 4228 
7894 3334 4474 4473 
7895 3995 4650 4648 
7896 2493 2498 2496 
7897 4595 4596 3845 
7898 6342 6343 760 
7899 4021 6661 4019 
7900 2621 6606 2642 
7901 5508 5510 5509 
7902 4225 6637 3544 
7903 3418 3420 3417 
7904 3995 4648 3689 
7905 6227 6229 6226 
7906 6292 6293 3603 
7907 3657 6439 6083 
7908 6369 6371 6370 
7909 2773 3856 2771 
7910 4636 4708 4707 
7911 3184 3995 3689 
7912 5772 5773 5771 
7913 4910 4949 4453 
7914 4906 5594 4905 
7915 2064 2065 2063 
7916 6191 6193 6192 
7917 2339 2341 2340 
7918 2864 2866 2865 
7919 403 6147 1615 
7920 6154 6156 6155 
7921 5754 6471 3716 
7922 3575 3859 3858 
7923 1705 2162 1764 
7924 1765 2161 1708 
7925 2335 2337 2336 
7926 2862 2864 2863 
7927 2686 2689 2688 
7928 2481 2482 2480 
7929 3006 3008 3007 
7930 3184 3689 2765 
7931 3579 6300 3576 
7932 2860 2862 2861 
7933 3126 3128 3127 
7934 6303 6304 6302 
7935 1053 6050 1052 
7936 5958 5960 5959 
7937 6156 6158 6157 
7938 2321 6183 2320 
7939 3573 3576 3575 
7940 1044 6336 6325 
7941 6158 6160 6159 
7942 4975 4977 4976 
7943 6086 6131 6081 
7944 2778 6190 2777 
7945 5980 5983 5982 
7946 2721 2722 2720 
7947 6083 6439 6087 
7948 6228 6284 6283 
7949 2194 2196 2195 
7950 3637 4536 3954 
7951 6345 6346 6344 
7952 6301 6302 2761 
7953 2858 2860 2859 
7954 2096 3219 2098 
7955 2699 6286 2700 
7956 2515 2516 2503 
7957 2132 2134 2133 
7958 2130 2132 2131 
7959 3118 3120 3119 
7960 2128 2130 2129 
7961 6314 6317 6316 
7962 3240 3241 2093 
7963 2126 2128 2127 
7964 2124 2126 2125 
7965 6496 6500 5728 
7966 6310 6311 3653 
7967 3903 4092 2414 
7968 3570 6292 3603 
7969 2122 2124 2123 
7970 2077 6627 2078 
7971 3416 3417 3415 
7972 2667 2668 2665 
7973 2120 2122 2121 
7974 6303 6305 6304 
7975 2118 2120 2119 
7976 6302 6309 2761 
7977 460 6648 1565 
7978 761 6342 760 
7979 3112 3288 3113 
7980 6377 6379 6378 
7981 3725 5779 2318 
7982 1937 1938 1935 
7983 2514 6549 2476 
7984 5429 5431 1563 
7985 2116 2118 2117 
7986 6360 6361 1501 
7987 3603 6433 6297 
7988 3859 4228 3858 
7989 1923 3932 3215 
7990 3362 4149 3182 
7991 6371 6372 6370 
7992 3129 3132 3131 
7993 6222 6223 6221 
7994 2856 2858 2857 
7995 527 6360 526 
7996 3123 3126 3125 
7997 2719 2720 2718 
7998 4075 5572 3720 
7999 6311 6312 3653 
8000 2114 2116 2115 
8001 2772 2773 2771 
8002 2745 6410 2742 
8003 3571 3572 3569 
8004 1648 6469 1594 
8005 1044 6325 1043 
8006 2713 2714 2712 
8007 2112 2114 2113 
8008 4708 4710 4709 
8009 6311 6313 6312 
8010 2709 2710 2708 
8011 384 6184 383 
8012 2766 3184 2765 
8013 771 6348 1590 
8014 1591 6344 773 
8015 2751 6310 3653 
8016 2777 6338 2774 
8017 4636 4707 4635 
8018 3575 6300 3859 
8019 2765 6301 2762 
8020 5882 5922 5883 
8021 1617 6482 1051 
8022 3110 3112 3111 
8023 1025 6429 1024 
8024 1043 1620 1042 
8025 1034 1623 1033 
8026 1037 1622 1036 
8027 1049 1618 1048 
8028 1052 1617 1051 
8029 1040 1621 1039 
8030 1046 1619 1045 
8031 2699 2700 2698 
8032 3121 6323 6299 
8033 2771 6287 2768 
8034 6379 6380 6378 
8035 6332 6334 6333 
8036 2776 2778 2777 
8037 3666 6089 3295 
8038 3576 6300 3575 
8039 2854 2856 2855 
8040 4167 4243 4242 
8041 1626 4868 204 
8042 2705 2706 2702 
8043 3115 3118 3117 
8044 3414 3416 3415 
8045 5553 6636 3702 
8046 593 6575 1821 
8047 3882 3887 3884 
8048 2776 2777 2774 
8049 1445 6397 953 
8050 953 6397 952 
8051 3568 6288 3853 
8052 6219 6222 6221 
8053 2110 2112 2111 
8054 2406 5323 2402 
8055 5625 5626 5623 
8056 3645 6227 6226 
8057 5484 5485 5315 
8058 760 6343 759 
8059 2770 2771 2768 
8060 2682 2685 2684 
8061 2541 2542 2540 
8062 5422 6621 5426 
8063 2742 6410 2741 
8064 5212 6587 4184 
8065 4985 4988 4987 
8066 3569 6298 3567 
8067 3573 3577 3576 
8068 6287 6352 3184 
8069 3859 6300 4781 
8070 3854 6125 4614 
8071 5346 5350 5347 
8072 765 1586 764 
8073 759 1583 758 
8074 777 1593 776 
8075 771 1590 770 
8076 762 1585 761 
8077 768 1588 767 
8078 774 1591 773 
8079 5054 5608 5053 
8080 3853 6292 3570 
8081 2479 2480 2478 
8082 2818 2821 2819 
8083 2764 2765 2762 
8084 2465 6463 2466 
8085 3317 4365 4364 
8086 3568 3853 3570 
8087 3279 3627 3280 
8088 5765 5766 5764 
8089 4708 4709 4707 
8090 3121 6299 3123 
8091 2760 2761 2758 
8092 2762 6301 2761 
8093 2914 2916 2915 
8094 2108 2110 2109 
8095 1621 6333 1039 
8096 2290 3250 3249 
8097 2547 2548 2546 
8098 3575 3858 3572 
8099 2543 2544 2542 
8100 3871 6470 3754 
8101 2624 3180 3179 
8102 1273 6362 552 
8103 6227 6230 6229 
8104 5322 7158 2648 
8105 2545 2546 2544 
8106 606 6324 6167 
8107 3842 5717 4059 
8108 4425 4426 3667 
8109 3563 6288 3565 
8110 3107 3110 3109 
8111 2248 2249 2247 
8112 3847 4319 4318 
8113 6314 6316 6312 
8114 3302 6310 2751 
8115 664 6000 663 
8116 6191 6192 6190 
8117 1045 6336 1044 
8118 2498 2526 2499 
8119 6327 6329 6328 
8120 4615 6029 3855 
8121 6371 6373 6372 
8122 3107 6420 3110 
8123 3565 6288 3568 
8124 4283 8270 4242 
8125 4548 6434 2526 
8126 4648 4649 3689 
8127 5817 5822 5818 
8128 2691 2692 2690 
8129 2730 2941 2729 
8130 3859 4781 4780 
8131 6415 6425 3577 
8132 3856 6287 2771 
8133 2106 2108 2107 
8134 3978 3979 3145 
8135 529 1575 528 
8136 3103 6368 3106 
8137 5360 5362 5361 
8138 6313 6314 6312 
8139 5862 5869 5863 
8140 2697 2698 2696 
8141 1594 6469 6016 
8142 3857 4396 4395 
8143 6228 6283 6225 
8144 2852 2854 2853 
8145 2751 3653 2749 
8146 6305 6306 6304 
8147 3120 6323 3121 
8148 3601 6416 4123 
8149 3995 6120 4650 
8150 1620 6328 1042 
8151 1535 6531 6492 
8152 696 6340 1589 
8153 2774 6338 2773 
8154 772 6348 771 
8155 773 6344 772 
8156 2520 6500 6496 
8157 3578 6425 3581 
8158 898 5751 897 
8159 5874 5877 5875 
8160 3645 6420 6227 
8161 3416 3419 3418 
8162 4132 4133 3619 
8163 3621 4128 4127 
8164 2379 2386 2385 
8165 3128 3129 3127 
8166 2968 5592 2966 
8167 2542 6462 2540 
8168 693 6350 1584 
8169 3824 4931 4930 
8170 2812 2818 2813 
8171 3103 3106 3105 
8172 2756 2757 2754 
8173 687 6353 1578 
8174 2376 2379 2378 
8175 1267 6320 4052 
8176 3120 3121 3119 
8177 3527 3528 3526 
8178 643 6212 1819 
8179 2772 2774 2773 
8180 3126 3127 3125 
8181 5777 5857 5778 
8182 2970 3065 2968 
8183 526 6360 1501 
8184 6227 6420 6231 
8185 3421 3423 3422 
8186 684 6363 1577 
8187 551 6362 1830 
8188 3995 6352 6120 
8189 1616 6366 590 
8190 6312 6351 3653 
8191 697 6340 696 
8192 607 6324 606 
8193 1854 2093 1855 
8194 4580 4581 4579 
8195 4547 6511 3871 
8196 3880 3882 3881 
8197 1918 6766 5730 
8198 3202 5656 5655 
8199 3112 3113 3111 
8200 2770 2772 2771 
8201 6238 6242 6241 
8202 5038 5041 5040 
8203 2874 2875 2873 
8204 2537 2538 2536 
8205 2752 3302 2751 
8206 1283 3408 3407 
8207 549 1299 548 
8208 4592 6799 5576 
8209 551 1830 550 
8210 2764 2766 2765 
8211 553 1273 552 
8212 4195 5481 5480 
8213 6371 6374 6373 
8214 1575 6355 528 
8215 694 6350 693 
8216 3118 3119 3117 
8217 3577 3578 3576 
8218 2472 2474 2473 
8219 6061 6063 6062 
8220 4874 4876 4875 
8221 6313 6315 6314 
8222 4773 6998 3684 
8223 6222 6224 6223 
8224 688 6353 687 
8225 1861 1870 1863 
8226 1869 1872 1867 
8227 2624 6418 3180 
8228 4369 6199 3705 
8229 3184 6352 3995 
8230 685 6363 684 
8231 2362 2364 2363 
8232 552 6362 551 
8233 3509 3510 3508 
8234 5586 5917 5584 
8235 5512 6467 5509 
8236 6087 6088 6085 
8237 2760 2762 2761 
8238 6986 8134 4715 
8239 6388 6389 6387 
8240 2207 6787 3187 
8241 28 6841 176 
8242 2500 6134 2496 
8243 6059 6061 6060 
8244 2319 2321 2320 
8245 6392 6405 1569 
8246 6386 6405 6388 
8247 3578 3579 3576 
8248 6316 6351 6312 
8249 6386 6388 6387 
8250 6386 6387 1570 
8251 4921 4924 4920 
8252 957 6393 956 
8253 956 6393 1833 
8254 2104 2106 2105 
8255 3102 6368 3103 
8256 5951 5953 5952 
8257 6388 6405 6392 
8258 6231 6232 6230 
8259 3231 4213 4112 
8260 6388 6390 6389 
8261 6332 6333 1621 
8262 3892 3894 3893 
8263 1272 3434 3433 
8264 2850 2852 2851 
8265 3804 3871 3754 
8266 789 6365 788 
8267 3776 6400 3774 
8268 3705 3841 3428 
8269 2584 2585 2583 
8270 2557 2559 2558 
8271 3779 6400 3776 
8272 964 6395 963 
8273 1571 6395 964 
8274 1505 6429 1025 
8275 3811 6404 6401 
8276 1081 6384 1493 
8277 1082 6384 1081 
8278 1834 6384 1082 
8279 1084 6398 1083 
8280 959 6386 1570 
8281 983 1448 982 
8282 956 1833 955 
8283 968 1572 967 
8284 971 1536 970 
8285 995 1604 994 
8286 951 1603 950 
8287 959 1570 958 
8288 954 1445 953 
8289 965 1571 964 
8290 105 1267 104 
8291 355 1396 354 
8292 358 1397 357 
8293 360 1832 359 
8294 362 1398 361 
8295 1081 1493 1080 
8296 1083 1834 1082 
8297 1085 1540 1084 
8298 1540 6398 1084 
8299 960 6386 959 
8300 962 1569 961 
8301 980 1444 979 
8302 986 1443 985 
8303 989 1442 988 
8304 992 1446 991 
8305 998 1447 997 
8306 282 1272 281 
8307 294 1265 293 
8308 314 1271 313 
8309 1083 6398 1834 
8310 6401 6404 3988 
8311 477 5466 476 
8312 3110 3111 3109 
8313 6273 6274 6271 
8314 3935 4623 4621 
8315 960 6405 6386 
8316 1569 6405 961 
8317 3808 4173 3989 
8318 3935 4621 3821 
8319 3811 3935 3821 
8320 7499 7680 7666 
8321 3816 3817 3779 
8322 3781 3811 3783 
8323 2136 2137 2135 
8324 3811 3821 3783 
8325 3781 3783 3782 
8326 4237 4292 3817 
8327 3780 3816 3779 
8328 3781 3782 3780 
8329 3778 3781 3780 
8330 4237 4562 4292 
8331 3778 3779 3776 
8332 3816 4237 3817 
8333 4173 4669 3989 
8334 3817 6400 3779 
8335 3778 3780 3779 
8336 3808 3989 3988 
8337 3811 6401 3935 
8338 3781 6404 3811 
8339 6400 6403 3774 
8340 3988 6404 3777 
8341 3777 6404 3778 
8342 252 1422 47 
8343 3601 3617 3566 
8344 3837 4359 4201 
8345 3778 6404 3781 
8346 3774 6403 3772 
8347 3775 3808 3777 
8348 3810 3993 3825 
8349 3808 3988 3777 
8350 3777 3778 3776 
8351 3770 3773 3772 
8352 961 6405 960 
8353 6388 6392 6390 
8354 2836 2921 2838 
8355 2756 2758 2757 
8356 4735 5272 4737 
8357 3825 4642 4641 
8358 3775 3777 3776 
8359 3773 3775 3774 
8360 3825 4641 3820 
8361 3775 3776 3774 
8362 3773 3774 3772 
8363 3810 3820 3771 
8364 3772 6403 3810 
8365 3810 3825 3820 
8366 4292 6408 3817 
8367 3803 3860 3763 
8368 6055 6057 6056 
8369 3810 6403 3993 
8370 3604 4165 4164 
8371 2461 2462 2460 
8372 6400 6408 6403 
8373 3772 3810 3771 
8374 3993 6406 3825 
8375 6403 6408 3993 
8376 3825 6406 4642 
8377 528 6355 527 
8378 590 6366 589 
8379 2781 6190 2778 
8380 3768 6407 3766 
8381 4321 5544 3714 
8382 2349 3345 2388 
8383 3770 3772 3771 
8384 3817 6408 6400 
8385 4048 5559 5558 
8386 698 6319 697 
8387 2466 6463 2469 
8388 3770 3771 3768 
8389 3907 3964 3255 
8390 3765 3815 3767 
8391 3820 6407 3771 
8392 6057 6059 6058 
8393 510 6422 509 
8394 2842 3170 2844 
8395 3769 3770 3768 
8396 4804 4805 4803 
8397 3767 3769 3768 
8398 2872 2873 2871 
8399 2532 6141 2530 
8400 3771 6407 3768 
8401 4188 5906 3719 
8402 4641 6426 3820 
8403 682 6424 681 
8404 1397 6399 357 
8405 357 6399 356 
8406 3767 3768 3766 
8407 4027 4558 3933 
8408 3282 6435 2305 
8409 2636 3892 3891 
8410 6150 6151 1825 
8411 5763 5764 5656 
8412 6327 6328 1620 
8413 2750 2752 2751 
8414 4179 4404 4178 
8415 6334 6335 6333 
8416 3803 4178 3860 
8417 1899 1900 1892 
8418 1890 1925 1924 
8419 2750 2751 2749 
8420 3765 3767 3766 
8421 3759 3765 3764 
8422 3766 6411 3764 
8423 2284 2285 2283 
8424 6407 6411 3766 
8425 3693 6675 3692 
8426 3803 4179 4178 
8427 3106 3107 3105 
8428 3764 6411 3803 
8429 3765 3766 3764 
8430 4870 4884 4871 
8431 3764 3803 3763 
8432 4048 6454 5559 
8433 1139 6758 1138 
8434 3860 6402 3763 
8435 2848 2850 2849 
8436 2645 2657 2553 
8437 3803 6411 4179 
8438 1615 6147 6146 
8439 2775 2776 2774 
8440 2457 2458 2456 
8441 3765 6419 3815 
8442 3513 3514 3512 
8443 5509 6467 2785 
8444 2816 6427 2805 
8445 2776 2779 2778 
8446 4156 4158 4157 
8447 1080 6396 1079 
8448 1493 6396 1080 
8449 2689 2690 2688 
8450 5770 5772 5771 
8451 3097 3102 3101 
8452 355 6385 1396 
8453 356 6385 355 
8454 6304 6309 6302 
8455 6116 6118 6117 
8456 3581 6425 6219 
8457 3759 3764 3763 
8458 6329 6330 6328 
8459 6407 6426 6411 
8460 3110 6420 3645 
8461 2769 2770 2768 
8462 3682 6522 5332 
8463 2767 2768 2766 
8464 6093 6094 1824 
8465 3872 4547 3871 
8466 6278 6281 6280 
8467 3001 6450 6449 
8468 3756 3822 3758 
8469 6411 6426 4179 
8470 3582 3585 3584 
8471 681 6424 1574 
8472 2102 2104 2103 
8473 6222 6415 6224 
8474 3129 3131 3130 
8475 3759 3763 3757 
8476 2678 2681 2680 
8477 2763 2764 2762 
8478 6110 6112 6111 
8479 4463 4464 3862 
8480 6265 6269 6268 
8481 3121 3123 3122 
8482 6259 6262 6261 
8483 1819 7971 5888 
8484 3804 3872 3871 
8485 6227 6231 6230 
8486 3735 3761 3737 
8487 2552 6617 2555 
8488 3578 3581 3580 
8489 3822 4463 3862 
8490 3123 3125 3124 
8491 2604 2607 2606 
8492 3418 3421 3420 
8493 6253 6256 6255 
8494 3820 6426 6407 
8495 2535 2536 2534 
8496 522 6421 521 
8497 2831 3837 2880 
8498 3582 3583 3580 
8499 5700 5701 5699 
8500 2748 2749 2746 
8501 3586 3587 3584 
8502 5815 5816 5813 
8503 3822 3862 3758 
8504 3755 6402 3804 
8505 3860 6455 6442 
8506 356 6399 6385 
8507 6293 6433 3603 
8508 2808 6523 2806 
8509 3758 3759 3757 
8510 2466 2468 2467 
8511 6154 6155 6152 
8512 3585 3588 3586 
8513 3113 3115 3114 
8514 5530 5535 5533 
8515 4487 5050 4412 
8516 3434 3437 3436 
8517 2759 2760 2758 
8518 3275 6432 4214 
8519 5820 5823 5821 
8520 3759 6419 3765 
8521 3115 3117 3116 
8522 512 6423 511 
8523 2134 2135 2133 
8524 2870 2871 2869 
8525 511 1496 510 
8526 514 1497 513 
8527 517 1498 516 
8528 520 1499 519 
8529 526 1501 525 
8530 508 1495 507 
8531 523 1500 522 
8532 3757 6402 3755 
8533 2685 2686 2684 
8534 1573 6098 6097 
8535 3753 3756 3755 
8536 788 6365 1279 
8537 2722 2724 2723 
8538 3862 6419 3758 
8539 3758 6419 3759 
8540 143 1370 142 
8541 2509 2523 2510 
8542 2236 2237 2235 
8543 3262 6620 3261 
8544 3872 4613 4612 
8545 2014 2016 2015 
8546 1012 6430 1011 
8547 3578 3580 3579 
8548 6377 6378 2681 
8549 4001 4003 4002 
8550 5808 5809 5805 
8551 2485 6594 2487 
8552 3756 3758 3757 
8553 5898 5900 5899 
8554 2728 6624 2730 
8555 1079 1835 1078 
8556 4123 4405 3617 
8557 3729 3731 3730 
8558 2772 2775 2774 
8559 1934 6682 1931 
8560 3504 6473 3502 
8561 3499 3501 3500 
8562 3564 3574 3562 
8563 1021 6431 1020 
8564 1005 1512 1004 
8565 1014 1509 1013 
8566 1008 1511 1007 
8567 1011 1510 1010 
8568 1020 1507 1019 
8569 1023 1506 1022 
8570 1017 1508 1016 
8571 1026 1505 1025 
8572 6442 6455 4613 
8573 1496 6422 510 
8574 2744 2745 2742 
8575 6219 6425 6222 
8576 2678 6377 2681 
8577 2100 2102 2101 
8578 78 4917 1711 
8579 6419 6438 3815 
8580 2755 2756 2754 
8581 5917 6568 5584 
8582 2764 2767 2766 
8583 3755 3804 3754 
8584 2689 6439 3657 
8585 2204 2289 2206 
8586 1538 4845 4844 
8587 644 6212 643 
8588 3756 3757 3755 
8589 4411 4412 3866 
8590 4806 4807 4805 
8591 6079 6080 3666 
8592 3102 3103 3101 
8593 6222 6425 6415 
8594 6063 6064 6062 
8595 2760 2763 2762 
8596 3559 3561 3557 
8597 4209 7591 4210 
8598 4530 4531 4528 
8599 3430 6579 3414 
8600 2491 6594 6501 
8601 3416 3418 3417 
8602 5041 5117 5042 
8603 4577 4580 4579 
8604 3763 6402 3757 
8605 3572 6298 3569 
8606 4590 4591 3713 
8607 5787 5788 5784 
8608 3585 3586 3584 
8609 3780 6530 3816 
8610 3077 3310 3309 
8611 2629 6045 2569 
8612 2526 6434 2499 
8613 3756 6446 3822 
8614 6061 6062 6060 
8615 1558 7743 4907 
8616 3129 3130 3127 
8617 6169 6172 6171 
8618 5985 5988 5987 
8619 3862 6438 6419 
8620 2769 3360 2770 
8621 2519 2520 2518 
8622 4464 6438 3862 
8623 2767 2769 2768 
8624 2132 2133 2131 
8625 3121 3122 3119 
8626 2130 2131 2129 
8627 1605 6178 6177 
8628 3872 4612 4547 
8629 2128 2129 2127 
8630 2868 2869 2867 
8631 2126 2127 2125 
8632 2124 2125 2123 
8633 2756 2759 2758 
8634 2122 2123 2121 
8635 3581 3582 3580 
8636 3107 3109 3108 
8637 6156 6157 6155 
8638 6104 6106 6105 
8639 2120 2121 2119 
8640 6158 6159 6157 
8641 2364 2366 2365 
8642 4243 4284 4283 
8643 2118 2119 2117 
8644 6160 6161 6159 
8645 3113 3114 3111 
8646 5944 5946 5945 
8647 2501 2515 2503 
8648 2748 2750 2749 
8649 3996 3997 3595 
8650 6242 6244 6243 
8651 2911 3336 1988 
8652 1989 3337 2912 
8653 3860 6442 6402 
8654 3983 4356 3981 
8655 2116 2117 2115 
8656 1079 6396 1835 
8657 2753 2754 2752 
8658 665 1813 664 
8659 2114 2115 2113 
8660 2540 6462 2654 
8661 3582 3584 3583 
8662 5433 5434 1803 
8663 5436 5437 1514 
8664 2643 6496 3842 
8665 4695 4696 4694 
8666 6498 6526 3185 
8667 2750 2753 2752 
8668 6083 6087 6085 
8669 1500 6421 522 
8670 4013 6295 2932 
8671 2112 2113 2111 
8672 4271 6689 3206 
8673 3125 3338 3124 
8674 3123 3124 3122 
8675 6402 6442 3804 
8676 3627 3629 3628 
8677 2584 2586 2585 
8678 3103 3105 3104 
8679 3753 3755 3754 
8680 2714 2716 2715 
8681 2763 6444 2764 
8682 2710 2712 2711 
8683 2533 2534 2532 
8684 5965 5968 5967 
8685 1198 4866 1199 
8686 1846 1865 1864 
8687 1858 1859 1842 
8688 1799 7628 5056 
8689 2767 3941 2769 
8690 511 6423 1496 
8691 5975 6955 6042 
8692 6059 6060 6058 
8693 1560 6012 6011 
8694 3515 3516 3514 
8695 3705 6199 3841 
8696 5117 5119 5118 
8697 3750 3824 3752 
8698 3228 3229 2526 
8699 2706 2708 2707 
8700 3872 6442 4613 
8701 2300 6752 1757 
8702 3117 3203 3116 
8703 4411 4487 4412 
8704 2700 2702 2701 
8705 2753 3865 2755 
8706 2062 2063 2061 
8707 3115 3116 3114 
8708 3804 6442 3872 
8709 2110 2111 2109 
8710 2716 2718 2717 
8711 2764 6444 2767 
8712 3370 3380 3372 
8713 2181 2182 2180 
8714 3805 3809 3748 
8715 3029 6512 3031 
8716 3858 6298 3572 
8717 2755 6453 2756 
8718 2832 2833 2830 
8719 2512 6134 2500 
8720 2866 2867 2865 
8721 2744 2746 2745 
8722 1068 1323 1067 
8723 373 1324 372 
8724 2864 2865 2863 
8725 2892 2894 2893 
8726 1701 5710 5709 
8727 3279 3280 2638 
8728 2862 2863 2861 
8729 4007 5008 5007 
8730 2108 2109 2107 
8731 2748 6436 2750 
8732 3822 6479 4463 
8733 5676 5678 1554 
8734 3824 4930 3863 
8735 352 1538 4 
8736 1077 1539 76 
8737 5383 5385 5384 
8738 3124 3867 3122 
8739 3883 6296 3886 
8740 20 1432 138 
8741 2846 2848 2847 
8742 1011 6430 1510 
8743 4178 6455 3860 
8744 4930 4932 3863 
8745 5439 5441 1857 
8746 2860 2861 2859 
8747 3753 3754 3751 
8748 3718 5333 3833 
8749 943 6456 942 
8750 3395 3878 3877 
8751 3093 3096 3095 
8752 3889 4166 3888 
8753 3111 6437 3109 
8754 3664 4518 3441 
8755 3116 3868 3114 
8756 3760 3901 3900 
8757 1020 6431 1507 
8758 2753 2755 2754 
8759 3107 3108 3105 
8760 6055 6056 6052 
8761 5646 5647 5644 
8762 5119 5121 5120 
8763 2368 2369 2367 
8764 3119 6440 3117 
8765 3295 4195 4194 
8766 3109 3143 3108 
8767 3467 6443 3468 
8768 5508 5509 2785 
8769 2858 2859 2857 
8770 3103 3104 3101 
8771 2531 2532 2530 
8772 3985 4192 2930 
8773 2106 2107 2105 
8774 2208 2387 2210 
8775 6057 6058 6056 
8776 5736 5738 1503 
8777 3824 3863 3752 
8778 3004 3010 3006 
8779 637 6075 1366 
8780 5820 5821 5819 
8781 3865 4410 3866 
8782 5763 5765 5764 
8783 2856 2857 2855 
8784 3887 3888 3884 
8785 3865 3866 2755 
8786 2837 3175 2835 
8787 3809 6367 3748 
8788 353 6441 352 
8789 3117 6440 3203 
8790 924 6458 923 
8791 2677 6377 2678 
8792 5903 5904 5902 
8793 942 6459 941 
8794 2756 6453 2759 
8795 4269 4496 4268 
8796 3143 4102 3108 
8797 4142 5962 2938 
8798 4740 5310 4742 
8799 2694 2696 2695 
8800 3507 3508 3472 
8801 1700 6136 6135 
8802 5832 5834 3358 
8803 3915 5276 3328 
8804 3753 6446 3756 
8805 5980 5982 5978 
8806 2767 6444 3941 
8807 2306 2307 2305 
8808 3202 5763 5656 
8809 4023 4024 4022 
8810 6019 6022 1828 
8811 4410 4411 3866 
8812 2489 6140 2488 
8813 2462 2464 2463 
8814 3109 6437 3143 
8815 2854 2855 2853 
8816 5988 5990 5989 
8817 2692 2694 2693 
8818 3143 4103 4102 
8819 6064 6065 6062 
8820 3694 5289 4200 
8821 5839 5841 5840 
8822 3752 3753 3751 
8823 2182 2184 2183 
8824 2446 2448 2447 
8825 2436 2438 2437 
8826 2442 2444 2443 
8827 1910 1913 1912 
8828 1247 1464 1248 
8829 1238 1467 1239 
8830 1253 1462 1254 
8831 1256 1461 1257 
8832 1259 1460 1260 
8833 1241 1466 1242 
8834 1262 1459 1263 
8835 1244 1465 1245 
8836 1250 1463 1251 
8837 4412 6453 3866 
8838 3882 6507 3887 
8839 2428 2430 2429 
8840 3122 6440 3119 
8841 3873 6526 6498 
8842 148 4549 147 
8843 931 6457 930 
8844 4876 4878 4877 
8845 2991 6612 2989 
8846 1814 5744 5743 
8847 3114 6437 3111 
8848 2422 2424 2423 
8849 2783 6214 2784 
8850 3722 4290 4289 
8851 6080 6089 3666 
8852 3349 3875 3159 
8853 2740 2741 2738 
8854 2418 2420 2419 
8855 933 6460 932 
8856 2775 6495 2776 
8857 4349 6543 3924 
8858 929 1479 928 
8859 941 1490 940 
8860 920 1488 919 
8861 926 1482 925 
8862 935 1483 934 
8863 938 1486 937 
8864 944 1492 943 
8865 932 1481 931 
8866 923 1485 922 
8867 917 1491 916 
8868 2747 2748 2746 
8869 2618 5810 2556 
8870 5790 5793 5792 
8871 2299 2416 2415 
8872 3863 6446 3752 
8873 3372 3373 3371 
8874 2450 2452 2451 
8875 3749 3805 3748 
8876 1897 5342 742 
8877 2098 2100 2099 
8878 2750 6436 2753 
8879 2246 2247 2245 
8880 2728 2729 2726 
8881 3712 4590 3713 
8882 3752 6446 3753 
8883 3823 4302 3809 
8884 4878 4880 4879 
8885 2516 2519 2518 
8886 6787 6834 3187 
8887 2104 2105 2103 
8888 3866 6453 2755 
8889 5289 5290 4200 
8890 3586 6472 3587 
8891 4880 4882 4881 
8892 3517 3518 3516 
8893 2797 2798 2796 
8894 4600 7155 4553 
8895 2293 2295 2294 
8896 2438 2440 2439 
8897 4025 4280 4024 
8898 3007 3009 3005 
8899 4205 4661 4572 
8900 2538 2541 2540 
8901 4258 4259 3990 
8902 2430 2432 2431 
8903 276 1434 57 
8904 6437 6497 3143 
8905 409 6566 1610 
8906 2747 4048 2929 
8907 3004 3006 3005 
8908 3823 4303 4302 
8909 1931 6682 1930 
8910 2929 6436 2748 
8911 5558 5560 4049 
8912 2852 2853 2851 
8913 1878 6689 4257 
8914 4793 4794 4169 
8915 2807 2808 2806 
8916 2506 2509 2507 
8917 2290 3249 2285 
8918 2747 2929 2748 
8919 4101 7459 4124 
8920 2295 2297 2296 
8921 2262 6863 6791 
8922 2681 2682 2680 
8923 3588 3595 3586 
8924 5733 6295 4013 
8925 6446 6479 3822 
8926 3784 5548 3787 
8927 2024 2026 2025 
8928 3555 3849 3452 
8929 3750 3752 3751 
8930 3088 3092 3091 
8931 2744 2747 2746 
8932 4168 4169 3190 
8933 3096 3097 3095 
8934 3867 6440 3122 
8935 2722 2723 2720 
8936 3805 3823 3809 
8937 2753 6436 3865 
8938 7335 7442 2861 
8939 4048 4049 2929 
8940 4048 5558 4049 
8941 2454 2456 2455 
8942 826 1456 825 
8943 814 1451 813 
8944 817 1452 816 
8945 820 1454 819 
8946 823 1455 822 
8947 811 1449 810 
8948 2714 2715 2712 
8949 2710 2711 2708 
8950 5903 5905 5904 
8951 4140 4834 4618 
8952 2102 2103 2101 
8953 5444 5779 3725 
8954 3868 6437 3114 
8955 2706 2707 2702 
8956 2498 3228 2526 
8957 2935 6997 5626 
8958 3097 3101 3100 
8959 2700 2701 2698 
8960 3617 6502 3566 
8961 3842 6496 5728 
8962 2306 2308 2307 
8963 2078 6627 2284 
8964 1778 1965 1964 
8965 4144 6732 4003 
8966 2504 2506 2505 
8967 3183 3869 2551 
8968 2488 2504 2490 
8969 1538 6441 4845 
8970 2850 2851 2849 
8971 3423 3431 3425 
8972 3471 3472 3470 
8973 2686 2688 2687 
8974 3750 6466 3824 
8975 2743 2744 2742 
8976 2523 2524 2510 
8977 2381 6629 3880 
8978 4198 5292 3695 
8979 1967 7057 151 
8980 2724 3185 2723 
8981 4983 4984 4807 
8982 3261 6620 3264 
8983 6058 6128 6056 
8984 3896 4441 4440 
8985 4835 4836 4011 
8986 2518 6496 2643 
8987 3747 3750 3749 
8988 3093 3095 3094 
8989 3058 3059 3054 
8990 2740 2743 2742 
8991 4017 4018 3649 
8992 4850 4851 4554 
8993 2466 2467 2464 
8994 2692 2693 2690 
8995 3818 4140 3864 
8996 3519 3520 3518 
8997 877 7245 52 
8998 4720 4721 4719 
8999 1826 5808 5805 
9000 2547 2549 2548 
9001 2394 3275 2673 
9002 475 6135 474 
9003 3750 3751 3749 
9004 2674 2677 2676 
9005 5815 5820 5819 
9006 3863 6479 6446 
9007 3228 3836 3229 
9008 4211 6948 5991 
9009 3747 3748 3745 
9010 2520 6496 2518 
9011 1179 4686 1180 
9012 3147 3148 2629 
9013 4932 6479 3863 
9014 3899 4468 4467 
9015 2884 3189 2919 
9016 3011 5721 3007 
9017 3559 6445 3561 
9018 2311 6583 2046 
9019 2779 5815 5813 
9020 3630 3633 3632 
9021 3093 3094 3091 
9022 2740 2742 2741 
9023 2545 2547 2546 
9024 2541 2543 2542 
9025 2844 2846 2845 
9026 1776 1778 1777 
9027 2543 2545 2544 
9028 3954 4637 4498 
9029 3747 3749 3748 
9030 3868 6497 6437 
9031 3421 3424 3423 
9032 3566 6502 3564 
9033 2716 2717 2715 
9034 2370 2371 2369 
9035 2317 2319 2318 
9036 3097 3100 3095 
9037 3295 4194 2657 
9038 2718 3616 2717 
9039 4850 4900 4851 
9040 2677 2678 2676 
9041 5449 7111 5452 
9042 2135 2353 2133 
9043 3997 6472 3595 
9044 3467 3468 3465 
9045 4572 4573 3931 
9046 5473 5474 3965 
9047 2472 2473 2470 
9048 3215 6129 3242 
9049 643 1819 642 
9050 3092 3093 3091 
9051 3043 6533 3075 
9052 4595 8300 4596 
9053 2582 2598 2584 
9054 5138 6679 4968 
9055 3878 4091 3879 
9056 4795 4796 4794 
9057 2100 2101 2099 
9058 2776 6495 2779 
9059 5222 5224 5219 
9060 3618 3619 1997 
9061 1998 3621 3620 
9062 2950 2951 2948 
9063 352 6441 1538 
9064 2743 6454 2744 
9065 6501 6594 4204 
9066 2186 2935 2188 
9067 2810 2811 2808 
9068 4096 4272 4271 
9069 3088 6412 3092 
9070 3460 3461 3457 
9071 2848 2849 2847 
9072 2614 7932 4791 
9073 6456 6459 942 
9074 2806 6523 2809 
9075 4167 4242 4166 
9076 3521 3522 3520 
9077 3564 6502 3574 
9078 4573 6588 6513 
9079 3664 6499 4518 
9080 2491 6501 2493 
9081 3871 6511 6470 
9082 5814 6214 2783 
9083 2682 2684 2683 
9084 3132 5613 5195 
9085 6120 7979 4650 
9086 2565 5918 2562 
9087 3882 3883 3881 
9088 2696 3341 2695 
9089 4618 6484 3864 
9090 3497 3499 3498 
9091 537 6477 536 
9092 2129 2351 2127 
9093 2724 6498 3185 
9094 2123 2343 2121 
9095 4177 5335 3320 
9096 2646 3290 2647 
9097 2726 6498 2724 
9098 1854 1855 1768 
9099 532 1298 531 
9100 3749 6470 3805 
9101 2117 2315 2115 
9102 2638 6447 2512 
9103 3842 5728 5717 
9104 3754 6470 3751 
9105 4083 4084 3401 
9106 1492 6456 943 
9107 1944 1945 1942 
9108 2664 6714 6216 
9109 4140 4618 3864 
9110 535 1319 534 
9111 5357 5359 5358 
9112 6157 6687 1613 
9113 6161 6165 6159 
9114 3523 3524 3522 
9115 4704 4705 4703 
9116 5901 5902 5900 
9117 2360 6030 2358 
9118 4329 6805 4328 
9119 3889 6710 4167 
9120 2381 2383 2382 
9121 3937 6318 3869 
9122 3588 3604 3595 
9123 5815 6495 5820 
9124 5815 5819 5816 
9125 3634 3637 3636 
9126 3464 3465 3463 
9127 538 1326 537 
9128 4007 6526 5008 
9129 1774 1776 1775 
9130 3456 3457 3454 
9131 2111 2313 2109 
9132 4894 4896 4084 
9133 3275 4205 3931 
9134 3477 3479 3478 
9135 3886 4604 4603 
9136 3865 6506 4410 
9137 3483 3485 3484 
9138 2636 6549 3892 
9139 3481 3483 3482 
9140 2535 2537 2536 
9141 3479 3481 3480 
9142 4696 7548 4694 
9143 3250 4181 4180 
9144 5793 5795 5794 
9145 3180 3401 3179 
9146 2809 6582 2817 
9147 3751 6470 3749 
9148 3485 3487 3486 
9149 2512 6447 6134 
9150 541 1338 540 
9151 2694 2695 2693 
9152 6671 8337 5015 
9153 923 6458 1485 
9154 2744 6454 2747 
9155 1717 1755 1754 
9156 2832 2834 2833 
9157 941 6459 1490 
9158 3525 3526 3524 
9159 2717 3829 2715 
9160 3562 6445 3559 
9161 3151 3152 3063 
9162 3954 4498 3874 
9163 2366 2368 2367 
9164 5452 5974 5448 
9165 2037 2039 2038 
9166 6513 6588 2677 
9167 3394 4856 4855 
9168 1929 1931 1930 
9169 2929 6506 6436 
9170 3143 6497 4103 
9171 3216 4114 3950 
9172 2943 6624 3712 
9173 543 1836 542 
9174 1939 6723 1943 
9175 3627 3628 3280 
9176 4209 4210 3913 
9177 3487 3489 3488 
9178 2468 2659 2467 
9179 2628 2629 2569 
9180 716 6480 715 
9181 721 6481 720 
9182 708 1487 707 
9183 711 1484 710 
9184 714 1480 713 
9185 705 1489 704 
9186 717 1478 716 
9187 726 1471 725 
9188 720 1477 719 
9189 35 1473 728 
9190 723 1472 722 
9191 4405 4406 3617 
9192 4269 4497 4496 
9193 3631 6730 6643 
9194 2686 2687 2684 
9195 3008 5961 3064 
9196 2238 2239 2237 
9197 5739 5740 5738 
9198 2141 3213 2139 
9199 3185 4006 2723 
9200 1481 6457 931 
9201 2096 2098 2097 
9202 5363 5367 5366 
9203 4198 5293 5292 
9204 546 1342 545 
9205 5909 7737 5908 
9206 932 6460 1481 
9207 5697 5700 5699 
9208 2695 3876 2693 
9209 2690 6474 2688 
9210 4418 6448 3239 
9211 6623 8270 4283 
9212 2736 2738 2737 
9213 4205 4572 3931 
9214 4164 4554 3996 
9215 3746 6466 3747 
9216 6238 6566 6242 
9217 3489 3491 3490 
9218 3475 3477 3476 
9219 2720 6475 2718 
9220 2842 2844 2843 
9221 4253 6414 3405 
9222 2519 2660 2521 
9223 3928 4557 4000 
9224 3604 3996 3595 
9225 3185 4007 4006 
9226 2468 6597 2659 
9227 3595 6472 3586 
9228 4029 4030 4028 
9229 2747 6454 4048 
9230 4007 5006 4006 
9231 6546 7298 7282 
9232 2736 2739 2738 
9233 4007 5007 5006 
9234 6654 6723 3927 
9235 5127 5128 4600 
9236 2739 2740 2738 
9237 2458 2460 2459 
9238 6544 6545 3230 
9239 3864 6530 3785 
9240 2182 2183 2180 
9241 2941 3873 2729 
9242 34 4159 1595 
9243 3816 6530 6484 
9244 2386 4142 2938 
9245 3735 6505 3761 
9246 2729 6498 2726 
9247 2682 2683 2680 
9248 3491 3493 3492 
9249 2060 2061 2059 
9250 4001 4002 3929 
9251 3637 3954 3874 
9252 2105 2312 2103 
9253 2788 2791 2790 
9254 6052 6482 1617 
9255 2698 6478 2696 
9256 2527 2528 2522 
9257 2521 2522 2520 
9258 5839 5840 5837 
9259 3789 3800 3791 
9260 862 1532 861 
9261 897 1531 896 
9262 3747 6466 3750 
9263 2785 6467 2782 
9264 3648 3649 2652 
9265 896 6486 895 
9266 2474 2636 2473 
9267 5265 5266 5263 
9268 3493 3495 3494 
9269 2718 6475 3616 
9270 894 1535 893 
9271 865 1534 864 
9272 6436 6506 3865 
9273 3350 4376 4375 
9274 507 5684 506 
9275 4716 4718 4717 
9276 2688 2703 2687 
9277 3495 3497 3496 
9278 2678 2680 2679 
9279 2869 3314 2867 
9280 2361 2362 2360 
9281 5737 6564 5736 
9282 6056 6482 6052 
9283 2865 2904 2863 
9284 2167 6364 2150 
9285 4406 6502 3617 
9286 2436 2437 2434 
9287 2478 2514 2476 
9288 2428 2429 2426 
9289 5359 5360 5358 
9290 2522 6500 2520 
9291 3892 3893 3891 
9292 2684 6468 2683 
9293 2446 2447 2444 
9294 2859 2902 2857 
9295 2442 2443 2440 
9296 2450 2451 2448 
9297 2454 2455 2452 
9298 2422 2423 2420 
9299 2696 6478 3341 
9300 4049 6506 2929 
9301 2372 2373 2371 
9302 2418 2419 2416 
9303 3313 3399 3312 
9304 2873 3318 2871 
9305 2299 2415 2297 
9306 2213 6787 2209 
9307 2736 2737 2734 
9308 5897 5898 5894 
9309 2841 3230 2839 
9310 2293 2294 1993 
9311 2533 2535 2534 
9312 2101 3233 2099 
9313 2149 2150 2148 
9314 2359 2360 2358 
9315 4020 4023 4022 
9316 6377 6588 6379 
9317 3414 6579 3416 
9318 3805 6511 3823 
9319 2846 2847 2845 
9320 2703 3951 2687 
9321 1889 1890 1873 
9322 1871 1892 1891 
9323 3633 3634 3632 
9324 3189 4630 4086 
9325 3574 6445 3562 
9326 3604 4164 3996 
9327 3228 4204 3836 
9328 1956 2300 1757 
9329 6188 6608 2525 
9330 4836 6604 4011 
9331 109 2933 108 
9332 4926 4927 4925 
9333 2494 6140 2489 
9334 2488 2490 2486 
9335 2330 2331 2329 
9336 2853 2900 2851 
9337 3129 5929 3132 
9338 2334 2335 2333 
9339 5288 5497 5287 
9340 2631 2633 2632 
9341 2779 6495 5815 
9342 2482 2497 2480 
9343 3147 3969 3148 
9344 3742 3814 3744 
9345 4164 4850 4554 
9346 2555 6617 2650 
9347 2382 2384 2380 
9348 3275 3931 2673 
9349 2098 2099 2097 
9350 2678 2679 2676 
9351 4450 4451 4449 
9352 3728 3729 3437 
9353 4195 5480 4194 
9354 2553 6452 2550 
9355 2723 6475 2720 
9356 5901 5903 5902 
9357 2884 2919 2877 
9358 3894 4755 3893 
9359 6658 6703 4317 
9360 2804 2807 2806 
9361 2254 2256 2255 
9362 2528 2531 2530 
9363 564 1453 563 
9364 1431 6670 4921 
9365 6128 6482 6056 
9366 6470 6511 3805 
9367 5368 5471 5369 
9368 998 6666 1447 
9369 4870 4891 4884 
9370 2703 4095 3951 
9371 3908 4446 3644 
9372 3088 3091 3090 
9373 6765 6989 3654 
9374 1802 5523 5516 
9375 3087 6412 3088 
9376 2688 6474 2703 
9377 3046 3077 3076 
9378 2304 2305 2086 
9379 895 6531 894 
9380 2467 6547 2464 
9381 2531 2533 2532 
9382 6506 6563 4410 
9383 2701 6478 2698 
9384 2875 6508 2873 
9385 2252 2254 2253 
9386 5240 5241 5238 
9387 6478 7214 3341 
9388 2026 2028 2027 
9389 2391 2394 2393 
9390 2693 6474 2690 
9391 3159 6418 2524 
9392 472 6623 471 
9393 2376 6485 2379 
9394 3088 3090 3086 
9395 6060 6649 1618 
9396 68 1435 299 
9397 2259 4598 3975 
9398 2576 6610 2575 
9399 3280 6447 2638 
9400 2338 2339 2337 
9401 2462 2463 2460 
9402 4136 4512 4135 
9403 4130 4510 4131 
9404 3746 3747 3745 
9405 5841 5842 5840 
9406 3936 3937 3869 
9407 3882 3884 3883 
9408 5385 7971 5388 
9409 2326 2327 2325 
9410 2438 2439 2437 
9411 2164 6409 2141 
9412 209 3281 208 
9413 2430 2431 2429 
9414 4243 4283 4242 
9415 4348 4350 4349 
9416 2012 2014 2013 
9417 2424 2926 2423 
9418 3361 3395 2384 
9419 4097 6417 3393 
9420 2094 2096 2095 
9421 2432 3198 2431 
9422 3000 3001 2997 
9423 2401 3316 2399 
9424 5694 6823 3166 
9425 3164 6822 5693 
9426 3258 3945 3942 
9427 1421 4912 3 
9428 3712 6624 5914 
9429 1190 1369 1191 
9430 1188 1367 1189 
9431 2295 2296 2294 
9432 1435 4314 299 
9433 1468 5897 5894 
9434 3873 6498 2729 
9435 3268 6580 2632 
9436 5041 5308 5117 
9437 4414 4415 3905 
9438 2403 6518 2401 
9439 2097 3910 2095 
9440 2464 6547 2463 
9441 2687 6468 2684 
9442 5985 6575 5988 
9443 3782 6530 3780 
9444 3792 6727 3790 
9445 3972 4162 3971 
9446 2994 2995 2993 
9447 5898 5901 5900 
9448 2847 2885 2845 
9449 1890 1926 1925 
9450 1900 1901 1892 
9451 5544 6751 3551 
9452 3785 6530 3782 
9453 4468 5391 4467 
9454 4093 4269 4268 
9455 3921 4366 3923 
9456 3734 3735 3733 
9457 6643 6730 6032 
9458 2921 6516 2838 
9459 2996 2997 2995 
9460 2375 2376 2373 
9461 2998 3000 2997 
9462 3002 3003 3000 
9463 3004 3005 3003 
9464 4522 5018 3704 
9465 1965 3201 1964 
9466 2844 2845 2843 
9467 5817 5824 5822 
9468 1610 6566 6238 
9469 3637 3874 3636 
9470 4794 6794 6076 
9471 3976 6296 3884 
9472 254 1289 253 
9473 2244 2245 2243 
9474 4049 6563 6506 
9475 4210 6688 3913 
9476 2930 6427 2816 
9477 3002 3004 3003 
9478 2998 3002 3000 
9479 4557 6541 4000 
9480 3264 6620 4097 
9481 4023 4025 4024 
9482 2996 2998 2997 
9483 2493 6501 2498 
9484 6484 6530 3864 
9485 1991 3255 3200 
9486 2674 2676 2675 
9487 2962 2964 2960 
9488 2322 2323 2321 
9489 3555 6461 3849 
9490 2509 2510 2507 
9491 3880 6507 3882 
9492 1295 3994 317 
9493 2994 2996 2995 
9494 3847 4320 4319 
9495 2954 3073 2952 
9496 1778 1964 1777 
9497 3557 6461 3555 
9498 3402 3914 2282 
9499 2992 2993 2991 
9500 6242 6566 6248 
9501 2958 2971 2956 
9502 2440 6559 2439 
9503 2674 6513 2677 
9504 4025 4388 4280 
9505 2671 7935 5787 
9506 2506 2507 2505 
9507 1386 4906 4905 
9508 2230 2232 2231 
9509 4573 6513 3931 
9510 1926 1927 1925 
9511 1900 1902 1901 
9512 6475 6600 3616 
9513 2297 6561 2296 
9514 6486 6531 895 
9515 2093 2094 1855 
9516 2831 6582 3837 
9517 2735 2736 2734 
9518 3634 3636 3635 
9519 894 6531 1535 
9520 1905 1906 1904 
9521 2519 2521 2520 
9522 2732 2735 2734 
9523 3634 3635 3632 
9524 4017 4072 4018 
9525 3874 3952 3636 
9526 2289 6615 2206 
9527 2867 6517 2865 
9528 3716 6471 3718 
9529 2657 6452 2553 
9530 2659 3966 3965 
9531 2154 2157 2156 
9532 2989 6612 3049 
9533 3629 3630 3628 
9534 4006 6475 2723 
9535 2250 2252 2251 
9536 2401 6518 3316 
9537 145 3260 1269 
9538 2524 2525 2510 
9539 3062 3063 2965 
9540 3886 6296 4604 
9541 2400 2402 2401 
9542 3966 5475 5473 
9543 2498 6501 3228 
9544 1776 1777 1775 
9545 2992 2994 2993 
9546 2504 2505 2490 
9547 3416 6579 3419 
9548 318 1295 317 
9549 2642 6606 3851 
9550 2674 2675 2395 
9551 2527 6465 2528 
9552 555 1831 554 
9553 3355 6510 2941 
9554 2545 2644 2547 
9555 5350 5351 5347 
9556 2541 2651 2543 
9557 2610 2611 2599 
9558 2528 6465 2531 
9559 2817 6582 2831 
9560 3223 3946 3681 
9561 2458 2459 2456 
9562 2659 3965 2467 
9563 4041 4043 4042 
9564 4038 4039 4037 
9565 3185 6526 4007 
9566 1755 1960 1959 
9567 5560 6563 4049 
9568 3183 3936 3869 
9569 1296 3665 3664 
9570 2394 2673 2395 
9571 3269 4171 4170 
9572 3888 3976 3884 
9573 2839 6605 2837 
9574 2096 2097 2095 
9575 1821 6575 5985 
9576 3183 3938 3936 
9577 3242 4305 3848 
9578 3876 6474 2693 
9579 2791 3190 2792 
9580 5988 6070 5990 
9581 2673 2674 2395 
9582 2635 6216 2633 
9583 3967 6518 2403 
9584 3212 6448 3928 
9585 310 2934 309 
9586 2004 2006 2005 
9587 2002 2004 2003 
9588 3163 5258 2187 
9589 2871 6521 2869 
9590 3059 6630 3061 
9591 1732 1733 1731 
9592 5188 5189 4959 
9593 2549 3183 2551 
9594 2006 2008 2007 
9595 3189 4086 2919 
9596 5346 5347 5344 
9597 2008 2010 2009 
9598 3931 6513 2673 
9599 2010 2012 2011 
9600 835 1426 834 
9601 844 1428 843 
9602 832 1429 831 
9603 838 1423 837 
9604 841 1425 840 
9605 250 1296 249 
9606 4194 6452 2657 
9607 2524 2624 2525 
9608 4086 4146 2919 
9609 6242 6248 6244 
9610 4801 4804 4803 
9611 3875 6418 3159 
9612 101 1306 100 
9613 1326 6477 537 
9614 3303 4436 4435 
9615 1538 4820 4 
9616 5629 5632 5631 
9617 2370 2372 2371 
9618 5383 5384 5381 
9619 4718 4720 4719 
9620 3818 3864 3785 
9621 1315 7014 1433 
9622 3561 6461 3557 
9623 6474 6607 2703 
9624 1939 1943 1941 
9625 3013 3052 3011 
9626 2058 2059 2057 
9627 2563 6669 2564 
9628 2256 2258 2257 
9629 3896 6559 4441 
9630 27 1311 636 
9631 31 1310 645 
9632 3744 3746 3745 
9633 3966 5473 3965 
9634 1501 7911 6315 
9635 5426 5427 5425 
9636 3718 6471 5333 
9637 3534 7016 3539 
9638 2439 3895 2437 
9639 2431 3897 2429 
9640 3902 6760 4273 
9641 3963 7529 6189 
9642 2926 4069 2423 
9643 2296 3898 2294 
9644 2567 2628 2569 
9645 638 6075 637 
9646 2248 2250 2249 
9647 3899 6561 4468 
9648 3732 3733 3731 
9649 2794 2797 2796 
9650 3952 6970 6934 
9651 3739 3740 3736 
9652 137 1305 136 
9653 3361 4672 4671 
9654 3452 6552 3447 
9655 3741 3760 3740 
9656 1785 1991 1990 
9657 3648 4017 3649 
9658 3201 4011 1964 
9659 5187 8094 1450 
9660 1983 6689 1878 
9661 3302 7454 6308 
9662 566 1837 565 
9663 2993 3021 2991 
9664 2313 7069 6268 
9665 1734 1774 1741 
9666 2000 2002 2001 
9667 5083 7680 7499 
9668 5021 5022 5020 
9669 3223 3224 1959 
9670 2368 2370 2369 
9671 2443 6559 2440 
9672 2673 6513 2674 
9673 2636 3891 3890 
9674 2873 6508 3318 
9675 2439 3896 3895 
9676 2834 2835 2833 
9677 2926 4070 4069 
9678 3630 3631 3628 
9679 3951 6468 2687 
9680 4240 4818 3937 
9681 3877 6565 6485 
9682 3630 3632 3631 
9683 1993 6581 1965 
9684 3260 3261 1269 
9685 1777 2412 1775 
9686 3434 3728 3437 
9687 6447 6643 6032 
9688 1478 6480 716 
9689 831 6527 830 
9690 150 1294 149 
9691 720 6481 1477 
9692 2296 3899 3898 
9693 2944 6628 2942 
9694 2507 2508 2505 
9695 2228 2230 2229 
9696 2415 6561 2297 
9697 1741 1769 1735 
9698 2434 6584 2432 
9699 2426 6585 2424 
9700 3896 4439 3895 
9701 3301 6663 3699 
9702 3896 4440 4439 
9703 1734 1735 1733 
9704 3314 6517 2867 
9705 2865 6517 2904 
9706 1296 3441 249 
9707 3087 3088 3086 
9708 3899 4466 3898 
9709 5474 6547 3965 
9710 3083 3085 3081 
9711 4151 4908 1305 
9712 5422 5425 1568 
9713 2301 2407 2300 
9714 2732 2733 2669 
9715 2996 2999 2998 
9716 6452 6614 2548 
9717 3083 3087 3086 
9718 6062 6649 6060 
9719 4907 5971 3914 
9720 3899 4467 4466 
9721 3023 3025 3024 
9722 2487 6594 2491 
9723 2916 3668 2915 
9724 2840 2842 2841 
9725 1902 1904 1903 
9726 1928 1929 1927 
9727 6585 6657 2926 
9728 2842 2843 2841 
9729 4168 4793 4169 
9730 1774 1775 1741 
9731 2665 6704 2664 
9732 4315 4532 4314 
9733 3201 4054 4011 
9734 2841 6544 3230 
9735 4054 4835 4011 
9736 1749 6725 5038 
9737 148 4843 4549 
9738 6490 6492 6488 
9739 2941 6510 3873 
9740 2094 2095 1855 
9741 4006 6600 6475 
9742 5367 5368 5366 
9743 2524 6418 2624 
9744 2869 6521 3314 
9745 342 1436 341 
9746 345 1437 344 
9747 348 1438 347 
9748 3375 3376 3373 
9749 3861 4778 4583 
9750 2382 3361 2384 
9751 4054 4839 4835 
9752 3965 6547 2467 
9753 2432 6584 3198 
9754 3319 4177 3320 
9755 4236 6729 6644 
9756 4921 4925 4924 
9757 2636 3890 2473 
9758 3929 6654 3927 
9759 3934 4029 4028 
9760 2375 2381 2380 
9761 2424 6585 2926 
9762 5125 5321 4443 
9763 6683 6760 3902 
9764 2384 6485 2380 
9765 349 6554 348 
9766 1230 1402 1231 
9767 1227 1399 1228 
9768 1236 1404 98 
9769 1233 1403 1234 
9770 3361 4671 3395 
9771 2732 2734 2733 
9772 1538 4844 4820 
9773 3228 6501 4204 
9774 4025 4643 4388 
9775 1871 1899 1892 
9776 1890 1924 1873 
9777 1965 6581 3201 
9778 5988 6575 6070 
9779 476 5466 1786 
9780 3665 3727 3664 
9781 3318 6521 2871 
9782 4086 4427 4146 
9783 2474 6549 2636 
9784 2798 2814 2800 
9785 6965 6991 3973 
9786 4300 6809 3199 
9787 4827 4829 4828 
9788 2375 2380 2376 
9789 2372 2375 2373 
9790 2521 2527 2522 
9791 2985 6793 3067 
9792 4698 8348 6914 
9793 2240 2241 2239 
9794 39 1264 743 
9795 4804 4806 4805 
9796 2533 2909 2535 
9797 3061 6630 3078 
9798 1088 1739 1087 
9799 1235 6557 1236 
9800 4822 4991 4990 
9801 5186 5239 5238 
9802 2246 2248 2247 
9803 3837 5681 4359 
9804 2663 2665 2664 
9805 2341 2359 2358 
9806 2316 2317 2310 
9807 2677 6588 6377 
9808 3353 4477 3257 
9809 4124 5116 3671 
9810 1918 6749 1914 
9811 1531 6486 896 
9812 3891 4317 3890 
9813 2141 6409 3213 
9814 3086 6553 3085 
9815 1916 1918 1914 
9816 1152 5140 1153 
9817 5760 6737 4204 
9818 5310 5311 4742 
9819 5423 6621 5422 
9820 2480 6550 2478 
9821 3714 6443 3467 
9822 4361 4445 3678 
9823 2470 6597 2468 
9824 4764 4766 4065 
9825 3079 3082 3081 
9826 3648 4783 4017 
9827 2379 6565 2386 
9828 3884 6296 3883 
9829 4302 6683 3809 
9830 3399 4779 4560 
9831 2877 6551 2875 
9832 2408 3405 2407 
9833 5443 6654 4002 
9834 3876 6607 6474 
9835 2185 2186 2184 
9836 6432 6756 4214 
9837 2331 2334 2333 
9838 3406 4253 3405 
9839 4452 4453 4451 
9840 3878 4110 4091 
9841 1404 2352 1646 
9842 3503 3598 3505 
9843 3333 3678 2392 
9844 2327 2330 2329 
9845 4672 4854 4671 
9846 1769 4450 4449 
9847 1284 4010 277 
9848 2800 6529 2802 
9849 1647 1690 1682 
9850 1296 3664 3441 
9851 2394 2395 2393 
9852 2380 6485 2376 
9853 4755 4756 3893 
9854 3182 6641 1960 
9855 3964 6476 3255 
9856 2547 6574 2549 
9857 2824 6750 2827 
9858 3066 5727 3025 
9859 2573 6602 2574 
9860 3900 6626 6505 
9861 2362 2920 2364 
9862 2242 2243 2241 
9863 3936 4240 3937 
9864 350 6556 349 
9865 2624 3179 2652 
9866 3082 3083 3081 
9867 6644 6729 3540 
9868 3510 3512 3511 
9869 567 6548 566 
9870 3761 6626 3813 
9871 4793 4795 4794 
9872 2437 6584 2434 
9873 4320 4514 4319 
9874 2429 6585 2426 
9875 1424 6570 6569 
9876 1755 1959 1754 
9877 2992 3032 2994 
9878 4643 5070 4388 
9879 5510 5511 5509 
9880 2381 2382 2380 
9881 3183 6574 3938 
9882 2294 6581 1993 
9883 3869 6617 2551 
9884 3979 6599 3145 
9885 2821 2882 2822 
9886 2802 6528 2804 
9887 141 5580 140 
9888 1808 1809 1707 
9889 1704 1811 1810 
9890 2359 2361 2360 
9891 3744 3745 3743 
9892 2624 2652 2525 
9893 5360 5364 5362 
9894 1768 3221 1730 
9895 3870 4304 3239 
9896 3083 3086 3085 
9897 1276 4328 118 
9898 123 4327 1277 
9899 3316 6775 2399 
9900 1199 4693 1200 
9901 2628 3147 2629 
9902 5239 5240 5238 
9903 3447 3449 3448 
9904 5584 6568 1494 
9905 1098 6569 1097 
9906 2323 2326 2325 
9907 2370 2374 2372 
9908 2028 2030 2029 
9909 5153 5154 5152 
9910 1093 1430 1092 
9911 1096 1427 1095 
9912 1099 1424 1098 
9913 1090 1431 1089 
9914 5532 5538 1504 
9915 6845 6846 6844 
9916 2034 2037 2036 
9917 3223 3681 3224 
9918 2845 6546 2843 
9919 2551 6617 2552 
9920 3727 6499 3664 
9921 3902 4273 3901 
9922 3933 6129 3215 
9923 3760 3902 3901 
9924 2439 6559 3896 
9925 2284 3363 2286 
9926 2170 2172 2171 
9927 3152 3917 3916 
9928 2626 4230 2616 
9929 4414 4628 4415 
9930 1960 3223 1959 
9931 2296 6561 3899 
9932 3090 6553 3086 
9933 2366 2377 2368 
9934 3393 6417 4791 
9935 2335 2338 2337 
9936 2304 2306 2305 
9937 2630 2631 2623 
9938 3204 3206 1983 
9939 6243 8207 7083 
9940 2621 2642 2641 
9941 4602 4605 3885 
9942 3932 6749 6696 
9943 4295 4297 4253 
9944 1298 5245 531 
9945 5006 6600 4006 
9946 3978 4658 3979 
9947 7048 7274 5607 
9948 3179 3648 2652 
9949 1986 3344 2075 
9950 3919 3921 3920 
9951 2309 2310 2308 
9952 2667 2669 2668 
9953 2615 2619 2602 
9954 2875 6551 6508 
9955 2885 6546 2845 
9956 4455 4456 4297 
9957 2807 2810 2808 
9958 4166 6577 3888 
9959 3468 3470 3469 
9960 2090 6869 6844 
9961 1341 6623 472 
9962 2990 2992 2991 
9963 1741 6593 1769 
9964 3696 3704 3596 
9965 3789 6571 3800 
9966 3537 4221 4220 
9967 4192 6427 2930 
9968 2919 6551 2877 
9969 3447 6552 3449 
9970 3035 3222 3033 
9971 2642 3307 3306 
9972 4156 4157 2931 
9973 4416 4417 3241 
9974 3972 5214 5213 
9975 1295 4692 3994 
9976 351 1740 350 
9977 2810 2812 2811 
9978 3461 3463 3462 
9979 2655 5918 2565 
9980 1284 4176 4010 
9981 5429 7162 5432 
9982 2405 3968 3967 
9983 3953 7641 4360 
9984 2338 3173 2339 
9985 2827 2878 2828 
9986 1630 1666 1665 
9987 1659 1660 1628 
9988 371 6894 1796 
9989 2730 6624 2943 
9990 3447 3448 3445 
9991 4221 4402 4222 
9992 3681 3948 3224 
9993 3849 6552 3452 
9994 2030 2033 2031 
9995 2478 6550 2514 
9996 4980 4981 4979 
9997 6159 6687 6157 
9998 4806 4983 4807 
9999 4149 4150 3182 
10000 4000 6541 5889 
10001 3449 3451 3450 
10002 2900 7372 7359 
10003 3739 3741 3740 
10004 4150 6641 3182 
10005 140 1414 139 
10006 3626 4495 4014 
10007 3451 3454 3453 
10008 1690 6699 5933 
10009 5475 6658 6139 
10010 2834 2836 2835 
10011 2056 2057 2055 
10012 3545 3626 3624 
10013 4646 4689 1346 
10014 4450 4452 4451 
10015 1562 1694 1652 
10016 208 3271 207 
10017 3230 6605 2839 
10018 2319 2322 2321 
10019 3474 4234 3600 
10020 2703 6607 4095 
10021 4116 6834 3950 
10022 4432 4434 3400 
10023 4235 4898 4897 
10024 2093 6589 2094 
10025 5790 6648 5793 
10026 4616 4617 3940 
10027 3852 4378 4275 
10028 3692 6675 4279 
10029 2644 6574 2547 
10030 4009 6659 4008 
10031 2622 2623 2609 
10032 1091 6670 1090 
10033 4002 6654 3929 
10034 2361 6622 2362 
10035 6485 6565 2379 
10036 2359 3904 2361 
10037 4909 4910 4453 
10038 3742 3744 3743 
10039 2659 6703 3966 
10040 3729 3732 3731 
10041 2549 6574 3183 
10042 2788 6631 2791 
10043 4235 4236 3600 
10044 2787 6631 2788 
10045 3394 6619 4856 
10046 3453 3455 3450 
10047 254 3999 1289 
10048 3602 4294 3974 
10049 3258 3942 3353 
10050 5548 6571 3787 
10051 3474 3475 3459 
10052 1775 6593 1741 
10053 3458 3459 3455 
10054 4897 4899 4236 
10055 3466 3544 3462 
10056 2497 6550 2480 
10057 3345 3400 2388 
10058 3269 4168 3190 
10059 2260 3359 3356 
10060 3291 6726 3319 
10061 2843 6546 6544 
10062 2975 3050 2973 
10063 3537 4219 3469 
10064 4563 4564 4352 
10065 2555 2650 2557 
10066 2326 6504 2327 
10067 3545 3546 3544 
10068 3897 6657 6585 
10069 3624 3625 3546 
10070 2232 6520 2231 
10071 2084 2085 2082 
10072 4146 6551 2919 
10073 2387 2410 2210 
10074 2154 2156 2155 
10075 3406 4296 4295 
10076 1194 4744 1195 
10077 2593 2594 2591 
10078 2473 6597 2470 
10079 1956 2301 2300 
10080 2791 3269 3190 
10081 3353 4478 4477 
10082 4084 4790 3401 
10083 5134 5135 4051 
10084 639 6542 638 
10085 23 4670 556 
10086 3837 6582 5681 
10087 2144 3231 1985 
10088 3359 4703 4051 
10089 6367 6647 3743 
10090 5155 5156 5154 
10091 5176 5180 5179 
10092 7289 8424 5827 
10093 1937 6723 1939 
10094 2627 3258 3257 
10095 2627 2646 2619 
10096 1383 4860 4770 
10097 2608 2609 2607 
10098 3132 5929 5613 
10099 5544 6443 3714 
10100 4336 6805 4329 
10101 2596 2597 2594 
10102 122 4902 121 
10103 2879 2888 2887 
10104 3904 4413 3905 
10105 2559 2640 2561 
10106 1769 6593 4450 
10107 3895 6584 2437 
10108 3897 6585 2429 
10109 3333 4362 4361 
10110 3742 3743 3741 
10111 2998 6590 3002 
10112 3406 4295 4253 
10113 1289 4109 253 
10114 3692 4278 3691 
10115 3241 6589 2093 
10116 1717 1754 1718 
10117 4159 6784 6708 
10118 2662 2663 2635 
10119 2843 6544 2841 
10120 5158 5159 3693 
10121 2334 6619 2335 
10122 3898 6581 2294 
10123 2633 6216 2653 
10124 2244 2246 2245 
10125 3932 6696 3934 
10126 4534 4535 3968 
10127 4424 6795 3178 
10128 4982 5198 5197 
10129 2408 3406 3405 
10130 2322 6509 2323 
10131 1350 6922 1316 
10132 4295 4455 4297 
10133 6581 6692 3201 
10134 3070 7305 6512 
10135 2338 3394 3173 
10136 3904 3905 2361 
10137 3893 6611 3891 
10138 1734 1741 1735 
10139 2899 3691 2896 
10140 3269 4170 4168 
10141 2306 2309 2308 
10142 3261 3263 1269 
10143 4306 4907 3914 
10144 1933 1935 1934 
10145 5793 5911 5795 
10146 6584 6691 3198 
10147 3888 6577 3976 
10148 3255 3615 3200 
10149 5100 5101 5098 
10150 2226 2228 2227 
10151 3190 6596 2792 
10152 6700 6724 2490 
10153 3614 4822 4821 
10154 3712 5914 4590 
10155 3472 6576 3470 
10156 3373 6143 3371 
10157 4351 4352 4350 
10158 3681 4211 3948 
10159 3930 4773 3684 
10160 1185 1656 1186 
10161 3510 3511 3508 
10162 2668 6704 2665 
10163 2082 6850 2081 
10164 2411 4082 4081 
10165 3285 5552 5551 
10166 2838 2840 2839 
10167 6591 6592 3290 
10168 3468 3469 3465 
10169 3258 3353 3257 
10170 2391 2393 2392 
10171 4413 4414 3905 
10172 4770 4771 4769 
10173 2234 2236 2235 
10174 2301 2408 2407 
10175 1991 3200 1990 
10176 3393 4791 4071 
10177 2838 6516 2840 
10178 3798 5513 3788 
10179 6031 6730 6464 
10180 318 3998 1295 
10181 1565 6648 5790 
10182 3481 6856 6123 
10183 2412 6593 1775 
10184 3461 3462 3457 
10185 6597 6703 2659 
10186 3223 6641 3946 
10187 2731 2732 2669 
10188 4452 4909 4453 
10189 3356 3357 2261 
10190 3891 6611 4317 
10191 2641 3238 2626 
10192 2840 2841 2839 
10193 5351 5355 5347 
10194 3231 4073 1985 
10195 6028 6906 6027 
10196 4408 5151 4064 
10197 1649 1732 1731 
10198 2066 2068 2067 
10199 3078 3079 3069 
10200 3732 3734 3733 
10201 2209 6787 2207 
10202 3739 3742 3741 
10203 3813 6674 5931 
10204 3602 3610 3511 
10205 3394 4855 4239 
10206 3497 3594 3499 
10207 5539 5541 5538 
10208 3280 6643 6447 
10209 5632 5634 5633 
10210 2339 6595 2341 
10211 4951 6802 4952 
10212 2327 6504 2330 
10213 2395 6586 2393 
10214 3477 3540 3479 
10215 3910 6695 2095 
10216 2406 6767 6736 
10217 1756 1757 1718 
10218 2656 6663 3301 
10219 3198 6598 2431 
10220 3394 4239 3173 
10221 3972 5213 4162 
10222 3483 3543 3485 
10223 3699 6663 5212 
10224 3333 4361 3678 
10225 6196 8006 6197 
10226 2525 6608 2510 
10227 2236 2238 2237 
10228 2214 3216 2213 
10229 5818 6804 6214 
10230 6065 6649 6062 
10231 3648 6625 4783 
10232 2954 6558 3073 
10233 3740 6505 3736 
10234 2301 3925 2408 
10235 6505 6626 3761 
10236 2510 6608 2507 
10237 2994 6601 2996 
10238 2836 2838 2837 
10239 2405 3967 2403 
10240 4230 6721 2616 
10241 2431 6598 3897 
10242 3255 6476 3615 
10243 4469 4471 3956 
10244 4415 6622 3905 
10245 2231 6520 3303 
10246 2507 6608 2508 
10247 2791 6631 3269 
10248 2393 3333 2392 
10249 3602 6667 4294 
10250 3945 6866 3942 
10251 3787 6571 3789 
10252 2078 2284 2283 
10253 3372 3374 3373 
10254 2075 6124 2077 
10255 3260 3262 3261 
10256 1964 6604 1777 
10257 3631 6643 3628 
10258 1982 3332 2160 
10259 2166 2168 2167 
10260 6465 6603 2531 
10261 2564 6669 2567 
10262 137 4106 1305 
10263 2804 6528 2807 
10264 3736 6505 3735 
10265 3917 3919 3918 
10266 2335 6619 2338 
10267 1732 1734 1733 
10268 5865 6808 3828 
10269 4011 6604 1964 
10270 3489 3605 3491 
10271 1208 1419 1209 
10272 1214 1413 1215 
10273 89 1417 1204 
10274 1211 1415 1212 
10275 2627 3257 2646 
10276 2836 2837 2835 
10277 2586 2587 2585 
10278 2531 6603 2533 
10279 4361 5157 4445 
10280 4729 4730 4181 
10281 3628 6643 3280 
10282 4428 4782 4305 
10283 3734 3738 3736 
10284 1206 1853 1207 
10285 4480 4481 3652 
10286 3493 3609 3495 
10287 5634 5636 5635 
10288 2323 6509 2326 
10289 2947 6628 2944 
10290 1777 6604 2412 
10291 4019 6661 6188 
10292 4221 4222 4220 
10293 1870 6772 1871 
10294 1873 6773 1872 
10295 3200 3272 1990 
10296 3215 3242 2143 
10297 4158 4186 4157 
10298 5275 7299 3746 
10299 3173 6595 2339 
10300 2362 6622 2920 
10301 2577 2615 2602 
10302 1785 1956 1757 
10303 4088 4265 3165 
10304 2260 2261 2258 
10305 2792 6596 2794 
10306 3449 3450 3448 
10307 2150 6364 2148 
10308 2218 2219 2216 
10309 4514 4651 4319 
10310 3734 3736 3735 
10311 3402 4306 3914 
10312 4827 4828 4825 
10313 3470 3537 3469 
10314 3346 4096 3206 
10315 2810 2820 2812 
10316 1429 6527 831 
10317 3463 3466 3462 
10318 1937 1939 1938 
10319 3890 6597 2473 
10320 1754 1756 1718 
10321 3401 6625 3179 
10322 4495 4687 4014 
10323 3451 3453 3450 
10324 3626 4014 3624 
10325 3907 6840 6830 
10326 6019 6973 6023 
10327 3516 3611 3514 
10328 2956 6558 2954 
10329 4234 4235 3600 
10330 1759 1760 1716 
10331 2285 6720 2283 
10332 4037 6769 3673 
10333 3676 6770 4041 
10334 3699 5212 4184 
10335 6607 7253 4095 
10336 2316 2671 2317 
10337 5457 6829 1398 
10338 1756 6677 6217 
10339 5511 5512 5509 
10340 4235 4897 4236 
10341 2999 6590 2998 
10342 3453 3458 3455 
10343 1283 3670 3408 
10344 3458 3474 3459 
10345 3474 3600 3475 
10346 3021 6612 2991 
10347 3928 6448 4557 
10348 3466 3545 3544 
10349 3537 4220 4219 
10350 3545 3624 3546 
10351 2802 6529 6528 
10352 4402 4571 4222 
10353 6572 6573 3306 
10354 1878 4257 1848 
10355 2304 6578 2306 
10356 2986 5750 3071 
10357 2054 2055 2053 
10358 4029 6696 5730 
10359 271 1320 55 
10360 50 1321 260 
10361 2675 6586 2395 
10362 3167 4264 4090 
10363 4822 4990 4821 
10364 2628 3909 3147 
10365 4004 5443 4002 
10366 3152 3916 3063 
10367 2615 2627 2619 
10368 2250 2262 2252 
10369 5038 6725 5041 
10370 3311 3312 3310 
10371 2600 2601 2597 
10372 3307 6572 3306 
10373 2987 6793 2985 
10374 2603 2604 2601 
10375 4756 6611 3893 
10376 4918 4923 4919 
10377 3528 3549 3526 
10378 2646 6591 3290 
10379 3242 4428 4305 
10380 3048 3054 3053 
10381 2960 6562 2958 
10382 3249 6720 2285 
10383 7 1696 375 
10384 3512 3602 3511 
10385 3179 6625 3648 
10386 5793 6648 5911 
10387 2533 6603 2909 
10388 2667 2731 2669 
10389 2174 2175 2172 
10390 2280 3684 2278 
10391 2838 2839 2837 
10392 3359 4051 3356 
10393 4470 4567 4566 
10394 6076 6768 2797 
10395 2814 6529 2800 
10396 2490 6724 2486 
10397 2158 2349 2348 
10398 2238 2240 2239 
10399 4918 4919 1711 
10400 4703 5134 4051 
10401 1841 1842 1840 
10402 1844 1846 1845 
10403 2990 2991 2989 
10404 5480 6614 4194 
10405 4445 6926 3678 
10406 5389 7708 5622 
10407 4294 4483 3974 
10408 2242 2244 2243 
10409 1939 1941 1940 
10410 4204 6737 3836 
10411 2958 6562 2971 
10412 3898 6692 6581 
10413 3732 6650 3734 
10414 2642 3306 2641 
10415 2309 3911 2316 
10416 3895 6691 6584 
10417 2898 3168 3158 
10418 640 1400 639 
10419 3738 3739 3736 
10420 2567 6669 2628 
10421 4236 6644 3600 
10422 273 1288 272 
10423 259 1287 258 
10424 3829 7792 6162 
10425 2260 3356 2261 
10426 3402 6720 6715 
10427 3966 6658 5475 
10428 3942 6616 3353 
10429 6791 6863 4704 
10430 1909 1910 1908 
10431 1421 4916 4912 
10432 1695 1979 1877 
10433 348 6554 1438 
10434 2393 6586 3333 
10435 3522 3592 3520 
10436 1756 1785 1757 
10437 4158 4226 4186 
10438 2508 6700 2505 
10439 1785 1990 1956 
10440 3269 6631 4171 
10441 3148 6832 2629 
10442 2621 2626 2616 
10443 2661 3990 3266 
10444 3056 7227 4999 
10445 999 6666 998 
10446 1923 2143 1911 
10447 5059 5202 3686 
10448 2621 2641 2626 
10449 3353 6616 4478 
10450 2926 6657 4070 
10451 3045 3048 3047 
10452 4477 6591 3257 
10453 1650 6930 871 
10454 3537 6576 4221 
10455 2794 6596 2797 
10456 2634 3939 2662 
10457 2341 6595 2359 
10458 3030 3074 3028 
10459 3346 4810 4393 
10460 2588 6842 2595 
10461 2389 2390 2350 
10462 3173 6763 6595 
10463 3602 3974 3610 
10464 2666 2667 2665 
10465 2996 6601 2999 
10466 3593 4098 3613 
10467 6883 7464 6884 
10468 1690 1717 1691 
10469 3079 3081 3080 
10470 1236 6557 1404 
10471 3905 6622 2361 
10472 2072 2149 2148 
10473 566 6548 1837 
10474 2309 2316 2310 
10475 4304 4784 4418 
10476 5377 5378 5375 
10477 3201 6692 4054 
10478 1960 6641 3223 
10479 3319 6726 4743 
10480 4194 6614 6452 
10481 5983 8351 7505 
10482 3934 6696 4029 
10483 1369 4749 1191 
10484 2142 3239 3212 
10485 3760 6647 3902 
10486 2989 3049 2987 
10487 2256 2260 2258 
10488 2317 6618 2319 
10489 1989 2912 1924 
10490 1899 2911 1988 
10491 2375 6629 2381 
10492 3196 3685 2347 
10493 5385 5386 5384 
10494 4106 4151 1305 
10495 6692 6738 4054 
10496 3059 3060 3054 
10497 349 6556 6554 
10498 3040 3041 3038 
10499 6165 6687 6159 
10500 3239 6448 3212 
10501 1289 4145 4109 
10502 6925 7799 5618 
10503 3224 6677 1959 
10504 2620 2661 2639 
10505 4027 6851 4558 
10506 4304 4418 3239 
10507 1959 6677 1754 
10508 3741 6647 3760 
10509 4152 4153 3710 
10510 2193 2194 2192 
10511 3068 3145 3060 
10512 4967 4969 4968 
10513 3927 6723 1948 
10514 3614 3978 3145 
10515 3032 6601 2994 
10516 3043 3045 3044 
10517 3470 6576 3537 
10518 4938 4940 4939 
10519 45 1388 808 
10520 2611 2621 2616 
10521 1732 6708 6341 
10522 1435 4315 4314 
10523 6708 6784 6341 
10524 2970 6742 3065 
10525 6626 6674 3813 
10526 2372 6629 2375 
10527 2391 2392 2390 
10528 3257 6591 2646 
10529 3939 4454 3940 
10530 1914 6749 1912 
10531 5614 7063 5195 
10532 3063 6702 2965 
10533 4050 6937 6068 
10534 89 1418 1417 
10535 3231 4112 4073 
10536 2505 6700 2490 
10537 2240 2242 2241 
10538 3465 6635 3463 
10539 3457 6637 3454 
10540 3266 4232 2639 
10541 2072 2148 2147 
10542 2352 4196 1646 
10543 5186 5238 5237 
10544 2965 6702 2962 
10545 1404 1411 98 
10546 2962 6702 2964 
10547 4939 4997 1751 
10548 1370 4550 142 
10549 4381 4688 1277 
10550 6593 6697 4450 
10551 1547 4739 65 
10552 1913 1914 1912 
10553 6038 6755 6035 
10554 3852 4275 3307 
10555 1936 2142 1948 
10556 3508 6634 3472 
10557 2557 6633 2559 
10558 2374 6629 2372 
10559 1202 4950 1203 
10560 3333 6586 4362 
10561 3475 6644 3477 
10562 4351 4563 4352 
10563 5595 6710 3889 
10564 2244 3172 2246 
10565 2084 2086 2085 
10566 4907 7743 5971 
10567 4246 8416 7407 
10568 2064 2066 2065 
10569 2822 6750 2824 
10570 4790 6625 3401 
10571 1065 1697 74 
10572 4841 5374 3683 
10573 4029 5730 4031 
10574 2671 6618 2317 
10575 4921 6670 4926 
10576 4348 4351 4350 
10577 2338 6619 3394 
10578 3734 6650 3738 
10579 1398 6829 361 
10580 360 6829 1832 
10581 5176 5179 1727 
10582 1754 6677 1756 
10583 638 6542 6075 
10584 1717 1718 1691 
10585 1276 4329 4328 
10586 2486 6724 2484 
10587 4351 4565 4563 
10588 2593 2596 2594 
10589 5344 6646 1325 
10590 2600 2620 2603 
10591 3970 6881 6866 
10592 3703 4062 3669 
10593 6406 7093 1443 
10594 2634 2635 2633 
10595 3328 3330 3329 
10596 5488 6782 5489 
10597 4176 5000 4010 
10598 3743 6647 3741 
10599 4454 4616 3940 
10600 1203 1382 97 
10601 90 1383 1176 
10602 3264 3393 3391 
10603 3797 5027 5026 
10604 1178 1377 1179 
10605 1200 1378 1201 
10606 2388 2389 2350 
10607 1193 1381 1194 
10608 4488 8273 4960 
10609 1946 1947 1945 
10610 1424 6569 1098 
10611 2359 6595 3904 
10612 3939 3940 2662 
10613 1187 4748 1188 
10614 1980 6876 1644 
10615 2370 6655 2374 
10616 3809 6683 6367 
10617 2389 2391 2390 
10618 5180 5181 5179 
10619 4225 6762 6637 
10620 2797 6768 2798 
10621 1740 6556 350 
10622 4439 6691 3895 
10623 4074 8061 4241 
10624 4215 4733 3162 
10625 3069 6722 3068 
10626 4466 6692 3898 
10627 3204 3346 3206 
10628 2622 2630 2623 
10629 4720 4723 4721 
10630 2222 2224 2223 
10631 1422 4892 47 
10632 6606 6849 3851 
10633 2971 6558 2956 
10634 2312 7041 6280 
10635 735 6885 1355 
10636 6861 8318 2179 
10637 2916 3703 3669 
10638 2368 6655 2370 
10639 3380 6671 3372 
10640 3945 6897 6832 
10641 5347 6646 5344 
10642 5205 5287 1536 
10643 4471 6678 3956 
10644 2592 2599 2593 
10645 4254 4256 3254 
10646 2590 2592 2591 
10647 2170 2171 2168 
10648 3890 6703 6597 
10649 1915 1916 1914 
10650 2515 6843 2516 
10651 4461 4506 4505 
10652 3614 4821 3978 
10653 4466 6738 6692 
10654 4003 4004 4002 
10655 1690 1691 1682 
10656 2095 6695 1855 
10657 2160 3204 1983 
10658 3495 6662 3497 
10659 4347 4348 3924 
10660 1090 6670 1431 
10661 3261 3264 3263 
10662 2611 2616 2599 
10663 833 6827 832 
10664 5185 5186 3134 
10665 1923 6749 3932 
10666 4062 6709 4540 
10667 3313 6678 3399 
10668 6602 6812 2615 
10669 3491 6660 3493 
10670 2661 6915 4258 
10671 2586 2588 2587 
10672 1177 4727 1178 
10673 2608 2622 2609 
10674 3682 5332 4307 
10675 2284 6627 3363 
10676 116 4763 11 
10677 14 4762 125 
10678 3237 8185 4936 
10679 4917 4918 1711 
10680 3042 3046 3041 
10681 2062 2064 2063 
10682 3793 7015 3794 
10683 3196 4216 4187 
10684 2377 6655 2368 
10685 1651 1653 1561 
10686 1742 1743 1699 
10687 2916 3669 3668 
10688 3917 3918 3916 
10689 1698 1699 1653 
10690 1999 2000 1743 
10691 1404 1646 1411 
10692 2964 6562 2960 
10693 2653 6216 3840 
10694 3463 6635 3466 
10695 6014 6977 3832 
10696 4281 7007 5999 
10697 4259 5096 3990 
10698 4980 4982 4981 
10699 2931 6718 2655 
10700 3260 4555 3262 
10701 1404 6557 2352 
10702 2211 2213 2209 
10703 3311 3955 3313 
10704 2986 3071 2988 
10705 3216 4115 4114 
10706 3199 6809 6294 
10707 6032 6730 6031 
10708 2587 2617 2585 
10709 2588 2590 2589 
10710 4243 6877 4284 
10711 1192 4699 1193 
10712 5823 7766 6347 
10713 2634 2662 2635 
10714 3600 6644 3475 
10715 4317 6703 3890 
10716 2604 2608 2607 
10717 3329 4161 3327 
10718 985 6855 984 
10719 3396 3943 3144 
10720 2592 2593 2591 
10721 2349 2388 2350 
10722 4799 6786 4801 
10723 3684 6870 2278 
10724 2590 2591 2589 
10725 6347 7767 3360 
10726 1375 4601 206 
10727 2254 6680 2256 
10728 1595 6708 1649 
10729 4159 6708 1595 
10730 3188 3254 2071 
10731 1397 7254 6399 
10732 4275 6572 3307 
10733 188 6814 1522 
10734 3303 6520 4436 
10735 4114 6914 4586 
10736 1923 3215 2143 
10737 3544 6637 3462 
10738 3036 3039 3038 
10739 1422 4893 4892 
10740 4219 6635 3469 
10741 4532 7840 4314 
10742 5163 6825 1978 
10743 3836 6737 4363 
10744 3061 3069 3068 
10745 4600 7292 7155 
10746 3346 4393 4096 
10747 2168 6567 2167 
10748 125 1301 124 
10749 117 1302 116 
10750 6595 6763 3904 
10751 4524 5282 5281 
10752 2089 6609 2914 
10753 2306 6578 2309 
10754 2622 2658 2630 
10755 1682 6555 1683 
10756 2018 2342 2020 
10757 1418 1562 1561 
10758 1941 1944 1942 
10759 2389 6756 6432 
10760 2049 6681 3711 
10761 6680 6791 4704 
10762 3514 6667 3512 
10763 1691 6555 1682 
10764 2596 2600 2597 
10765 4186 5373 4157 
10766 1630 1667 1666 
10767 1660 1661 1628 
10768 6035 6755 6037 
10769 5157 7500 4445 
10770 2827 6750 3912 
10771 3077 3311 3310 
10772 1855 6695 1768 
10773 3328 3329 3327 
10774 1187 4830 4748 
10775 4450 6697 4452 
10776 2818 2903 2821 
10777 3065 5592 2968 
10778 3472 6634 6576 
10779 2319 6618 2322 
10780 3393 4071 3391 
10781 5470 6769 4037 
10782 4041 6770 5469 
10783 2412 6697 6593 
10784 2060 2062 2061 
10785 3054 6599 3053 
10786 3206 6689 1983 
10787 2406 5324 5323 
10788 1562 1652 1651 
10789 530 6679 529 
10790 1646 1647 1411 
10791 2631 2634 2633 
10792 3311 3313 3312 
10793 1768 6695 3221 
10794 1710 6860 1666 
10795 3923 3924 3920 
10796 1276 4330 4329 
10797 3469 6635 3465 
10798 3250 4180 3249 
10799 3511 6634 3508 
10800 2178 2180 2179 
10801 3610 6634 3511 
10802 2519 6843 2660 
10803 2160 3205 3204 
10804 3462 6637 3457 
10805 2080 2082 2081 
10806 2303 3660 2910 
10807 3238 6978 6957 
10808 5041 6725 5308 
10809 6736 6767 4380 
10810 3047 3051 3044 
10811 4808 6786 4799 
10812 5355 6646 5347 
10813 2650 6633 2557 
10814 2142 3212 1948 
10815 1984 3962 2144 
10816 6830 6840 3948 
10817 3662 4484 3947 
10818 3059 3061 3060 
10819 3378 6792 3926 
10820 4417 6589 3241 
10821 2012 2302 2014 
10822 1709 6673 1662 
10823 1926 1928 1927 
10824 1902 1903 1901 
10825 2882 6750 2822 
10826 3703 4624 4062 
10827 3290 6726 3291 
10828 1739 6781 1087 
10829 3210 4407 3688 
10830 5625 5627 5626 
10831 3477 6644 3540 
10832 3040 3043 3042 
10833 6846 6847 2090 
10834 4327 4381 1277 
10835 4567 4714 4566 
10836 2068 3188 2071 
10837 2658 3906 3186 
10838 3921 3923 3920 
10839 3916 6702 3063 
10840 2303 2304 2086 
10841 2233 2234 2232 
10842 3258 6812 3945 
10843 6537 6538 6535 
10844 2240 3171 2242 
10845 2615 6812 2627 
10846 3048 3053 3047 
10847 3266 4233 4232 
10848 4226 6664 5554 
10849 1956 6656 2301 
10850 4157 6718 2931 
10851 2046 2048 2047 
10852 3196 4187 3685 
10853 6004 8422 1338 
10854 2662 6672 2663 
10855 1742 2314 1999 
10856 5332 7202 4307 
10857 3660 5152 4118 
10858 1658 1736 1713 
10859 2910 6578 2304 
10860 3045 3047 3044 
10861 1982 2160 1983 
10862 2658 3186 2630 
10863 1649 6708 1732 
10864 2878 6688 2879 
10865 3068 3614 3145 
10866 3512 6667 3602 
10867 5957 7380 5952 
10868 2349 2350 2348 
10869 3136 6924 3137 
10870 4216 5225 4187 
10871 4390 4391 3178 
10872 3079 3080 3069 
10873 2002 3244 2004 
10874 3840 6714 4224 
10875 2006 3248 2008 
10876 5159 6675 3693 
10877 2559 6633 2640 
10878 3068 6722 3614 
10879 2260 6680 3359 
10880 4391 4424 3178 
10881 257 1340 256 
10882 2881 7618 6499 
10883 3297 6860 5442 
10884 3906 4238 3186 
10885 5933 6759 2287 
10886 5086 6754 5087 
10887 2600 2603 2601 
10888 1374 3850 1350 
10889 2148 6364 2411 
10890 4617 6672 3940 
10891 3497 6662 3594 
10892 2628 6669 3909 
10893 4347 6613 4348 
10894 2890 6645 2887 
10895 4296 8080 5716 
10896 2048 2049 2047 
10897 4691 8383 4833 
10898 6858 6915 2620 
10899 3272 6656 1990 
10900 3609 6662 3495 
10901 2663 2666 2665 
10902 3673 6769 1868 
10903 1862 6770 3676 
10904 2588 2589 2587 
10905 2641 6690 3238 
10906 1990 6656 1956 
10907 3036 3037 3035 
10908 1683 4390 3178 
10909 1982 1983 1878 
10910 3031 3055 3034 
10911 4723 4724 4721 
10912 3950 6787 2213 
10913 1378 4728 1201 
10914 1948 6723 1937 
10915 3605 6660 3491 
10916 3919 3920 3918 
10917 1550 7211 5523 
10918 6592 6726 3290 
10919 25 7057 1548 
10920 3493 6660 3609 
10921 2058 2060 2059 
10922 1694 1695 1652 
10923 4971 5139 5138 
10924 3264 3391 3263 
10925 4054 6738 4839 
10926 4130 4131 4128 
10927 4133 4136 4135 
10928 7176 7244 3056 
10929 3339 4524 4523 
10930 4088 4607 4265 
10931 5077 7525 7419 
10932 2178 2179 2176 
10933 3060 6599 3054 
10934 2988 2990 2989 
10935 1596 6953 6802 
10936 2190 2193 2192 
10937 4221 6871 4402 
10938 4391 4472 4424 
10939 1364 1627 1527 
10940 1524 1629 1362 
10941 4348 6613 4351 
10942 4429 4482 3943 
10943 4302 6760 6683 
10944 3973 4470 4469 
10945 2603 6757 2604 
10946 3046 6698 3077 
10947 6535 6898 6534 
10948 1682 1683 1681 
10949 2655 6718 5918 
10950 4558 6129 3933 
10951 4776 4785 4777 
10952 120 5150 119 
10953 2309 6578 3911 
10954 4899 6729 4236 
10955 4264 4609 4090 
10956 2620 2639 2603 
10957 3052 5721 3011 
10958 2511 6970 6067 
10959 2154 2155 2152 
10960 4029 4031 4030 
10961 4255 4570 4569 
10962 6766 6938 5730 
10963 2301 6656 3925 
10964 133 3153 132 
10965 506 5684 4715 
10966 3930 4774 4773 
10967 6240 7240 6245 
10968 1552 7596 6788 
10969 1917 1919 1916 
10970 4162 7334 7172 
10971 4343 4421 4420 
10972 2166 2167 2150 
10973 2303 2910 2304 
10974 1943 6741 1941 
10975 3031 6512 3055 
10976 3910 6943 6021 
10977 3429 8382 4212 
10978 3611 6667 3514 
10979 3376 6143 3373 
10980 2663 6672 2666 
10981 4398 4399 4324 
10982 3233 7003 6025 
10983 3632 6813 3631 
10984 2414 6859 2041 
10985 4971 5138 4968 
10986 2210 2211 2209 
10987 2661 3266 2639 
10988 4969 4971 4968 
10989 2171 6567 2168 
10990 2348 3196 2347 
10991 2194 2264 2196 
10992 1087 6781 1086 
10993 6637 6762 3454 
10994 4226 5554 4186 
10995 334 1847 333 
10996 4624 6709 4062 
10997 2388 6756 2389 
10998 2366 6817 2377 
10999 275 1343 274 
11000 3660 4118 2910 
11001 5030 5032 5028 
11002 2276 3177 2277 
11003 3454 6762 3453 
11004 1973 7769 5691 
11005 3399 6678 4779 
11006 3923 4347 3924 
11007 3861 7065 4778 
11008 1324 6894 372 
11009 2283 3402 2282 
11010 3043 3044 3042 
11011 1418 1561 1417 
11012 1936 1937 1935 
11013 1177 4768 4727 
11014 3080 6722 3069 
11015 5719 7062 5720 
11016 5981 7640 5979 
11017 1698 1742 1699 
11018 1912 6749 1923 
11019 1700 6135 475 
11020 3039 3040 3038 
11021 1321 4584 260 
11022 1742 1999 1743 
11023 1999 3235 2000 
11024 1400 6542 639 
11025 4182 6720 3249 
11026 2256 6680 2260 
11027 1933 1936 1935 
11028 5172 6859 2414 
11029 2211 2215 2214 
11030 1668 6642 1710 
11031 2920 6817 2364 
11032 3391 3392 3263 
11033 3330 3710 3709 
11034 1651 1698 1653 
11035 1972 6862 3210 
11036 2397 3661 2398 
11037 2812 6728 2818 
11038 1524 1630 1629 
11039 1627 1628 1527 
11040 3040 3042 3041 
11041 5975 7004 6955 
11042 1475 5009 436 
11043 4316 4587 4315 
11044 2398 2399 2281 
11045 1435 4316 4315 
11046 1562 1651 1561 
11047 6573 6690 3306 
11048 1627 1659 1628 
11049 1630 1665 1629 
11050 5918 6833 2560 
11051 4331 4336 4329 
11052 271 4585 1320 
11053 2400 2401 2399 
11054 4645 4647 4646 
11055 3453 6762 3458 
11056 3545 6816 3626 
11057 1944 1946 1945 
11058 2634 6731 3939 
11059 804 6993 44 
11060 3614 6722 4822 
11061 4470 4566 4469 
11062 4998 5207 4997 
11063 4694 7867 1378 
11064 2820 6728 2812 
11065 2056 2058 2057 
11066 1683 3178 1681 
11067 1647 1682 1681 
11068 2810 6717 2820 
11069 5759 6977 6006 
11070 4743 4754 4177 
11071 5123 7281 1979 
11072 2084 2303 2086 
11073 2787 6804 6631 
11074 4044 4493 4492 
11075 4489 4490 4045 
11076 3912 3913 2878 
11077 4076 4209 3913 
11078 5197 7853 4981 
11079 6294 6809 3903 
11080 2056 5685 2288 
11081 4470 6991 4568 
11082 4239 6763 3173 
11083 2068 2069 2067 
11084 3958 3959 2346 
11085 5921 7664 7594 
11086 2200 2212 2202 
11087 2630 6731 2631 
11088 4230 6915 6858 
11089 4366 6774 3923 
11090 6832 6866 3945 
11091 3224 6840 6677 
11092 6214 6804 2787 
11093 5451 7174 1853 
11094 3330 3709 3329 
11095 5998 6986 5510 
11096 4609 4610 4090 
11097 2143 6716 1911 
11098 3319 4743 4177 
11099 3635 6813 3632 
11100 2283 6720 3402 
11101 6776 6777 6592 
11102 6235 6815 2589 
11103 2211 2214 2213 
11104 3618 4132 3619 
11105 3621 4127 3620 
11106 6341 6784 3259 
11107 1910 1911 1908 
11108 3306 6690 2641 
11109 2078 2283 2282 
11110 4725 5133 4724 
11111 512 6916 6423 
11112 5087 6754 6636 
11113 1497 6916 513 
11114 3017 3084 3015 
11115 1757 6752 1718 
11116 2034 6810 2037 
11117 1982 6733 3332 
11118 335 6705 334 
11119 2807 6717 2810 
11120 2888 6971 2889 
11121 4351 6613 4565 
11122 2236 3174 2238 
11123 3036 3038 3037 
11124 6718 6833 5918 
11125 2988 2989 2987 
11126 4088 4608 4607 
11127 2280 3930 3684 
11128 333 6739 332 
11129 2350 6653 2348 
11130 1951 6801 1747 
11131 2252 6791 2254 
11132 4541 4542 4063 
11133 6972 7027 4863 
11134 6943 6973 6021 
11135 2024 3197 2026 
11136 3904 6763 4413 
11137 3145 6599 3060 
11138 3402 6715 4306 
11139 2798 6768 2814 
11140 2616 6721 2599 
11141 3940 6672 2662 
11142 5589 8224 3967 
11143 6635 6816 3466 
11144 4092 5172 2414 
11145 2348 6653 3196 
11146 5822 6788 5818 
11147 2196 6734 2198 
11148 3061 3068 3060 
11149 2214 6780 3216 
11150 3400 6756 2388 
11151 6715 6720 4182 
11152 2215 2216 2214 
11153 1877 1982 1878 
11154 3188 4255 4254 
11155 1936 1948 1937 
11156 3678 6873 2392 
11157 4801 6786 4804 
11158 1979 6733 1877 
11159 5058 7984 4497 
11160 2387 6615 3908 
11161 6045 6897 2573 
11162 4062 4540 4063 
11163 1695 1848 1652 
11164 3911 6711 2316 
11165 2079 2080 1947 
11166 3533 7027 6972 
11167 4723 4725 4724 
11168 6528 6717 2807 
11169 4041 5469 4043 
11170 4039 5470 4037 
11171 1793 7142 902 
11172 856 7143 1794 
11173 2827 3912 2878 
11174 2262 6791 2252 
11175 6303 6927 6305 
11176 518 6927 517 
11177 5373 6718 4157 
11178 3591 7027 3531 
11179 3042 6790 3046 
11180 1910 1912 1911 
11181 4032 4044 4033 
11182 4035 4045 4034 
11183 261 3403 51 
11184 4257 6783 1848 
11185 2071 2072 2069 
11186 2157 2158 2156 
11187 3479 6856 3481 
11188 3955 3956 3313 
11189 3828 6808 5884 
11190 3532 6524 3530 
11191 4206 8259 5479 
11192 5293 6712 5292 
11193 1287 4322 258 
11194 2202 6534 2204 
11195 2028 3286 2030 
11196 2631 6731 2634 
11197 4776 4777 4775 
11198 1936 6701 2142 
11199 1019 6933 1018 
11200 5264 5265 5263 
11201 4180 4182 3249 
11202 1932 1933 1931 
11203 3370 3372 3371 
11204 2599 6721 2593 
11205 1924 6773 1873 
11206 1871 6772 1899 
11207 2158 2348 2347 
11208 1877 1878 1848 
11209 3346 6713 4810 
11210 1903 3166 1901 
11211 1926 3164 1928 
11212 1839 1840 1811 
11213 1809 1844 1843 
11214 4332 4334 4331 
11215 892 6969 891 
11216 2233 3957 2346 
11217 1912 1923 1911 
11218 1929 1932 1931 
11219 3955 3973 3956 
11220 1647 6699 1690 
11221 4196 6699 1646 
11222 4814 8125 6781 
11223 1916 6766 1918 
11224 2316 6711 2671 
11225 6954 6981 2497 
11226 3912 4076 3913 
11227 946 1330 58 
11228 67 1328 1002 
11229 59 1329 948 
11230 1000 1327 66 
11231 5634 5638 5636 
11232 2054 2056 2055 
11233 2604 6757 2608 
11234 3164 3165 1928 
11235 1903 3167 3166 
11236 5624 5625 5623 
11237 6631 6804 4171 
11238 6756 6854 4214 
11239 332 1553 331 
11240 4830 4831 4748 
11241 3913 6688 2878 
11242 94 4973 1190 
11243 3204 6713 3346 
11244 1971 3659 2918 
11245 2917 3658 1969 
11246 2078 2282 2076 
11247 4079 4543 3658 
11248 3659 4545 4080 
11249 2230 2233 2232 
11250 3034 3035 3033 
11251 3167 4090 4089 
11252 4087 4088 3165 
11253 662 6942 661 
11254 2593 6721 2596 
11255 6741 6910 1977 
11256 1646 6699 1647 
11257 3378 3926 3382 
11258 7415 7416 2902 
11259 6401 6949 3935 
11260 2704 8283 7204 
11261 721 6913 6481 
11262 1472 6913 722 
11263 2985 3067 2983 
11264 1411 6795 98 
11265 901 7142 2927 
11266 2928 7143 857 
11267 1952 4032 3246 
11268 3245 4034 1951 
11269 5186 5237 3134 
11270 5115 8165 4360 
11271 3205 6713 3204 
11272 3196 6653 4216 
11273 3034 3036 3035 
11274 273 4341 1288 
11275 3236 3351 2311 
11276 4039 6950 5693 
11277 5694 6951 4043 
11278 3631 6813 6730 
11279 5999 6981 4026 
11280 3538 7780 5477 
11281 4846 4942 4750 
11282 1748 6800 1952 
11283 4316 4589 4588 
11284 1647 1681 1411 
11285 2077 2078 2076 
11286 2398 2400 2399 
11287 6217 6840 3907 
11288 2254 6791 6680 
11289 2279 2397 2281 
11290 1695 1877 1848 
11291 5261 5264 5263 
11292 4219 6816 6635 
11293 3626 6893 4495 
11294 3051 6991 6965 
11295 2083 2084 2082 
11296 2400 6767 2406 
11297 4978 4979 4977 
11298 393 6961 392 
11299 1718 6752 1691 
11300 6971 7042 4372 
11301 2083 6632 2084 
11302 1906 1907 1904 
11303 3221 6890 6020 
11304 2879 6688 2888 
11305 2225 2226 2224 
11306 2004 6753 2006 
11307 4504 4847 4503 
11308 4232 6757 2639 
11309 6281 7010 6280 
11310 2364 6817 2366 
11311 4062 4063 3669 
11312 4316 4588 4587 
11313 1189 4989 93 
11314 3188 4254 3254 
11315 1922 2152 2151 
11316 2226 2263 2228 
11317 863 7252 862 
11318 3164 4087 3165 
11319 3167 4089 3166 
11320 3957 4247 3958 
11321 1858 2145 1859 
11322 1865 2146 1864 
11323 2158 2347 2156 
11324 6744 7183 6746 
11325 331 6740 330 
11326 2040 6947 2042 
11327 2046 6583 2048 
11328 4090 6748 4089 
11329 1660 1662 1661 
11330 1667 1668 1666 
11331 2595 6842 5447 
11332 5613 7030 5614 
11333 4087 6743 4088 
11334 2818 6728 2903 
11335 83 1331 1146 
11336 1147 1333 86 
11337 6730 6813 6464 
11338 6591 6776 6592 
11339 5905 7639 5904 
11340 1643 1644 1537 
11341 2075 2077 2076 
11342 3956 6678 3313 
11343 2390 6653 2350 
11344 1928 6779 1929 
11345 1703 1704 1672 
11346 1674 1707 1706 
11347 4720 4726 4723 
11348 2303 6632 3660 
11349 4690 8383 4691 
11350 2639 6757 2603 
11351 2218 2220 2219 
11352 2085 6850 2082 
11353 1906 1908 1907 
11354 4252 8164 5566 
11355 4384 4385 3243 
11356 1921 1981 1919 
11357 1831 8415 5270 
11358 5373 6833 6718 
11359 4330 4331 4329 
11360 2233 2346 2234 
11361 4265 6779 3165 
11362 2033 6810 2034 
11363 6677 6840 6217 
11364 725 6963 724 
11365 1932 6701 1933 
11366 4382 4503 4381 
11367 3688 4277 4276 
11368 5006 7958 6600 
11369 6481 6913 4889 
11370 1841 1858 1842 
11371 1846 1864 1845 
11372 1904 6778 1903 
11373 6934 6970 6027 
11374 5373 6974 2618 
11375 5010 5012 5009 
11376 1369 4750 4749 
11377 6216 6714 3840 
11378 2180 6861 2179 
11379 6957 6978 4258 
11380 2068 2071 2069 
11381 2986 2988 2987 
11382 4524 5281 4523 
11383 1666 6860 1665 
11384 4330 4332 4331 
11385 3374 6792 3375 
11386 6636 6754 3702 
11387 1287 4325 4323 
11388 2627 6812 3258 
11389 1773 7152 1064 
11390 3077 6698 3311 
11391 6924 7063 4430 
11392 4501 7647 6337 
11393 361 6829 360 
11394 3773 6975 3775 
11395 3808 6975 4173 
11396 3044 6790 3042 
11397 2219 6780 2216 
11398 5683 7826 7338 
11399 330 1996 329 
11400 3710 4203 3709 
11401 1901 6823 1892 
11402 1890 6822 1926 
11403 4112 4113 4073 
11404 3187 6962 5280 
11405 3952 6934 3636 
11406 868 6905 867 
11407 1366 6841 28 
11408 1984 2144 1985 
11409 2406 6736 5324 
11410 367 6996 366 
11411 1933 6701 1936 
11412 4589 4776 4775 
11413 1434 4732 57 
11414 1917 1920 1919 
11415 3167 6778 4264 
11416 2910 6836 6578 
11417 4656 6834 4116 
11418 2334 6818 6619 
11419 2895 6968 2898 
11420 5685 5686 2288 
11421 2276 2277 2275 
11422 3942 6881 6616 
11423 4342 4344 1288 
11424 4327 4382 4381 
11425 3907 6830 3964 
11426 3958 4193 3959 
11427 2397 2398 2281 
11428 3652 6645 2890 
11429 3233 6943 2099 
11430 6480 7690 5850 
11431 3216 6780 4115 
11432 1524 6820 1630 
11433 1628 6821 1527 
11434 1414 4966 139 
11435 1892 6823 1891 
11436 1889 6822 1890 
11437 1691 6752 6555 
11438 2064 2159 2066 
11439 3193 6744 4055 
11440 1908 6716 1907 
11441 3952 7002 5682 
11442 3186 6731 2630 
11443 3139 7008 3138 
11444 2097 6943 3910 
11445 1632 3273 1676 
11446 1675 3274 1631 
11447 2041 6859 2038 
11448 4136 4513 4512 
11449 4510 4511 4131 
11450 3474 6908 4234 
11451 3371 3388 3369 
11452 4477 6776 6591 
11453 4112 4533 4113 
11454 1664 1674 1673 
11455 1671 1672 1670 
11456 1877 6733 1982 
11457 4385 6980 3243 
11458 3970 6882 6881 
11459 4093 7884 4269 
11460 4034 6801 1951 
11461 5156 7760 1474 
11462 2980 2981 2979 
11463 5235 5236 5151 
11464 2482 6954 2497 
11465 1725 6857 1789 
11466 3466 6816 3545 
11467 7177 7946 7763 
11468 3210 3688 3687 
11469 6189 7011 1723 
11470 4481 6645 3652 
11471 4382 4504 4503 
11472 2084 6632 2303 
11473 1946 2079 1947 
11474 4589 4775 4588 
11475 1911 6716 1908 
11476 4523 4525 3340 
11477 5622 5624 5623 
11478 832 6827 1429 
11479 3370 3371 3369 
11480 3662 3947 2410 
11481 1209 6966 1210 
11482 4230 6858 6721 
11483 3635 6906 6813 
11484 1929 6779 1932 
11485 3049 6793 2987 
11486 1865 6693 2146 
11487 2145 6694 1859 
11488 7643 7802 5080 
11489 4939 4998 4997 
11490 4330 4333 4332 
11491 3036 6789 3039 
11492 5453 7600 5455 
11493 2267 2268 2266 
11494 4099 4270 4098 
11495 5143 6904 6903 
11496 1662 1664 1663 
11497 1669 1670 1668 
11498 6653 6873 4216 
11499 7038 7184 4697 
11500 4255 4569 4254 
11501 6812 6897 3945 
11502 3210 3687 3154 
11503 915 7405 7066 
11504 3973 4469 3956 
11505 3957 3958 2346 
11506 3046 6790 6698 
11507 2234 6771 2236 
11508 1304 6979 6942 
11509 1414 5073 4966 
11510 6025 7010 6024 
11511 1469 6905 868 
11512 7296 7745 4779 
11513 2629 6832 6045 
11514 3539 6524 3532 
11515 1820 7706 5718 
11516 2060 2090 2062 
11517 2516 6843 2519 
11518 1952 6800 4032 
11519 6619 6818 4856 
11520 2390 6873 6653 
11521 3339 3340 2039 
11522 3661 6767 2398 
11523 6220 8202 3612 
11524 1704 1839 1811 
11525 1809 1843 1707 
11526 2051 2052 2050 
11527 3168 6838 4056 
11528 1382 4937 97 
11529 4975 4978 4977 
11530 4663 6950 4039 
11531 4043 6951 4664 
11532 3311 6698 3955 
11533 2612 6849 6606 
11534 4099 4863 4862 
11535 1944 1977 1946 
11536 1728 7009 828 
11537 3051 6790 3044 
11538 1443 6855 985 
11539 1907 6778 1904 
11540 2083 6912 5397 
11541 5090 5161 3099 
11542 2600 6858 2620 
11543 3025 3026 3024 
11544 1872 6693 1867 
11545 1861 6694 1870 
11546 3031 3033 3030 
11547 3031 3034 3033 
11548 4954 4955 4861 
11549 4978 4980 4979 
11550 5950 7270 5945 
11551 3959 6771 2346 
11552 2626 6957 4230 
11553 4261 4262 3351 
11554 5590 7252 863 
11555 3337 4121 2912 
11556 2911 4119 3336 
11557 5669 7166 5670 
11558 4056 6837 4551 
11559 1772 6679 530 
11560 4610 6748 4090 
11561 3244 6753 2004 
11562 2006 6753 3248 
11563 6537 6540 6539 
11564 1671 1705 1703 
11565 1706 1708 1673 
11566 7004 7111 1853 
11567 4088 6743 4608 
11568 1430 6923 1092 
11569 3819 4183 3806 
11570 6906 6934 6027 
11571 2264 6734 2196 
11572 6013 8082 6836 
11573 2216 6780 2214 
11574 6959 7390 5993 
11575 3148 6866 6832 
11576 1867 6693 1865 
11577 1859 6694 1861 
11578 6578 6836 3911 
11579 1667 4015 1669 
11580 1663 4016 1661 
11581 4360 4380 3661 
11582 1091 6923 6670 
11583 6871 6931 4402 
11584 3801 3826 3795 
11585 1662 6673 1664 
11586 3948 6840 3224 
11587 7782 7948 7264 
11588 6537 6539 6538 
11589 6269 7054 6268 
11590 3055 6789 3034 
11591 3848 6982 6716 
11592 2222 2225 2224 
11593 6762 6908 3458 
11594 3625 6964 3546 
11595 5146 7235 4303 
11596 2238 6796 2240 
11597 4203 6798 3709 
11598 3681 6948 4211 
11599 4038 4663 4039 
11600 4043 4664 4042 
11601 1321 4758 4584 
11602 2411 6364 4082 
11603 1562 6848 1694 
11604 6422 7000 509 
11605 1987 2936 1885 
11606 5090 7333 5162 
11607 2183 6861 2180 
11608 5100 5102 5101 
11609 1841 2345 1858 
11610 1864 2344 1845 
11611 1147 1334 1333 
11612 1331 1332 1146 
11613 2221 2222 2220 
11614 3013 6824 3052 
11615 3138 5185 3135 
11616 6364 6958 4082 
11617 508 7000 1495 
11618 89 4126 1418 
11619 6634 6871 6576 
11620 3087 7812 6412 
11621 5432 7233 5433 
11622 4585 4759 1320 
11623 1362 6652 1332 
11624 4121 4122 2912 
11625 2911 4120 4119 
11626 3252 4372 4370 
11627 2225 6864 2226 
11628 5907 6851 4027 
11629 4333 4335 4332 
11630 6942 6979 4211 
11631 1705 1764 1747 
11632 1748 1765 1708 
11633 2918 6862 1972 
11634 2052 2054 2053 
11635 3372 6671 3374 
11636 5569 7043 5149 
11637 7045 7778 5180 
11638 2228 6803 2230 
11639 6813 6906 6464 
11640 3400 6854 6756 
11641 3371 6143 3388 
11642 2589 6815 2587 
11643 2156 6811 2155 
11644 6543 6874 3918 
11645 4281 7055 7007 
11646 5646 7246 5647 
11647 5309 6877 4243 
11648 6279 7054 6277 
11649 3688 4276 3687 
11650 1788 1895 1724 
11651 1722 1896 1790 
11652 6816 6893 3626 
11653 2398 6767 2400 
11654 5203 7317 5204 
11655 1287 4323 4322 
11656 2037 6810 3339 
11657 2986 2987 2985 
11658 2056 2288 2058 
11659 2026 6806 2028 
11660 6724 6954 2484 
11661 6602 6897 6812 
11662 2587 6815 2617 
11663 4323 4324 4322 
11664 6076 6794 6768 
11665 5483 7564 4291 
11666 2053 6681 2050 
11667 31 7528 1310 
11668 1652 6783 1651 
11669 3409 8403 3708 
11670 5027 5030 5028 
11671 3024 3072 3022 
11672 4311 7870 4310 
11673 7215 8123 1521 
11674 1523 1524 1362 
11675 1364 1527 1526 
11676 4492 4494 4033 
11677 4035 4491 4489 
11678 1922 2151 1921 
11679 2075 2076 1987 
11680 4704 6863 4705 
11681 4340 4666 4338 
11682 3339 4523 3340 
11683 3685 6811 2347 
11684 4099 4862 4270 
11685 4337 4338 4335 
11686 7051 7052 1961 
11687 2240 6796 3171 
11688 4070 7303 4069 
11689 1920 1922 1921 
11690 2054 5685 2056 
11691 3938 8350 6187 
11692 3533 6972 3535 
11693 1334 1364 1363 
11694 1361 1362 1332 
11695 68 6819 1435 
11696 3540 6856 3479 
11697 7743 8034 5971 
11698 6721 6858 2596 
11699 3923 6774 4347 
11700 4262 8036 7026 
11701 2198 6797 2200 
11702 4434 6854 3400 
11703 1972 3210 3154 
11704 4620 6932 4480 
11705 2346 6771 2234 
11706 1670 6642 1668 
11707 3610 6871 6634 
11708 4833 7839 4832 
11709 1970 4085 2917 
11710 5469 5694 4043 
11711 4039 5693 5470 
11712 2048 2050 2049 
11713 2672 7019 6944 
11714 2279 2281 2280 
11715 6702 6874 2964 
11716 3916 6874 6702 
11717 6042 6955 1417 
11718 1844 1845 1843 
11719 1839 1841 1840 
11720 1418 6848 1562 
11721 1952 1997 1765 
11722 1764 1998 1951 
11723 4179 7032 4404 
11724 4641 7032 6426 
11725 4137 4138 3607 
11726 2410 6868 2210 
11727 4035 4489 4045 
11728 4044 4492 4033 
11729 1986 2075 1987 
11730 2312 7003 2103 
11731 2101 7003 3233 
11732 2037 3339 2039 
11733 2050 6681 2049 
11734 4341 4342 1288 
11735 1848 6783 1652 
11736 5856 7848 5757 
11737 2622 6899 2658 
11738 1998 3620 3245 
11739 3246 3618 1997 
11740 3659 4080 2918 
11741 2917 4079 3658 
11742 2280 6775 3930 
11743 4032 4033 3246 
11744 3245 4035 4034 
11745 3944 5049 5048 
11746 3193 4055 3276 
11747 4398 4400 4399 
11748 4326 4398 4324 
11749 4131 6888 4128 
11750 4133 6889 4136 
11751 3819 5411 4183 
11752 5688 5689 5687 
11753 736 6885 735 
11754 6731 6907 3939 
11755 4118 6836 2910 
11756 3034 6789 3036 
11757 1369 4751 4750 
11758 4323 4326 4324 
11759 3939 6907 4454 
11760 1290 7573 6882 
11761 4713 7255 1823 
11762 6273 7099 6274 
11763 3874 7002 3952 
11764 2711 7031 2708 
11765 3910 6890 6695 
11766 3252 3253 2894 
11767 2399 6775 2281 
11768 7055 7115 5913 
11769 2080 2083 2082 
11770 3165 6779 1928 
11771 1725 7012 6857 
11772 6668 7062 4078 
11773 1340 4461 256 
11774 4957 7739 5277 
11775 3329 6826 4161 
11776 4150 6960 6959 
11777 4203 7085 5868 
11778 1417 6955 1204 
11779 6555 6937 1683 
11780 2217 2218 2216 
11781 4860 4954 4861 
11782 2269 2270 2268 
11783 3339 6810 4524 
11784 1382 4941 4937 
11785 1903 6778 3167 
11786 3029 3031 3030 
11787 3025 3027 3026 
11788 6866 6881 3942 
11789 372 6894 371 
11790 6701 6976 3870 
11791 803 1371 802 
11792 3166 6823 1901 
11793 1926 6822 3164 
11794 6641 6959 3946 
11795 1651 6783 1698 
11796 4003 4251 4004 
11797 3210 6862 4407 
11798 1789 3155 1970 
11799 1972 3154 1791 
11800 8383 8423 4833 
11801 2596 6858 2600 
11802 2606 7158 5866 
11803 3367 3370 3369 
11804 6266 7079 6272 
11805 1671 1703 1672 
11806 1674 1706 1673 
11807 1526 1528 1363 
11808 1361 1525 1523 
11809 2215 2217 2216 
11810 1941 6741 1944 
11811 4943 7137 4627 
11812 2279 2280 2278 
11813 4474 7164 4473 
11814 2347 6811 2156 
11815 4219 6893 6816 
11816 2392 6873 2390 
11817 5306 8077 5290 
11818 1661 6821 1628 
11819 1630 6820 1667 
11820 4400 4401 4399 
11821 5168 5170 5169 
11822 4225 6908 6762 
11823 3535 6972 3593 
11824 3174 6796 2238 
11825 1388 6932 808 
11826 1978 6825 43 
11827 6576 6871 4221 
11828 2221 6639 2222 
11829 3029 3030 3028 
11830 1706 1748 1708 
11831 1705 1747 1703 
11832 5749 7658 4455 
11833 4341 4343 4342 
11834 5396 6954 6724 
11835 2222 6639 2225 
11836 4536 7061 3954 
11837 4448 7241 5552 
11838 4127 5104 3620 
11839 3618 5105 4132 
11840 2236 6771 3174 
11841 3962 4515 4078 
11842 3153 8252 4673 
11843 4914 6878 6556 
11844 4377 7060 3983 
11845 4503 8206 8131 
11846 5322 7797 3392 
11847 6536 6537 6535 
11848 3949 4597 3299 
11849 3186 6907 6731 
11850 2077 6902 6627 
11851 2981 3056 2979 
11852 4230 6957 6915 
11853 4110 7374 4091 
11854 5511 8070 5684 
11855 3140 3396 3144 
11856 4380 6767 3661 
11857 4212 8382 7060 
11858 1667 1669 1668 
11859 1662 1663 1661 
11860 4276 6638 3687 
11861 6657 7830 6177 
11862 6757 6899 2608 
11863 4515 6668 4078 
11864 3987 6883 6838 
11865 1736 1738 1737 
11866 722 6913 721 
11867 334 6705 1847 
11868 4004 6910 5443 
11869 2212 6534 2202 
11870 3188 6828 4255 
11871 1664 1673 1663 
11872 1669 1671 1670 
11873 2105 7041 2312 
11874 1847 6739 333 
11875 2204 6534 2289 
11876 4235 6999 4898 
11877 5688 5691 5689 
11878 6267 7079 6264 
11879 1813 7825 5707 
11880 5279 7022 1881 
11881 3625 6999 6964 
11882 3197 6806 2026 
11883 2028 6806 3286 
11884 4370 4371 3253 
11885 6428 7030 1506 
11886 1920 1921 1919 
11887 4891 7444 4884 
11888 3918 6874 3916 
11889 4120 4311 4310 
11890 4312 4313 4122 
11891 3947 6868 2410 
11892 6318 6946 2650 
11893 3365 3367 3366 
11894 2313 7046 2109 
11895 5686 5688 5687 
11896 1677 1678 1644 
11897 6464 6906 6028 
11898 2281 6775 2280 
11899 2066 6828 2068 
11900 5293 8075 5297 
11901 6908 6964 4234 
11902 4333 4337 4335 
11903 1063 7152 1312 
11904 4128 6888 4127 
11905 4132 6889 4133 
11906 4285 6764 4030 
11907 1748 1952 1765 
11908 1764 1951 1747 
11909 2045 3236 2311 
11910 2052 2053 2050 
11911 513 6916 512 
11912 3299 8416 5464 
11913 5687 6869 2288 
11914 6915 6957 4258 
11915 4889 7257 6481 
11916 1092 6923 1091 
11917 3543 6994 3485 
11918 1798 7629 4859 
11919 4858 7628 1799 
11920 4372 4760 4370 
11921 6695 6890 3221 
11922 4003 6732 4251 
11923 4343 4345 4342 
11924 3289 7166 5856 
11925 4220 6893 4219 
11926 1952 3246 1997 
11927 1998 3245 1951 
11928 2733 6990 2669 
11929 6567 6958 2167 
11930 6734 6797 2198 
11931 6262 7099 6261 
11932 6556 6878 6554 
11933 2226 6864 2263 
11934 5407 7630 374 
11935 4421 4422 4420 
11936 3050 6742 2973 
11937 4540 4541 4063 
11938 2088 2089 1950 
11939 3098 7552 5060 
11940 1759 1761 1760 
11941 6729 6872 3540 
11942 3593 6972 4099 
11943 5689 6844 5687 
11944 3406 7013 4296 
11945 4890 7257 4889 
11946 3197 6807 6806 
11947 5003 7603 5733 
11948 2274 4065 2272 
11949 2984 2986 2985 
11950 2233 6803 3957 
11951 6444 8333 5608 
11952 3607 7016 3536 
11953 6564 6994 3543 
11954 2230 6803 2233 
11955 5341 8278 4684 
11956 4136 4516 4513 
11957 4511 4517 4131 
11958 3709 6826 3329 
11959 3027 3028 3026 
11960 2263 6803 2228 
11961 6880 7025 4546 
11962 4544 7024 6879 
11963 6798 6826 3709 
11964 2912 6773 1924 
11965 1899 6772 2911 
11966 2212 6797 6536 
11967 6068 6937 6555 
11968 3015 6824 3013 
11969 1604 7235 5146 
11970 7017 7047 3964 
11971 4337 7582 4340 
11972 5137 7438 7390 
11973 1789 6857 3155 
11974 1897 7091 5353 
11975 5686 5687 2288 
11976 915 7066 914 
11977 2707 7071 2702 
11978 3925 7013 2408 
11979 4031 4285 4030 
11980 6639 6640 2225 
11981 1364 1526 1363 
11982 1361 1523 1362 
11983 5737 6994 6564 
11984 4421 4423 4422 
11985 1884 1986 1885 
11986 826 7070 1456 
11987 1870 7005 6772 
11988 6773 7006 1872 
11989 4343 4420 4345 
11990 2973 6742 2970 
11991 2218 2221 2220 
11992 3458 6908 3474 
11993 6256 7122 6255 
11994 2608 6899 2622 
11995 5691 7836 1973 
11996 1681 6795 1411 
11997 1376 7134 4867 
11998 332 6739 1553 
11999 6877 6995 4284 
12000 6899 6983 2658 
12001 1944 6741 1977 
12002 1921 6831 1981 
12003 2068 6828 3188 
12004 4800 7034 4798 
12005 3955 6965 3973 
12006 5417 7132 5421 
12007 3316 6925 6775 
12008 3027 3029 3028 
12009 4860 4861 4770 
12010 2111 7069 2313 
12011 1485 7936 6380 
12012 4066 4765 4764 
12013 1919 6766 1916 
12014 517 6927 1498 
12015 4501 4502 4500 
12016 5689 6845 6844 
12017 2062 6847 2064 
12018 4337 4340 4338 
12019 1986 1987 1885 
12020 2514 7055 5913 
12021 2573 6897 6602 
12022 3178 6795 1681 
12023 4717 7176 4678 
12024 3832 6977 5759 
12025 1102 1385 1101 
12026 2080 6912 2083 
12027 2315 7076 2115 
12028 3341 7073 2695 
12029 6670 6923 4926 
12030 1334 1363 1333 
12031 1331 1361 1332 
12032 1435 6819 4316 
12033 5474 7923 6197 
12034 2911 6772 4120 
12035 4122 6773 2912 
12036 4834 7990 4618 
12037 1206 7004 1853 
12038 1874 6814 189 
12039 2620 6915 2661 
12040 1507 6933 1019 
12041 4186 6974 5373 
12042 4238 6907 3186 
12043 3610 6931 6871 
12044 4484 4485 3947 
12045 2212 6536 6535 
12046 2079 6912 2080 
12047 2882 6917 6750 
12048 4082 4155 4094 
12049 6260 7122 6258 
12050 1204 6955 1205 
12051 4538 6986 5998 
12052 1308 7175 443 
12053 4316 6819 4589 
12054 1981 6766 1919 
12055 2980 2982 2981 
12056 1304 6942 662 
12057 5564 7659 6891 
12058 6905 8404 1787 
12059 3912 6917 4076 
12060 6640 6864 2225 
12061 6622 6995 2920 
12062 4232 6899 6757 
12063 1667 6820 4015 
12064 4016 6821 1661 
12065 1632 1642 1528 
12066 1525 1641 1631 
12067 6750 6917 3912 
12068 4423 8028 4422 
12069 5730 6938 4031 
12070 6864 6865 2263 
12071 5232 7072 1994 
12072 5396 6981 6954 
12073 5968 7150 5967 
12074 3636 6934 3635 
12075 6192 7154 6339 
12076 2914 6785 2916 
12077 2211 6868 2215 
12078 802 6896 801 
12079 4292 7093 6408 
12080 2457 8362 7557 
12081 3993 7093 6406 
12082 808 6932 807 
12083 6801 6886 1747 
12084 5703 7356 5093 
12085 2117 7081 2315 
12086 1742 6984 2314 
12087 3238 6957 2626 
12088 6215 7121 5936 
12089 2892 3252 2894 
12090 3084 6824 3015 
12091 2644 7044 6574 
12092 200 7371 1518 
12093 5159 7331 6945 
12094 4751 4846 4750 
12095 6947 7100 4263 
12096 1553 6740 331 
12097 3678 6926 6873 
12098 1525 1631 1523 
12099 1526 1632 1528 
12100 3419 7102 3418 
12101 3935 6949 4623 
12102 2984 2985 2983 
12103 4656 6962 6834 
12104 7008 7219 3138 
12105 1984 1985 1881 
12106 6538 6898 6535 
12107 1970 2917 1969 
12108 1971 2918 1972 
12109 2151 6831 1921 
12110 1334 6651 1364 
12111 2212 6535 6534 
12112 6254 7150 6252 
12113 3946 6948 3681 
12114 3988 7103 6401 
12115 2159 6828 2066 
12116 1123 7116 1122 
12117 2343 7089 2121 
12118 2679 7083 2676 
12119 2099 6943 2097 
12120 5722 5723 5066 
12121 6748 6951 4089 
12122 2167 6958 6364 
12123 5935 7121 5938 
12124 2484 6954 2482 
12125 4087 6950 6743 
12126 1748 6887 6800 
12127 4066 4764 4065 
12128 1738 1880 1879 
12129 881 7028 1282 
12130 5015 8337 5017 
12131 161 7026 1450 
12132 5999 7007 6981 
12133 304 7434 71 
12134 4272 6935 4271 
12135 4115 6914 4114 
12136 2282 6867 2076 
12137 4120 4310 4119 
12138 4121 4312 4122 
12139 871 6930 870 
12140 5176 7045 5180 
12141 6063 7901 4102 
12142 1683 6937 4390 
12143 6122 6953 5741 
12144 4183 4419 3806 
12145 3974 6931 3610 
12146 2851 7097 2849 
12147 6120 7980 1497 
12148 392 6961 1608 
12149 2058 6869 2060 
12150 1823 7255 504 
12151 3252 4370 3253 
12152 1676 1680 1642 
12153 1641 1679 1675 
12154 1638 7056 976 
12155 3396 4429 3943 
12156 3308 4667 4386 
12157 3593 4099 4098 
12158 2974 7394 3305 
12159 2210 6868 2211 
12160 5799 7275 5800 
12161 3964 7047 6476 
12162 3986 3987 3168 
12163 2200 6797 2212 
12164 975 1391 974 
12165 3930 6925 4774 
12166 1719 1722 1680 
12167 1679 1724 1720 
12168 1293 4248 4191 
12169 2277 2279 2278 
12170 3703 4625 4624 
12171 2064 6847 2159 
12172 5693 6950 4087 
12173 4089 6951 5694 
12174 3421 7102 3424 
12175 4216 6926 5225 
12176 4307 7833 4840 
12177 4992 7423 1597 
12178 3623 6921 3177 
12179 1676 1719 1680 
12180 1679 1720 1675 
12181 636 6532 26 
12182 5966 7147 5964 
12183 3367 3369 3366 
12184 425 7203 1309 
12185 5698 8186 5696 
12186 1629 6652 1362 
12187 1515 8210 7080 
12188 3850 6922 1350 
12189 1641 1675 1631 
12190 1632 1676 1642 
12191 366 6996 1440 
12192 330 6740 1996 
12193 4517 6888 4131 
12194 4136 6889 4516 
12195 2916 6785 3703 
12196 7043 7375 5149 
12197 3540 6872 6856 
12198 3658 6879 1969 
12199 1971 6880 3659 
12200 1679 1725 1724 
12201 1722 1723 1680 
12202 1843 6887 1707 
12203 1704 6886 1839 
12204 3549 7375 7043 
12205 4271 7082 6689 
12206 4112 7051 4533 
12207 1103 6852 1102 
12208 2090 6847 2062 
12209 1790 1971 1791 
12210 1789 1969 1788 
12211 6477 7108 536 
12212 4150 6959 6641 
12213 6779 6976 1932 
12214 1703 6886 1704 
12215 1707 6887 1706 
12216 3297 3365 3364 
12217 535 7108 1319 
12218 1585 8143 5558 
12219 1471 6963 725 
12220 1410 7791 4909 
12221 1603 7146 5274 
12222 3598 7778 7045 
12223 2123 7113 2343 
12224 4499 4500 3276 
12225 6640 6940 6939 
12226 6830 7017 3964 
12227 4525 7285 3340 
12228 5206 7772 3793 
12229 6027 6970 2511 
12230 3546 6964 4225 
12231 7164 8044 1544 
12232 5260 7716 4494 
12233 4491 7715 5259 
12234 3025 5727 3027 
12235 128 1684 127 
12236 3536 7016 3534 
12237 2351 7117 2127 
12238 6124 6902 2077 
12239 3947 7036 6868 
12240 4239 6909 6763 
12241 3047 7029 3051 
12242 4251 4252 4004 
12243 4232 6983 6899 
12244 6021 6973 6019 
12245 467 7188 1516 
12246 2982 2984 2983 
12247 4255 7159 4570 
12248 6397 7146 952 
12249 1281 7245 877 
12250 2658 6983 3906 
12251 5121 8350 5120 
12252 4225 6964 6908 
12253 1789 1970 1969 
12254 1971 1972 1791 
12255 6775 6925 3930 
12256 5802 7644 7213 
12257 951 7146 1603 
12258 1907 6982 6778 
12259 5336 8284 4772 
12260 5540 7512 5539 
12261 6744 6745 4055 
12262 3775 6975 3808 
12263 4506 4519 4507 
12264 6763 6909 4413 
12265 6292 7149 6293 
12266 4915 7058 4914 
12267 5742 7236 5735 
12268 6156 8135 7031 
12269 4325 6892 4323 
12270 2076 6867 1987 
12271 1148 1293 88 
12272 87 1291 1148 
12273 1101 6853 80 
12274 6557 7801 5069 
12275 1987 6867 2936 
12276 6493 6969 892 
12277 114 1685 113 
12278 2894 6968 2895 
12279 263 1689 262 
12280 4257 6984 6783 
12281 7097 7358 2849 
12282 4055 4499 3276 
12283 2898 6968 3986 
12284 6873 6926 4216 
12285 42 7363 243 
12286 4265 6976 6779 
12287 2274 4066 4065 
12288 5676 7187 5679 
12289 2650 6946 6633 
12290 597 7171 6182 
12291 1609 7171 598 
12292 2060 6869 2090 
12293 4026 6981 5396 
12294 1311 6532 636 
12295 1884 1885 1883 
12296 4009 6967 6659 
12297 4765 6930 4764 
12298 5000 6956 4010 
12299 1966 7096 175 
12300 1320 4652 55 
12301 50 4653 1321 
12302 6373 7404 6372 
12303 2129 7138 2351 
12304 3459 7169 3455 
12305 1736 1737 1713 
12306 1029 1407 1028 
12307 5159 6945 6675 
12308 6778 6982 4264 
12309 801 1849 42 
12310 1665 6860 3297 
12311 2353 7140 2133 
12312 7162 7233 5432 
12313 6300 7167 4781 
12314 5182 7778 5184 
12315 5545 8203 7502 
12316 4258 6978 4259 
12317 1977 6891 1946 
12318 5623 6997 5621 
12319 1175 8277 4358 
12320 6848 7378 1694 
12321 269 1692 268 
12322 1425 7123 840 
12323 1946 6891 2079 
12324 5141 7239 5144 
12325 3193 3276 3142 
12326 4844 7874 4218 
12327 1714 1716 1678 
12328 5518 7211 5520 
12329 1275 7858 6776 
12330 3348 7555 3281 
12331 6199 7263 3001 
12332 4342 6911 4344 
12333 3635 6934 6906 
12334 1419 6966 1209 
12335 1894 3162 3161 
12336 6874 7035 2964 
12337 6003 8370 5573 
12338 1770 1771 1712 
12339 2982 2983 2981 
12340 1788 6879 1895 
12341 1896 6880 1790 
12342 4789 8132 4787 
12343 4798 7034 6794 
12344 4126 6848 1418 
12345 6381 8062 6380 
12346 2920 6995 6877 
12347 3684 6998 6870 
12348 1430 7059 6923 
12349 6502 7131 3574 
12350 6732 6735 4251 
12351 1790 1791 1723 
12352 1725 1789 1788 
12353 2288 6869 2058 
12354 3366 5004 3364 
12355 2152 7092 2151 
12356 4499 4501 4500 
12357 1783 2396 1882 
12358 5780 7204 5781 
12359 3365 3366 3364 
12360 6024 7010 6281 
12361 2273 2275 2274 
12362 81 1850 1103 
12363 1364 6651 1627 
12364 4426 7030 5613 
12365 2135 7161 2353 
12366 4484 5097 4485 
12367 5971 8034 2936 
12368 4323 6892 4326 
12369 4211 6979 3948 
12370 6783 6984 1698 
12371 1981 6938 6766 
12372 345 7129 1437 
12373 5438 7366 5440 
12374 973 6665 62 
12375 5846 7921 1480 
12376 5554 6974 4186 
12377 1949 2925 2088 
12378 3213 7160 2139 
12379 3407 8403 3409 
12380 2266 2672 1880 
12381 1117 7185 1116 
12382 5468 7355 2383 
12383 3665 7385 3727 
12384 3941 8379 7544 
12385 1725 1788 1724 
12386 1722 1790 1723 
12387 5626 6997 5623 
12388 6609 6785 2914 
12389 3274 6928 1631 
12390 1632 6929 3273 
12391 5910 6993 804 
12392 1074 7112 1073 
12393 6543 7035 6874 
12394 1643 1677 1644 
12395 4870 7094 4891 
12396 1120 7189 1119 
12397 3794 7015 3797 
12398 4312 7842 4313 
12399 1342 7379 6041 
12400 6499 8396 2881 
12401 5213 7392 3590 
12402 4362 8207 6243 
12403 4031 4286 4285 
12404 1671 6919 1705 
12405 1708 6918 1673 
12406 1953 7023 227 
12407 1882 1884 1883 
12408 4106 7417 4151 
12409 6472 7546 4530 
12410 1949 1950 1771 
12411 2269 2271 2270 
12412 4082 6958 4155 
12413 1290 7091 214 
12414 1818 7883 4855 
12415 3618 6900 5105 
12416 5104 6901 3620 
12417 1073 7200 1072 
12418 1456 7173 825 
12419 6515 8066 4238 
12420 3161 3243 1893 
12421 6964 6999 4234 
12422 1205 7004 1206 
12423 2012 7078 2302 
12424 4174 7545 5132 
12425 751 7242 1515 
12426 1806 7242 752 
12427 3445 7098 3444 
12428 3489 7125 3605 
12429 1932 6976 6701 
12430 5471 7267 4476 
12431 126 3397 15 
12432 5502 7424 5501 
12433 4305 7128 3848 
12434 4494 6900 4033 
12435 4035 6901 4491 
12436 4210 7042 6688 
12437 1663 6918 4016 
12438 4015 6919 1669 
12439 3064 8061 5236 
12440 3049 7441 4953 
12441 2741 7190 2738 
12442 3246 6900 3618 
12443 3620 6901 3245 
12444 4927 7059 4929 
12445 4384 4462 4385 
12446 5558 8143 5560 
12447 3485 6994 3487 
12448 6955 7004 1205 
12449 3235 7429 5440 
12450 6802 6953 4952 
12451 3797 7015 5027 
12452 10 3398 115 
12453 1747 6886 1703 
12454 1706 6887 1748 
12455 3389 6609 2089 
12456 59 7509 1329 
12457 7020 7021 4667 
12458 5195 7063 3136 
12459 2279 6992 2397 
12460 3236 4261 3351 
12461 5168 5169 5167 
12462 1028 6895 70 
12463 1758 1894 1893 
12464 1665 3296 1629 
12465 5628 8205 7118 
12466 3957 7039 4247 
12467 4345 6911 4342 
12468 1698 6984 1742 
12469 6494 7084 6493 
12470 1524 6928 6820 
12471 6821 6929 1527 
12472 214 7091 37 
12473 3137 6924 3140 
12474 1758 1759 1716 
12475 2275 6870 2274 
12476 6115 7359 6113 
12477 6716 6982 1907 
12478 509 7000 508 
12479 4233 6983 4232 
12480 1467 7945 5658 
12481 2274 6870 4066 
12482 1627 3298 1659 
12483 2952 7182 2951 
12484 6435 7247 2085 
12485 1396 7205 354 
12486 1525 2073 1641 
12487 1642 2074 1528 
12488 71 1852 1030 
12489 2898 3986 3168 
12490 4274 8136 8108 
12491 4498 7002 3874 
12492 3986 4559 3987 
12493 1875 5320 163 
12494 1969 6879 1788 
12495 1790 6880 1971 
12496 6000 7017 1304 
12497 4349 7035 6543 
12498 189 6814 188 
12499 1850 7268 6852 
12500 4285 6920 6764 
12501 2277 2278 2275 
12502 4552 4553 4139 
12503 1633 7341 5495 
12504 5516 7211 5518 
12505 4976 7466 4974 
12506 4941 8231 4938 
12507 2103 7003 2101 
12508 1330 7533 58 
12509 6149 7214 6150 
12510 4138 4552 4139 
12511 5975 7111 7004 
12512 4481 8167 5402 
12513 1340 6987 4461 
12514 4252 6910 4004 
12515 1399 7168 1228 
12516 353 7205 6441 
12517 1523 6928 1524 
12518 1527 6929 1526 
12519 226 7023 1274 
12520 2223 7184 2220 
12521 2340 7234 2337 
12522 6939 6941 6865 
12523 3245 6901 4035 
12524 4033 6900 3246 
12525 6991 7029 4568 
12526 3396 4430 4429 
12527 6984 7082 2314 
12528 5450 7231 5451 
12529 3973 6991 4470 
12530 828 7009 827 
12531 2088 3389 2089 
12532 3026 6936 3024 
12533 4150 7148 6960 
12534 2042 6947 2045 
12535 3236 4263 4261 
12536 6006 7560 1830 
12537 4415 6995 6622 
12538 2669 6990 2668 
12539 162 7026 161 
12540 52 1961 265 
12541 173 7170 172 
12542 2975 7106 3050 
12543 4281 7115 7055 
12544 4099 6972 4863 
12545 7149 8241 1396 
12546 2278 6870 2275 
12547 4650 7498 4648 
12548 4218 8115 4820 
12549 266 1962 53 
12550 3089 7394 2972 
12551 3948 6979 6830 
12552 4005 7040 5248 
12553 3308 4384 3243 
12554 2889 6971 2892 
12555 3870 7114 4304 
12556 5209 7168 1399 
12557 6772 7005 4120 
12558 4122 7006 6773 
12559 7509 8367 1329 
12560 3531 7027 3533 
12561 6615 7109 3908 
12562 3252 6971 4372 
12563 4234 6999 4235 
12564 2497 7007 6550 
12565 1314 7939 5070 
12566 778 7954 5824 
12567 2408 7013 3406 
12568 6119 7298 6117 
12569 4983 8027 1365 
12570 479 7237 478 
12571 6790 6965 6698 
12572 995 7235 1604 
12573 1665 3297 3296 
12574 63 6875 975 
12575 4139 7016 3607 
12576 5055 7629 1798 
12577 883 7508 1317 
12578 503 7255 1587 
12579 3248 7120 2008 
12580 1349 1350 1316 
12581 3298 3949 3299 
12582 6868 7036 2215 
12583 3298 3299 1659 
12584 4350 7119 4349 
12585 6354 7698 5989 
12586 5737 7125 6994 
12587 6148 7253 6147 
12588 6277 7054 6269 
12589 823 7228 1455 
12590 5743 7307 5742 
12591 6834 6962 3187 
12592 5177 7045 5176 
12593 7066 7405 4434 
12594 4647 7789 5338 
12595 5027 5031 5030 
12596 6976 7114 3870 
12597 2708 7031 2707 
12598 7063 7064 4430 
12599 3710 7085 4203 
12600 1673 6918 1663 
12601 1669 6919 1671 
12602 6426 7032 4179 
12603 5447 6989 6765 
12604 5619 7366 5436 
12605 4419 8181 7056 
12606 3908 4447 4446 
12607 5226 8049 1505 
12608 2263 7039 6803 
12609 54 3404 270 
12610 3444 7098 3972 
12611 5551 7281 5550 
12612 4506 4507 4505 
12613 3024 6936 3072 
12614 2357 7267 2340 
12615 1208 7174 1419 
12616 1853 7174 1207 
12617 1457 1625 1624 
12618 5571 7043 5569 
12619 3208 8118 5000 
12620 3848 7128 6982 
12621 3253 6968 2894 
12622 16 1957 130 
12623 7248 8180 4172 
12624 5132 7448 7294 
12625 6623 7295 471 
12626 1984 7018 3962 
12627 4476 7267 3335 
12628 4965 7369 4202 
12629 1949 2088 1950 
12630 2344 7068 1845 
12631 6293 7254 6433 
12632 5087 7316 5078 
12633 4802 7340 7226 
12634 2680 7240 2679 
12635 2342 7163 2020 
12636 1761 1762 1760 
12637 4283 7295 6623 
12638 2273 2274 2272 
12639 1879 1881 1737 
12640 1841 7074 2345 
12641 6814 7090 1522 
12642 4120 7005 4311 
12643 4313 7006 4122 
12644 6864 6939 6865 
12645 1995 7101 5251 
12646 2909 7224 2535 
12647 4224 7816 5073 
12648 6838 6839 6837 
12649 6809 7195 4431 
12650 2171 8226 5199 
12651 2270 3283 2268 
12652 6698 6965 3955 
12653 4325 8390 7393 
12654 1738 1879 1737 
12655 5723 5724 5066 
12656 7135 7136 3153 
12657 2107 7041 2105 
12658 1427 7210 1095 
12659 1146 8269 84 
12660 6055 7688 6057 
12661 5120 8350 7044 
12662 3051 6965 6790 
12663 1813 7047 6000 
12664 5097 5098 4485 
12665 7253 8233 6146 
12666 4371 7178 3253 
12667 6898 7109 2289 
12668 4066 6998 4765 
12669 6000 7047 7017 
12670 1677 1714 1678 
12671 2024 7127 3197 
12672 1438 7220 347 
12673 6981 7007 2497 
12674 2857 7249 2855 
12675 5380 7817 1400 
12676 85 8271 1147 
12677 5371 7095 1800 
12678 1843 7068 6887 
12679 7009 7070 827 
12680 1602 7303 6179 
12681 4031 6938 4286 
12682 4965 7406 7369 
12683 4032 7221 4044 
12684 3376 7239 6143 
12685 1677 1715 1714 
12686 5643 7050 5645 
12687 1631 6928 1523 
12688 1526 6929 1632 
12689 2109 7046 2107 
12690 5286 7516 1517 
12691 6886 7074 1839 
12692 4213 7051 4112 
12693 568 7251 567 
12694 3053 7029 3047 
12695 6803 7039 3957 
12696 2107 7046 7041 
12697 5462 7213 4180 
12698 6545 7272 3230 
12699 1291 1292 1148 
12700 6574 7044 3938 
12701 1548 7057 5418 
12702 5942 7270 5943 
12703 4045 7222 4034 
12704 5683 7338 2475 
12705 6640 6939 6864 
12706 4984 7794 4807 
12707 3297 3364 3296 
12708 5099 5100 5098 
12709 3051 7029 6991 
12710 4263 5187 4261 
12711 111 1958 9 
12712 5266 7229 5263 
12713 5723 5725 5724 
12714 2964 7035 6562 
12715 2018 7181 2342 
12716 1714 1758 1716 
12717 4077 7379 5717 
12718 5006 8030 1608 
12719 5616 8091 4422 
12720 4825 7112 1441 
12721 6921 6992 3177 
12722 1894 3161 1893 
12723 6630 7615 4587 
12724 1713 1770 1712 
12725 1559 7668 5795 
12726 6794 7034 6768 
12727 3124 7223 3867 
12728 2302 7192 2014 
12729 3161 3308 3243 
12730 3983 7060 4356 
12731 470 7295 1412 
12732 1650 8289 4767 
12733 6694 7005 1870 
12734 1872 7006 6693 
12735 5123 7378 4147 
12736 933 7271 6460 
12737 1483 7271 934 
12738 3379 7407 3381 
12739 7204 8157 5781 
12740 5087 7402 7316 
12741 6776 8276 1275 
12742 3553 7225 3488 
12743 3633 7567 5269 
12744 3001 7263 2997 
12745 4148 7281 5123 
12746 1354 6985 1457 
12747 1882 1883 1784 
12748 7233 7276 5433 
12749 6768 7034 2814 
12750 1600 7293 610 
12751 4247 7157 3958 
12752 3801 6988 3826 
12753 1896 7025 6880 
12754 6879 7024 1895 
12755 7007 7055 6550 
12756 4265 7114 6976 
12757 5867 7352 4660 
12758 5913 7115 3894 
12759 4078 7062 5719 
12760 3954 7061 4637 
12761 4407 7608 5325 
12762 1783 1882 1784 
12763 121 7067 13 
12764 6923 7059 4926 
12765 1810 7329 1672 
12766 3868 8251 6497 
12767 1879 1984 1881 
12768 766 7283 765 
12769 1658 1713 1712 
12770 4246 7407 3383 
12771 4722 7244 7176 
12772 4375 8026 3655 
12773 6621 7192 2302 
12774 1298 7602 6079 
12775 1658 1712 1657 
12776 1758 1893 1759 
12777 6550 7055 2514 
12778 3308 4386 4384 
12779 37 7091 1897 
12780 3177 6992 2277 
12781 7032 7702 4404 
12782 2325 7300 2324 
12783 6545 7212 4713 
12784 6774 8079 5216 
12785 1371 6896 802 
12786 52 7245 1961 
12787 1625 1658 1657 
12788 553 7284 1273 
12789 3486 7323 3484 
12790 4926 7059 4927 
12791 2215 7036 2217 
12792 3181 7351 2241 
12793 1770 1949 1771 
12794 1784 7587 2092 
12795 5705 7330 5707 
12796 2160 7218 3205 
12797 2239 7351 3169 
12798 719 7289 718 
12799 5032 7400 5028 
12800 1624 1643 1537 
12801 792 8377 4988 
12802 5549 7077 3590 
12803 6780 7038 4115 
12804 4257 7082 6984 
12805 827 7070 826 
12806 3703 6785 4625 
12807 4490 7049 4045 
12808 4044 7048 4493 
12809 2113 7069 2111 
12810 4350 7180 7119 
12811 6870 6998 4066 
12812 6887 7068 6800 
12813 6095 7535 7532 
12814 2702 7071 2701 
12815 5501 7424 1955 
12816 5628 8402 8205 
12817 4866 8348 4698 
12818 6801 7074 6886 
12819 2333 7312 2332 
12820 6274 7099 6262 
12821 3806 6988 3801 
12822 1344 7313 737 
12823 2695 7073 3876 
12824 6982 7128 4264 
12825 7214 8229 6153 
12826 2115 7076 2113 
12827 3746 7299 6466 
12828 5452 7111 5975 
12829 4500 7219 7008 
12830 4628 7290 4415 
12831 5428 7086 5430 
12832 7414 8108 3010 
12833 5101 7232 5098 
12834 2892 6971 3252 
12835 6688 7042 2888 
12836 2113 7076 7069 
12837 7115 7153 3894 
12838 1338 8422 7452 
12839 1351 8301 95 
12840 3972 7098 5214 
12841 4138 4139 3607 
12842 3142 7008 3139 
12843 5601 7665 1336 
12844 6109 7416 6107 
12845 6264 7079 6266 
12846 5418 7612 5419 
12847 1831 7284 554 
12848 2712 7301 2711 
12849 1354 1374 1350 
12850 6969 7084 5111 
12851 7208 7865 6845 
12852 5027 7015 5031 
12853 5628 7118 5629 
12854 5015 7624 6671 
12855 6001 8370 6003 
12856 3340 7100 2039 
12857 3169 7087 5339 
12858 227 7023 226 
12859 6751 7381 3551 
12860 2737 7297 2734 
12861 7037 7490 5255 
12862 1457 1624 1537 
12863 1627 6651 3298 
12864 3979 7209 6599 
12865 2644 8174 5122 
12866 3829 7301 2715 
12867 3140 6924 3396 
12868 1625 1657 1624 
12869 4135 7480 4355 
12870 4354 7479 4130 
12871 6994 7125 3487 
12872 1304 7017 6979 
12873 1457 1537 1374 
12874 5165 5168 5167 
12875 4710 7167 4709 
12876 5147 7327 4053 
12877 2010 7078 2012 
12878 6865 7039 2263 
12879 3962 6944 4515 
12880 5372 7548 5496 
12881 7125 7236 3605 
12882 4586 7750 4655 
12883 4383 7110 4972 
12884 6073 7450 5914 
12885 2477 7338 2704 
12886 1149 7541 1150 
12887 6533 7065 3075 
12888 4352 7180 4350 
12889 5078 7525 5077 
12890 3554 7345 4218 
12891 3018 7552 3098 
12892 7039 7144 4247 
12893 3708 8403 3707 
12894 6546 7282 6544 
12895 2119 7081 2117 
12896 5696 7395 5695 
12897 1541 7170 173 
12898 4053 7327 3349 
12899 5164 5166 5165 
12900 6838 6883 6839 
12901 2676 7083 2675 
12902 5679 7523 5570 
12903 4868 7094 4870 
12904 1348 1349 1316 
12905 991 7325 990 
12906 172 7170 1975 
12907 3507 7381 3509 
12908 5097 7834 5099 
12909 4349 7119 7035 
12910 2324 7360 6183 
12911 1880 7018 1879 
12912 709 7328 708 
12913 3894 7153 4755 
12914 6689 7082 4257 
12915 4419 6988 3806 
12916 7410 8393 4344 
12917 2277 6992 2279 
12918 8108 8136 7453 
12919 5320 7026 162 
12920 6567 7186 6958 
12921 3991 7566 3835 
12922 3443 7345 3446 
12923 5756 7164 4474 
12924 2672 7018 1880 
12925 1763 8060 5229 
12926 2119 7089 7081 
12927 5745 7401 5743 
12928 5093 7963 3089 
12929 5177 7887 7045 
12930 2121 7089 2119 
12931 1499 7437 6307 
12932 174 7096 1541 
12933 3067 7227 2983 
12934 3590 7392 3478 
12935 2928 7966 7143 
12936 7142 7965 2927 
12937 1102 6852 1385 
12938 1315 1316 1292 
12939 1441 7112 1074 
12940 2219 7038 6780 
12941 163 5320 162 
12942 2271 2273 2272 
12943 3296 6652 1629 
12944 5751 7261 1531 
12945 3308 7020 4667 
12946 4829 7419 4828 
12947 1588 7291 5051 
12948 6979 7017 6830 
12949 2045 6947 3236 
12950 6148 7949 7253 
12951 5097 5099 5098 
12952 1759 6980 1761 
12953 6408 7093 3993 
12954 5594 7131 4406 
12955 6258 7122 6256 
12956 5930 7370 3807 
12957 1354 1457 1374 
12958 4485 7036 3947 
12959 1783 1784 1762 
12960 2863 7335 2861 
12961 7407 8416 4597 
12962 4159 7275 6784 
12963 7155 7292 3539 
12964 4658 7279 3979 
12965 5001 7916 5003 
12966 1385 6853 1101 
12967 1455 7336 822 
12968 5001 8130 1483 
12969 5056 7870 1390 
12970 51 7635 876 
12971 4476 8204 5471 
12972 2900 7097 2851 
12973 4784 7175 4418 
12974 2219 7184 7038 
12975 3248 7162 7120 
12976 1761 1783 1762 
12977 6818 7337 5794 
12978 3706 7417 4537 
12979 6048 7611 4072 
12980 1348 1519 1349 
12981 7388 7683 5224 
12982 5717 7354 4059 
12983 4201 7385 4811 
12984 5167 6532 1311 
12985 4153 7085 3710 
12986 4475 7534 6527 
12987 4564 7243 4352 
12988 4202 7369 2880 
12989 229 7278 1898 
12990 1845 7068 1843 
12991 2271 2272 2270 
12992 4914 7058 6878 
12993 536 7108 535 
12994 3989 7103 3988 
12995 1237 7368 1238 
12996 4423 8389 8028 
12997 6735 7920 1339 
12998 4248 4626 4249 
12999 2330 7337 2331 
13000 3418 7102 3421 
13001 6212 7708 5388 
13002 6041 7379 4125 
13003 1450 8094 7206 
13004 820 7346 1454 
13005 1587 7212 6119 
13006 3587 7357 3584 
13007 1280 7116 1123 
13008 2039 7100 2040 
13009 4500 7008 3276 
13010 4774 8404 6905 
13011 7505 8351 2459 
13012 1839 7074 1841 
13013 43 6825 803 
13014 1349 1354 1350 
13015 2289 7109 6615 
13016 6103 7442 7335 
13017 3448 7098 3445 
13018 801 6896 1849 
13019 4431 7504 4092 
13020 4094 7607 4081 
13021 2307 7397 3282 
13022 1800 7591 5412 
13023 423 7991 1337 
13024 4067 7412 5553 
13025 5983 7505 6196 
13026 275 4606 1343 
13027 2383 7355 2382 
13028 5183 7199 5748 
13029 5345 7411 5346 
13030 1153 5140 1744 
13031 2125 7113 2123 
13032 4280 7115 4281 
13033 1876 7165 202 
13034 5625 7651 1636 
13035 1542 7438 5137 
13036 7035 7119 6562 
13037 6252 7150 5968 
13038 4828 7112 4825 
13039 1315 1348 1316 
13040 3162 7020 3161 
13041 7078 7086 2302 
13042 840 7123 839 
13043 2127 7117 2125 
13044 4800 7226 7034 
13045 4596 7496 6205 
13046 954 7382 1445 
13047 1833 7382 955 
13048 3244 7342 5619 
13049 5936 7121 5935 
13050 1597 7423 1055 
13051 3867 7367 6440 
13052 7235 7425 4303 
13053 2125 7117 7113 
13054 5439 7519 5441 
13055 2155 7092 2152 
13056 6686 7324 1268 
13057 3455 7343 3450 
13058 1363 7197 1333 
13059 1331 7198 1361 
13060 5809 8071 6510 
13061 3361 7355 4672 
13062 1509 7889 6228 
13063 4949 7938 1297 
13064 346 7129 345 
13065 6115 7358 7097 
13066 2847 7358 2885 
13067 5471 8204 5369 
13068 4392 8215 5750 
13069 2832 7369 2834 
13070 1670 7329 6642 
13071 3640 7408 6077 
13072 1680 7011 1642 
13073 1641 7012 1679 
13074 1491 7405 916 
13075 5536 8093 4286 
13076 5522 7720 2262 
13077 4658 7302 7279 
13078 1811 7424 1810 
13079 2022 7127 2024 
13080 3116 7386 3868 
13081 5496 7964 2223 
13082 7356 7503 4639 
13083 5636 7156 5637 
13084 5608 8333 5053 
13085 3793 8309 5206 
13086 1532 7262 5651 
13087 190 7528 31 
13088 6941 7145 7144 
13089 2977 7106 2975 
13090 4734 8012 5059 
13091 2008 7120 2010 
13092 3487 7125 3489 
13093 5647 7246 5653 
13094 5505 7503 3267 
13095 6876 8272 3850 
13096 1054 7423 1829 
13097 5186 7321 5239 
13098 736 7313 6885 
13099 2010 7120 7078 
13100 6907 7080 4454 
13101 4459 7360 5357 
13102 5861 7835 5778 
13103 444 7130 1308 
13104 2836 7406 2921 
13105 6493 7084 6969 
13106 5992 7438 658 
13107 5742 7307 7236 
13108 1850 6852 1103 
13109 5036 7134 1376 
13110 4056 6838 6837 
13111 6562 7119 2971 
13112 4280 7153 7115 
13113 1309 7133 424 
13114 6807 7141 6806 
13115 1009 7404 1008 
13116 175 7096 174 
13117 5030 7104 5032 
13118 7016 7155 3539 
13119 4428 7203 4782 
13120 292 7139 1547 
13121 6865 7144 7039 
13122 335 7260 6705 
13123 2936 7318 1885 
13124 1291 1315 1292 
13125 657 7438 1542 
13126 84 8269 4287 
13127 1337 7991 6920 
13128 766 8150 7283 
13129 5357 7360 5359 
13130 3174 7493 5586 
13131 3396 6924 4430 
13132 6114 7311 6115 
13133 4050 7196 6937 
13134 6529 7340 6528 
13135 3056 7244 2979 
13136 4607 7114 4265 
13137 5324 7332 5495 
13138 4256 7202 5332 
13139 6892 7072 4326 
13140 4406 7131 6502 
13141 1339 7920 445 
13142 4564 7280 7243 
13143 5219 7384 3550 
13144 2131 7138 2129 
13145 3908 7109 4447 
13146 7691 8407 4729 
13147 5964 7147 5969 
13148 5288 7427 6560 
13149 4293 8271 85 
13150 5494 7332 5331 
13151 5047 7714 7107 
13152 6290 7149 6292 
13153 3243 6980 1893 
13154 3276 7008 3142 
13155 768 7291 1588 
13156 1030 7191 1029 
13157 6111 7372 6108 
13158 764 7418 763 
13159 2133 7140 2131 
13160 7323 7396 3608 
13161 2925 7037 2088 
13162 1723 7011 1680 
13163 1679 7012 1725 
13164 5670 7166 3289 
13165 2648 7158 2606 
13166 952 7146 951 
13167 3426 7322 4577 
13168 6105 7415 6102 
13169 4107 7183 6744 
13170 2131 7140 7138 
13171 1164 4816 4160 
13172 4684 8052 5341 
13173 1447 7425 997 
13174 5908 7452 4075 
13175 1269 7422 144 
13176 5948 7380 5949 
13177 4149 7148 4150 
13178 7034 7226 2814 
13179 6339 7154 4396 
13180 1357 7525 5327 
13181 7061 8409 4637 
13182 5430 7162 5429 
13183 6504 8158 2330 
13184 6571 7427 3800 
13185 4626 4627 4249 
13186 3235 7342 2000 
13187 1879 7018 1984 
13188 4264 7128 4609 
13189 1421 7334 4916 
13190 4991 7485 4993 
13191 3236 6947 4263 
13192 3550 7384 3525 
13193 5211 8160 5209 
13194 3004 7414 3010 
13195 5776 7819 5771 
13196 4036 7348 4038 
13197 4042 7349 4040 
13198 6358 8219 7190 
13199 4604 7135 4603 
13200 5111 7084 6902 
13201 5743 7401 7307 
13202 1996 7230 329 
13203 1450 7206 160 
13204 2334 7337 6818 
13205 870 7477 869 
13206 6229 7950 1509 
13207 5804 8114 5807 
13208 3979 7279 7209 
13209 6673 8007 4651 
13210 4388 7153 4280 
13211 5629 7118 5632 
13212 4990 7862 1807 
13213 1851 8225 7528 
13214 3053 7209 7029 
13215 202 7165 201 
13216 7097 7359 6115 
13217 4878 7821 4880 
13218 6103 7451 6101 
13219 1457 6985 1625 
13220 2139 7160 2137 
13221 4238 7080 6907 
13222 1893 6980 1759 
13223 2002 7342 3244 
13224 5746 7472 5745 
13225 2020 7163 2022 
13226 1797 7500 414 
13227 5864 7484 4594 
13228 4144 7177 6732 
13229 2137 7161 2135 
13230 5609 8127 4391 
13231 2345 7273 1858 
13232 1864 7274 2344 
13233 1442 7702 7032 
13234 431 7663 1379 
13235 1380 7662 437 
13236 7119 7180 2971 
13237 975 6875 1391 
13238 6421 7437 521 
13239 520 7437 1499 
13240 5660 7692 5663 
13241 1407 6895 1028 
13242 7160 7161 2137 
13243 4352 7243 7180 
13244 2461 7444 2462 
13245 7314 7439 2925 
13246 1967 7907 7319 
13247 6933 7543 1018 
13248 3549 7377 3526 
13249 4701 8137 4700 
13250 4677 7462 4679 
13251 1064 7152 1063 
13252 6590 7414 3002 
13253 3579 7167 6300 
13254 4944 8147 4433 
13255 1530 7924 5716 
13256 902 7142 901 
13257 857 7143 856 
13258 3958 7157 4193 
13259 5463 7751 5464 
13260 4009 7813 5133 
13261 1228 7168 1229 
13262 5062 8345 3098 
13263 4411 7283 4487 
13264 5216 7993 6774 
13265 3476 7169 3459 
13266 5873 7831 5863 
13267 4722 7176 4717 
13268 194 7215 1521 
13269 2981 7227 3056 
13270 5707 8317 1813 
13271 7029 7209 4568 
13272 4719 7310 4722 
13273 1207 7174 1208 
13274 6524 7463 3530 
13275 2757 7454 2754 
13276 2752 7454 3302 
13277 5163 7331 5159 
13278 6069 7495 3589 
13279 165 7277 164 
13280 2442 7467 2445 
13281 4205 7449 4661 
13282 6854 7449 4214 
13283 6342 8058 5905 
13284 3425 7478 3429 
13285 4015 7193 6209 
13286 6211 7194 4016 
13287 7481 8330 4462 
13288 5227 7743 1558 
13289 7338 7826 4685 
13290 2859 7442 2902 
13291 1387 7998 4900 
13292 7074 7222 2345 
13293 4812 8218 7123 
13294 1021 7457 6431 
13295 1506 7457 1022 
13296 825 7173 824 
13297 3161 7020 3308 
13298 776 7460 775 
13299 4595 7489 6457 
13300 3057 7552 3016 
13301 598 7171 597 
13302 2022 7163 7127 
13303 1488 7435 919 
13304 7027 7387 4863 
13305 1830 7995 6006 
13306 4453 7483 4451 
13307 5125 7797 5322 
13308 2266 7151 2672 
13309 1809 7527 1954 
13310 5277 7739 2019 
13311 1898 7605 228 
13312 5677 7187 5676 
13313 7058 7225 3553 
13314 2344 7221 7068 
13315 1744 6903 4293 
13316 1758 7075 1894 
13317 4969 8335 4971 
13318 817 7458 1452 
13319 5130 7463 6524 
13320 1806 8372 7242 
13321 3248 7233 7162 
13322 2016 7181 2018 
13323 7078 7120 5430 
13324 4345 7101 6911 
13325 99 7172 1421 
13326 1416 7185 1117 
13327 5270 8361 1831 
13328 2268 7151 2266 
13329 992 7473 1446 
13330 7185 8092 1116 
13331 4103 7969 4102 
13332 4770 7179 4771 
13333 1360 7189 1120 
13334 946 7326 1330 
13335 3488 7225 3486 
13336 443 7175 442 
13337 4406 8117 5594 
13338 485 7486 484 
13339 6132 7484 6131 
13340 1713 7022 1770 
13341 2088 7037 3389 
13342 1408 7207 169 
13343 4861 7179 4770 
13344 1454 7465 819 
13345 1072 7200 1357 
13346 3156 7777 5960 
13347 6912 7659 5398 
13348 4065 7126 2272 
13349 346 7220 7129 
13350 5745 7472 7401 
13351 6806 7141 3286 
13352 3728 7461 3729 
13353 168 7207 1973 
13354 4782 7701 4305 
13355 1606 7727 5008 
13356 7636 8044 7164 
13357 450 8023 5156 
13358 6928 7193 6820 
13359 6821 7194 6929 
13360 1737 7022 1713 
13361 3073 7182 2952 
13362 4802 7226 4800 
13363 3081 7469 3080 
13364 4822 7485 4991 
13365 5311 7626 4742 
13366 7066 8147 1645 
13367 5881 7828 5875 
13368 2738 7190 2737 
13369 1452 7779 6782 
13370 2704 7204 5780 
13371 944 7494 1492 
13372 5926 7820 5883 
13373 2446 7511 2449 
13374 2014 7192 2016 
13375 4414 7188 4628 
13376 1807 7985 4995 
13377 5184 7199 5183 
13378 7484 8299 4594 
13379 7361 7626 2921 
13380 1639 7216 196 
13381 7189 8308 1119 
13382 5890 7588 1806 
13383 5216 8079 1779 
13384 1642 7011 2074 
13385 2073 7012 1641 
13386 1513 7875 885 
13387 516 7498 515 
13388 6457 7489 930 
13389 929 7489 1479 
13390 4165 7540 5456 
13391 5142 7239 5141 
13392 6125 7514 4614 
13393 468 7188 467 
13394 3651 7609 3650 
13395 2420 7488 2419 
13396 6289 7495 6291 
13397 3338 7223 3124 
13398 6084 8053 1482 
13399 6941 7144 6865 
13400 2971 7180 6558 
13401 6747 7365 6745 
13402 5376 7817 5377 
13403 160 7206 159 
13404 4061 8157 7204 
13405 7350 7446 2221 
13406 4535 7252 5590 
13407 5307 7426 5089 
13408 329 7230 328 
13409 379 7518 378 
13410 5330 8088 4189 
13411 3413 7322 3426 
13412 3251 7561 5669 
13413 4788 7559 4789 
13414 1414 8073 5073 
13415 5316 7788 5317 
13416 4873 7557 4874 
13417 6390 7339 6391 
13418 3189 7510 4630 
13419 3732 7461 6650 
13420 5839 7686 5841 
13421 7173 7228 824 
13422 4069 7488 2423 
13423 5325 7608 2404 
13424 1031 7647 1693 
13425 1029 7191 1407 
13426 354 7205 353 
13427 6284 7514 6283 
13428 1095 7210 1094 
13429 1528 7197 1363 
13430 1361 7198 1525 
13431 3522 7455 3592 
13432 5229 8060 7409 
13433 3528 7463 3549 
13434 582 7521 581 
13435 6337 7647 1032 
13436 3274 7193 6928 
13437 6929 7194 3273 
13438 380 7536 379 
13439 4055 7365 4499 
13440 195 7215 194 
13441 5338 7789 2057 
13442 2951 8037 5702 
13443 2463 7505 2460 
13444 803 6825 1371 
13445 5455 7231 5450 
13446 6010 8082 6013 
13447 296 7803 67 
13448 1443 7713 6406 
13449 39 7605 1264 
13450 2016 7192 7181 
13451 852 7716 5260 
13452 5259 7715 906 
13453 6473 7671 3547 
13454 6476 7330 3615 
13455 1329 7373 948 
13456 6308 7556 6306 
13457 4378 8145 7976 
13458 1999 7429 3235 
13459 862 7252 1532 
13460 426 7203 425 
13461 6605 7217 3175 
13462 2145 7286 6694 
13463 4005 7306 7040 
13464 1805 7644 5802 
13465 1700 7492 6136 
13466 1335 7697 5602 
13467 3591 7683 7388 
13468 905 7715 1285 
13469 1286 7716 853 
13470 4369 7263 6199 
13471 2070 7250 6761 
13472 6693 7287 2146 
13473 5319 7774 5318 
13474 5266 8366 3798 
13475 1419 7344 6966 
13476 6245 7593 6239 
13477 1327 7248 66 
13478 1000 7376 1327 
13479 3392 7422 3263 
13480 2855 7413 2853 
13481 5430 7086 7078 
13482 1263 8124 89 
13483 1636 8402 5628 
13484 5896 7588 5892 
13485 3138 7219 5185 
13486 4403 7268 4137 
13487 6309 7556 2757 
13488 1881 7022 1737 
13489 3604 7540 4165 
13490 2220 7184 2219 
13491 3612 7540 3588 
13492 7110 8222 6853 
13493 2218 7350 2221 
13494 4300 7195 6809 
13495 7750 8301 4655 
13496 6150 7214 6153 
13497 158 7265 1637 
13498 4391 8127 4472 
13499 3987 7464 6883 
13500 169 7207 168 
13501 4304 7699 4784 
13502 1407 7107 6895 
13503 367 8385 6996 
13504 2458 7557 2461 
13505 5854 8072 1486 
13506 5955 7468 5956 
13507 7304 7305 3708 
13508 347 7220 346 
13509 7143 7966 4516 
13510 4517 7965 7142 
13511 7333 7373 1329 
13512 5612 7294 1657 
13513 177 7806 29 
13514 3283 7151 2268 
13515 1017 7543 1508 
13516 6636 7402 5087 
13517 196 7216 195 
13518 2159 7159 6828 
13519 1531 7261 6487 
13520 3941 7544 2769 
13521 1715 7075 1714 
13522 4615 7543 6933 
13523 5523 7211 5516 
13524 1387 7977 4706 
13525 6332 7223 6334 
13526 7544 8379 6349 
13527 5604 7697 5607 
13528 1492 7450 6456 
13529 5562 7760 5398 
13530 6828 7159 4255 
13531 5465 7646 4156 
13532 6777 7530 6592 
13533 6306 7556 6304 
13534 3951 7593 6468 
13535 6990 8335 4969 
13536 6138 7567 3629 
13537 358 7558 1397 
13538 1832 7558 359 
13539 1264 7605 6322 
13540 2535 7224 2537 
13541 6599 7209 3053 
13542 5737 7236 7125 
13543 83 4047 1331 
13544 1333 4046 86 
13545 1852 7191 1030 
13546 824 7228 823 
13547 549 7560 1299 
13548 1830 7560 550 
13549 1525 7198 2073 
13550 2074 7197 1528 
13551 2741 8126 7190 
13552 1714 7075 1758 
13553 7793 7927 1697 
13554 4158 7646 4556 
13555 5969 7658 1827 
13556 5579 8118 3208 
13557 2993 7526 3021 
13558 1781 8289 873 
13559 2881 8396 5650 
13560 4237 7597 4562 
13561 2759 7563 2760 
13562 7036 7232 2217 
13563 5757 7636 5756 
13564 7984 8322 6603 
13565 5735 7236 5737 
13566 872 8289 1650 
13567 3370 7653 3380 
13568 770 7570 769 
13569 1660 7613 1709 
13570 3022 7430 3019 
13571 7049 7273 2345 
13572 4651 8263 6673 
13573 2344 7274 7048 
13574 5145 7541 7433 
13575 5542 8000 1439 
13576 4828 7419 7200 
13577 5571 7455 7377 
13578 5830 7859 5833 
13579 2405 7608 4175 
13580 7135 7492 7136 
13581 5641 7719 5642 
13582 3332 7218 2160 
13583 5750 8215 3071 
13584 6072 7601 6073 
13585 1847 7895 4903 
13586 996 7235 995 
13587 73 7296 1773 
13588 5063 7679 5062 
13589 3630 7567 3633 
13590 914 7066 1645 
13591 921 7575 920 
13592 2337 7234 2336 
13593 6029 7619 4365 
13594 7205 8324 6441 
13595 6527 7534 830 
13596 2243 7650 3181 
13597 2918 7364 6862 
13598 6801 7222 7074 
13599 478 7237 1313 
13600 7098 7343 5214 
13601 4267 7761 5528 
13602 1035 7589 1034 
13603 6449 7456 6250 
13604 2933 8128 4849 
13605 2825 7618 2881 
13606 5346 7746 5350 
13607 7068 7221 6800 
13608 3098 8345 3020 
13609 6764 7264 4154 
13610 2017 7739 3150 
13611 3155 8407 7691 
13612 7120 7162 5430 
13613 3065 7813 5592 
13614 5716 8080 5715 
13615 2814 7226 6529 
13616 6193 8198 6192 
13617 4485 7232 7036 
13618 2672 7151 7019 
13619 5263 7229 5262 
13620 2977 7244 7106 
13621 6182 7753 1614 
13622 4781 7571 4780 
13623 5544 7515 6751 
13624 2731 7577 2732 
13625 6793 7238 3067 
13626 6640 7431 6940 
13627 1278 8259 8043 
13628 5616 8028 2153 
13629 4934 7678 4207 
13630 4833 8423 7839 
13631 6551 7532 6508 
13632 4393 7903 7852 
13633 4673 8252 134 
13634 4113 7439 4073 
13635 4606 7124 1343 
13636 5726 7803 3409 
13637 2683 7240 2680 
13638 4504 8360 5092 
13639 937 7603 936 
13640 5748 7565 5746 
13641 1093 7554 1430 
13642 1323 7594 1067 
13643 4023 7583 4025 
13644 4618 7597 6484 
13645 3023 8345 3066 
13646 4553 7155 4139 
13647 3397 7672 6541 
13648 1794 7724 5253 
13649 7514 8327 4614 
13650 7127 7612 3197 
13651 1949 7314 2925 
13652 1783 7288 2396 
13653 7152 8376 1312 
13654 5571 7377 7043 
13655 1036 7622 1035 
13656 7180 7243 6558 
13657 532 7602 1298 
13658 3368 7653 3367 
13659 1062 7638 1061 
13660 439 7648 438 
13661 430 7649 429 
13662 2270 7126 3283 
13663 4270 7420 4098 
13664 4072 7611 4018 
13665 4140 7606 4834 
13666 752 7242 751 
13667 7043 7377 3549 
13668 7217 7272 4712 
13669 5414 7800 1801 
13670 2979 7244 2977 
13671 3527 7683 3529 
13672 2902 7249 2857 
13673 5560 7418 6563 
13674 1303 7993 5216 
13675 7164 8113 4473 
13676 6558 7243 3073 
13677 7159 7309 4865 
13678 3742 7620 3814 
13679 567 7251 6548 
13680 4915 7225 7058 
13681 3594 7572 3499 
13682 7085 7362 4379 
13683 769 7291 768 
13684 5552 7241 5551 
13685 4955 7487 4861 
13686 336 7260 335 
13687 6147 7253 6146 
13688 1354 7088 6985 
13689 6704 7816 6714 
13690 6605 7272 7217 
13691 7021 8021 4542 
13692 4180 7213 4182 
13693 6996 8385 4726 
13694 4502 7219 4500 
13695 4020 7611 4023 
13696 7551 7997 2087 
13697 3080 7485 6722 
13698 4721 7310 4719 
13699 7219 7321 5185 
13700 217 7258 1976 
13701 6784 7275 5799 
13702 5618 7799 5588 
13703 5527 7692 5526 
13704 3072 8364 4842 
13705 374 7630 373 
13706 2055 7789 2354 
13707 6958 7186 4155 
13708 5787 8051 6618 
13709 6433 7254 6224 
13710 5194 8410 3150 
13711 4930 8242 1445 
13712 1779 7308 8 
13713 6753 7233 3248 
13714 6136 8401 3976 
13715 4513 7966 5317 
13716 6937 7196 4390 
13717 7915 8331 4245 
13718 3448 7343 7098 
13719 2413 7839 2065 
13720 2983 7227 2981 
13721 5787 7935 5788 
13722 7365 8292 4499 
13723 6639 7446 7431 
13724 5573 8370 6142 
13725 218 7258 217 
13726 2081 8033 5472 
13727 2194 7542 2264 
13728 504 7255 503 
13729 3615 7584 3200 
13730 2743 7639 6454 
13731 5300 8106 5096 
13732 5769 7795 5764 
13733 3417 7661 3415 
13734 2452 7640 2451 
13735 3738 7620 3739 
13736 7533 8340 4654 
13737 6820 7193 4015 
13738 4016 7194 6821 
13739 4242 7631 4166 
13740 6726 7530 4743 
13741 7455 7523 3592 
13742 6717 7474 2820 
13743 2272 7126 2270 
13744 613 7667 612 
13745 6173 7768 6171 
13746 6845 7865 6846 
13747 6336 7674 6325 
13748 7268 8155 6852 
13749 5600 7665 5598 
13750 6481 7257 1477 
13751 5274 7299 5275 
13752 4263 7285 5187 
13753 2537 7657 2538 
13754 3690 7813 4009 
13755 2667 7637 2731 
13756 4315 7615 4532 
13757 6487 8408 6489 
13758 1408 8188 4864 
13759 3335 7267 2357 
13760 2997 7263 2995 
13761 7209 7279 4568 
13762 5746 7565 7472 
13763 5282 7752 5284 
13764 7243 7280 3073 
13765 3986 7178 4559 
13766 5550 7281 4148 
13767 3191 7736 2247 
13768 6334 7696 6335 
13769 5650 7999 5649 
13770 5073 7816 4970 
13771 1066 7664 1065 
13772 5069 7761 4266 
13773 5945 7270 5942 
13774 1408 7208 7207 
13775 1349 7088 1354 
13776 6800 7221 4032 
13777 1519 7088 1349 
13778 934 7271 933 
13779 6036 7811 6034 
13780 4034 7222 6801 
13781 5279 7314 7022 
13782 5618 8404 6925 
13783 710 7682 709 
13784 6636 7482 7402 
13785 6851 7673 3398 
13786 6541 7672 5889 
13787 1518 7371 7157 
13788 3476 7392 7169 
13789 6532 7502 1875 
13790 5680 7841 5675 
13791 2085 7247 6850 
13792 3415 7322 3413 
13793 1480 7986 5848 
13794 2541 7657 2651 
13795 4086 7652 4427 
13796 89 8124 4126 
13797 7253 7949 4095 
13798 7249 7416 6109 
13799 7092 8386 5540 
13800 7849 8357 6760 
13801 7490 7693 5255 
13802 1829 7931 6066 
13803 5319 7965 4511 
13804 5495 7332 5494 
13805 5327 7316 1795 
13806 3100 7688 3095 
13807 159 7265 158 
13808 4934 8237 6620 
13809 4486 7927 7793 
13810 3938 7669 3936 
13811 990 7702 989 
13812 1657 7294 1624 
13813 1487 7879 5833 
13814 5510 8070 5511 
13815 4942 8193 2191 
13816 965 7709 1571 
13817 6665 8109 5034 
13818 7852 7903 1721 
13819 4244 7441 4377 
13820 6135 7882 6071 
13821 4248 4249 4191 
13822 5199 8031 2171 
13823 986 7713 1443 
13824 5245 8211 22 
13825 150 8211 1294 
13826 5824 7954 5822 
13827 5358 7695 1423 
13828 6968 7178 3986 
13829 5323 7729 5325 
13830 1230 7675 1402 
13831 581 7723 580 
13832 7517 7703 4153 
13833 4079 7261 4543 
13834 4545 7262 4080 
13835 5301 7781 4233 
13836 4072 8068 6049 
13837 1174 8277 1175 
13838 4568 7279 4567 
13839 3091 7707 3090 
13840 2447 7698 2444 
13841 4385 7288 6980 
13842 6537 7586 6540 
13843 6362 7995 1830 
13844 2354 7655 5326 
13845 6354 7753 4441 
13846 4751 7466 4846 
13847 201 7371 200 
13848 4556 8211 5245 
13849 308 7296 73 
13850 5013 7624 5015 
13851 5052 7755 5050 
13852 1380 7648 6743 
13853 5098 7232 4485 
13854 5252 7732 1793 
13855 6748 7649 1379 
13856 390 7727 389 
13857 6230 7757 6430 
13858 3230 7272 6605 
13859 1816 7718 5972 
13860 2011 7910 2923 
13861 4139 7155 7016 
13862 765 7283 1586 
13863 5990 7753 6354 
13864 6197 7923 6198 
13865 5058 8322 7984 
13866 1423 7695 837 
13867 554 7284 553 
13868 4273 7704 3901 
13869 5832 7879 5836 
13870 3501 7694 3503 
13871 6544 7282 6545 
13872 2820 7617 6728 
13873 3592 7654 3520 
13874 2459 7711 2456 
13875 569 8101 24 
13876 2197 8185 3237 
13877 5313 7814 6516 
13878 4862 7266 4270 
13879 6755 7759 6037 
13880 2159 7309 7159 
13881 6839 8020 7363 
13882 5101 7350 7232 
13883 4837 7383 4838 
13884 5844 7686 5851 
13885 1392 7798 784 
13886 783 7798 1816 
13887 5020 7671 5018 
13888 24 8101 568 
13889 4571 8308 7189 
13890 4502 7321 7219 
13891 1792 7317 5203 
13892 6417 8159 4791 
13893 540 7737 539 
13894 4519 8170 4507 
13895 4940 7531 4939 
13896 5335 7306 4005 
13897 6975 7339 4173 
13898 5050 7755 4412 
13899 3670 7656 3408 
13900 4524 7752 5282 
13901 4896 7706 4084 
13902 3591 7388 7387 
13903 3826 8017 6727 
13904 5362 7604 5363 
13905 5279 7439 7314 
13906 6370 7757 6232 
13907 6492 7904 6494 
13908 2521 7705 2527 
13909 1477 7289 719 
13910 7100 7285 4263 
13911 1551 7277 165 
13912 4483 8092 7185 
13913 4040 7349 4632 
13914 4631 7348 4036 
13915 6545 7282 7212 
13916 7242 8372 4616 
13917 7364 8306 6862 
13918 5018 7671 3704 
13919 61 7967 1792 
13920 7110 8155 4403 
13921 4144 7538 7177 
13922 1638 8085 7056 
13923 1402 7717 1231 
13924 6453 7755 2759 
13925 5051 7291 5054 
13926 3253 7178 6968 
13927 6922 7256 1292 
13928 5244 8413 4196 
13929 440 7822 439 
13930 429 7823 428 
13931 7051 7902 7052 
13932 7568 8237 4935 
13933 7231 7344 1419 
13934 3547 8192 5641 
13935 5820 7766 5823 
13936 5049 8347 7585 
13937 7087 8231 4941 
13938 1978 7331 5163 
13939 1979 8342 5123 
13940 238 7324 3146 
13941 5359 7730 5360 
13942 3360 7767 2770 
13943 1689 7902 5720 
13944 718 7764 717 
13945 3432 8325 4389 
13946 6466 7299 4931 
13947 1482 7929 6086 
13948 1807 7862 1057 
13949 2262 7720 6863 
13950 617 7791 616 
13951 2772 7767 2775 
13952 7283 8150 4487 
13953 610 7293 609 
13954 8 7308 110 
13955 3244 7276 6753 
13956 1056 7862 1597 
13957 5656 7795 5657 
13958 4170 7718 4168 
13959 2328 7300 2325 
13960 4471 8376 7152 
13961 7279 7302 4567 
13962 5907 7673 6851 
13963 5633 7542 5631 
13964 5155 7760 5156 
13965 7106 7244 4722 
13966 5079 7347 5080 
13967 2454 7818 2457 
13968 775 7786 774 
13969 471 7295 470 
13970 6857 7666 3155 
13971 1619 7969 6336 
13972 2775 7766 6495 
13973 4528 7731 4526 
13974 6117 7311 6114 
13975 2449 7821 2450 
13976 1513 8191 7875 
13977 1467 7775 1239 
13978 1858 7273 2145 
13979 2146 7274 1864 
13980 5436 7366 5438 
13981 2740 7773 2743 
13982 6380 7936 6088 
13983 1268 7324 239 
13984 1262 7783 1459 
13985 4669 8221 6395 
13986 6168 7303 1602 
13987 1233 7741 1403 
13988 4754 7721 4177 
13989 2419 7768 2416 
13990 4707 7357 4635 
13991 2734 7297 2733 
13992 4722 7310 7106 
13993 1427 7913 5223 
13994 5128 7292 4600 
13995 1241 7785 1466 
13996 4904 7919 4903 
13997 2715 7301 2712 
13998 6709 7320 1692 
13999 2842 7814 3170 
14000 2409 8264 2201 
14001 4218 7874 3556 
14002 2885 7298 6546 
14003 4387 8108 7414 
14004 7147 8102 5969 
14005 668 8104 33 
14006 8131 8206 4320 
14007 6753 7276 7233 
14008 3079 7728 3082 
14009 1460 7805 1260 
14010 4891 8380 7444 
14011 33 8104 667 
14012 5833 7879 5831 
14013 239 7324 238 
14014 1801 8084 5413 
14015 3558 7874 6069 
14016 2717 7792 3829 
14017 7212 7282 6119 
14018 1244 7810 1465 
14019 1356 8385 368 
14020 6181 8097 6691 
14021 6980 7288 1761 
14022 2189 8193 3163 
14023 7236 7307 3605 
14024 1466 7815 1242 
14025 2735 7808 2736 
14026 5091 7333 5090 
14027 4780 7850 4228 
14028 230 7278 229 
14029 4171 7596 4170 
14030 5708 7330 5705 
14031 2030 7685 2033 
14032 1259 7829 1460 
14033 2848 7878 3156 
14034 4666 7738 4338 
14035 2061 8423 3352 
14036 2900 7359 7097 
14037 621 7903 620 
14038 1256 7838 1461 
14039 2336 7312 2333 
14040 2902 7442 7415 
14041 2051 7742 2052 
14042 3516 7747 3611 
14043 4900 7998 4052 
14044 184 7428 183 
14045 4223 8025 3287 
14046 1253 7845 1462 
14047 5767 7819 5768 
14048 7617 7735 6728 
14049 3277 7912 5750 
14050 1247 7846 1464 
14051 6516 7814 2840 
14052 4692 8291 5906 
14053 1250 7851 1463 
14054 5733 8072 4373 
14055 614 7905 2922 
14056 4542 8228 7021 
14057 1410 7905 615 
14058 298 7840 1283 
14059 2451 7440 2448 
14060 4950 8161 4435 
14061 3539 7292 6524 
14062 3484 7323 3608 
14063 518 8107 6927 
14064 6771 7493 3174 
14065 5702 7973 2947 
14066 1461 7857 1257 
14067 737 7313 736 
14068 5042 7937 5043 
14069 1403 7801 1234 
14070 7385 7999 3727 
14071 1517 7516 153 
14072 1235 7801 6557 
14073 1462 7864 1254 
14074 4567 7302 4714 
14075 947 7326 946 
14076 1420 7985 1059 
14077 2329 7926 2328 
14078 5122 7937 5118 
14079 789 8027 6365 
14080 5706 8104 3647 
14081 5490 8216 3170 
14082 1058 7985 1807 
14083 7316 7402 1795 
14084 4577 7322 4580 
14085 5888 7971 5383 
14086 4302 7849 6760 
14087 996 7425 7235 
14088 5097 8225 1851 
14089 1463 7876 1251 
14090 1465 7877 1245 
14091 2448 7440 2447 
14092 1321 7633 4758 
14093 5092 8360 3674 
14094 3798 8366 5513 
14095 4759 7632 1320 
14096 1552 7954 779 
14097 6079 7602 6080 
14098 5340 8052 1406 
14099 705 7859 1489 
14100 4639 8332 3638 
14101 3374 7624 6792 
14102 6303 8166 6927 
14103 5924 7811 5925 
14104 1464 7888 1248 
14105 7022 7314 1770 
14106 577 7959 1270 
14107 1571 7709 6949 
14108 250 7837 1296 
14109 3440 7506 3961 
14110 6247 7949 1612 
14111 5258 8343 7824 
14112 618 7938 617 
14113 3150 8410 2015 
14114 6220 7898 5457 
14115 1392 7749 4797 
14116 3105 7901 3104 
14117 5879 7820 5880 
14118 5007 8030 5006 
14119 3638 8332 1284 
14120 3598 7887 3505 
14121 4721 7501 7310 
14122 4433 8147 4432 
14123 5129 7375 5130 
14124 4175 7364 4534 
14125 4102 7901 3108 
14126 6315 7911 6314 
14127 1315 1433 1348 
14128 152 7516 1967 
14129 2904 7471 7451 
14130 3605 7307 6660 
14131 6572 7315 6573 
14132 4394 7980 6120 
14133 2179 7853 2176 
14134 2972 7394 2974 
14135 5662 8266 8160 
14136 6995 7290 4284 
14137 1970 7691 4085 
14138 1601 8397 5391 
14139 3299 7613 1659 
14140 3316 7799 6925 
14141 4604 7492 7135 
14142 4343 7871 4421 
14143 1446 7325 991 
14144 5871 7828 5872 
14145 936 7916 935 
14146 1761 7288 1783 
14147 1275 7421 219 
14148 1555 8023 451 
14149 4399 7860 4324 
14150 4288 7988 5909 
14151 7190 8219 2737 
14152 1672 7329 1670 
14153 4864 8188 1975 
14154 708 7328 1487 
14155 1397 8384 7254 
14156 3349 7327 3875 
14157 4576 8261 4574 
14158 5774 7835 5775 
14159 6656 7687 3925 
14160 6291 8324 7205 
14161 4196 8413 6759 
14162 1365 8027 790 
14163 4249 4250 4191 
14164 4096 7852 4272 
14165 6006 7995 6005 
14166 7241 8209 5551 
14167 6448 7983 4557 
14168 5083 7499 2073 
14169 1278 8043 146 
14170 5859 7831 5860 
14171 4253 7928 6414 
14172 5549 7580 7077 
14173 5281 7625 1637 
14174 1367 7607 4989 
14175 6179 8024 6178 
14176 7190 8126 6359 
14177 4247 7740 7157 
14178 6538 7978 6898 
14179 1012 7950 6430 
14180 5912 7850 1540 
14181 1509 7950 1013 
14182 3381 8305 3377 
14183 4558 8003 6129 
14184 3267 7356 5703 
14185 4462 8374 7481 
14186 5702 8037 5699 
14187 1480 7921 713 
14188 1406 8052 4681 
14189 5819 8015 5816 
14190 4542 7890 4063 
14191 2475 7338 2477 
14192 7303 8369 4069 
14193 1010 7968 1009 
14194 1333 7197 4046 
14195 4047 7198 1331 
14196 7451 7471 6099 
14197 3083 7934 3087 
14198 3273 7677 1676 
14199 1675 7676 3274 
14200 6855 8171 984 
14201 4165 7977 4164 
14202 5185 7321 5186 
14203 1495 8010 5511 
14204 515 7979 514 
14205 7168 8266 7675 
14206 193 7549 192 
14207 939 7961 5854 
14208 1289 7848 4145 
14209 1490 7961 940 
14210 6374 8029 6373 
14211 3340 7285 7100 
14212 5460 7341 1633 
14213 5824 8015 1593 
14214 822 7336 821 
14215 6349 7894 1590 
14216 3926 7784 3382 
14217 1115 8092 1812 
14218 2904 7335 2863 
14219 982 7990 981 
14220 2614 8159 6235 
14221 5271 8067 5178 
14222 981 7994 980 
14223 3669 7890 3668 
14224 1674 8263 1808 
14225 3433 8325 3432 
14226 546 7827 1342 
14227 3984 8287 313 
14228 4411 8286 7283 
14229 6625 7847 4783 
14230 6808 7690 5884 
14231 6569 7913 1097 
14232 1096 7913 1427 
14233 6627 7550 3363 
14234 5539 7512 5542 
14235 6685 7660 6686 
14236 5419 7612 7127 
14237 2331 7337 2334 
14238 7393 8077 5306 
14239 6392 7339 6390 
14240 4675 7915 1405 
14241 7240 8399 6245 
14242 7264 7578 4154 
14243 391 8030 390 
14244 1677 7448 1715 
14245 195 7216 7215 
14246 5040 8081 5039 
14247 6137 8359 1273 
14248 3446 7345 3554 
14249 4679 7462 7238 
14250 5070 7959 578 
14251 6391 7339 6975 
14252 6480 7986 715 
14253 714 7986 1480 
14254 6176 8097 6181 
14255 4295 7924 4455 
14256 4953 7441 4244 
14257 4932 7992 6479 
14258 5624 7651 5625 
14259 6139 8144 5475 
14260 7336 7346 821 
14261 7106 7310 3050 
14262 4374 8072 5854 
14263 4369 7526 7263 
14264 1624 7294 1643 
14265 5205 7940 5288 
14266 6935 7754 7429 
14267 6601 7868 2999 
14268 6512 7304 3055 
14269 793 8377 792 
14270 3715 8291 4321 
14271 523 8047 1500 
14272 105 8293 3980 
14273 620 8391 619 
14274 5677 7747 7654 
14275 6089 8298 5482 
14276 5574 8000 5225 
14277 6684 7917 6685 
14278 4479 8079 4366 
14279 821 7346 820 
14280 4439 8098 6181 
14281 2668 8032 6704 
14282 5906 8291 3717 
14283 1604 8064 994 
14284 5553 7482 6636 
14285 6317 8126 6410 
14286 2000 7342 2002 
14287 1150 7541 5145 
14288 922 8062 921 
14289 5547 7352 5867 
14290 6736 7332 5324 
14291 3525 7384 3527 
14292 3583 8069 3580 
14293 558 8409 1702 
14294 1326 7564 6477 
14295 924 8053 6458 
14296 1482 8053 925 
14297 3450 7343 3448 
14298 4391 8074 5609 
14299 5665 8127 3342 
14300 1437 7987 344 
14301 1319 8045 534 
14302 612 8103 611 
14303 4536 8358 5268 
14304 1388 8167 6932 
14305 1118 8308 1416 
14306 5089 7426 5091 
14307 1365 7891 4985 
14308 548 8078 547 
14309 1511 8083 1007 
14310 5004 7765 5005 
14311 608 8397 1601 
14312 1986 8100 3344 
14313 584 8144 6139 
14314 4118 7955 6013 
14315 6463 8380 4376 
14316 1061 8197 1060 
14317 4651 8007 4319 
14318 5722 7930 1328 
14319 5070 7939 4388 
14320 6927 8107 6305 
14321 806 8172 1372 
14322 6526 8071 5008 
14323 5149 7375 5129 
14324 1470 8144 585 
14325 1412 8319 469 
14326 6183 7360 4459 
14327 7459 7881 4124 
14328 5724 7679 5066 
14329 5817 8015 5824 
14330 7090 7978 6538 
14331 2640 8002 2561 
14332 1885 7318 1883 
14333 2921 7406 7361 
14334 4059 7354 6015 
14335 1499 8107 519 
14336 6547 8006 2463 
14337 2241 7351 2239 
14338 3591 7387 7027 
14339 3092 8132 6376 
14340 1711 7854 319 
14341 5002 8130 5001 
14342 6891 7659 2079 
14343 6927 8166 1498 
14344 1001 7376 1000 
14345 4147 7378 4416 
14346 3843 8370 6001 
14347 4415 7290 6995 
14348 6181 8098 1609 
14349 4537 8134 4538 
14350 6528 7340 6717 
14351 5225 8000 4187 
14352 1085 8125 1540 
14353 3584 7357 3583 
14354 3637 8358 4536 
14355 763 8143 762 
14356 6113 7359 6111 
14357 1637 7625 157 
14358 1588 8150 767 
14359 5680 7933 7841 
14360 107 7389 7 
14361 787 8274 786 
14362 4648 8166 4649 
14363 948 7373 947 
14364 5028 7400 5029 
14365 313 8287 312 
14366 2903 7918 2821 
14367 4562 8171 6855 
14368 704 8120 34 
14369 2849 7358 2847 
14370 7206 7265 159 
14371 5691 7769 5689 
14372 4803 7474 4802 
14373 156 7625 1974 
14374 967 8162 966 
14375 74 7391 311 
14376 1533 7627 486 
14377 7310 7501 3050 
14378 106 8293 105 
14379 215 7573 1290 
14380 5023 7398 4354 
14381 4355 7399 5024 
14382 2382 7355 3361 
14383 5297 8075 7410 
14384 7332 7756 5331 
14385 6108 7372 6109 
14386 983 8171 1448 
14387 4017 8068 4072 
14388 3169 8231 7087 
14389 4279 7844 4278 
14390 6932 8167 4480 
14391 3976 8401 6296 
14392 6510 8071 3873 
14393 178 7651 177 
14394 34 8120 4159 
14395 7072 7574 4326 
14396 2853 7413 2900 
14397 6440 7367 3203 
14398 2880 7369 2832 
14399 7065 7656 5673 
14400 988 8217 987 
14401 3170 8216 2844 
14402 6395 8221 963 
14403 962 8221 1569 
14404 7335 7451 6103 
14405 4092 7504 5173 
14406 4404 8214 4178 
14407 1805 8050 7644 
14408 6847 7309 2159 
14409 640 7996 1400 
14410 1770 7314 1949 
14411 3815 8236 3767 
14412 3633 8358 3634 
14413 3807 7370 4274 
14414 5270 8415 4670 
14415 4815 8304 282 
14416 6497 7674 4103 
14417 4076 7353 4209 
14418 146 8043 145 
14419 3424 8178 3423 
14420 282 8304 1272 
14421 3551 7381 3507 
14422 7031 8135 2707 
14423 6776 7858 6777 
14424 539 8232 538 
14425 1238 7368 1467 
14426 6777 8245 7530 
14427 5996 7497 1280 
14428 6667 7933 4294 
14429 4482 8347 5049 
14430 1976 7573 216 
14431 5255 7693 1281 
14432 6946 7746 6633 
14433 5105 7724 4132 
14434 4573 8398 6383 
14435 4125 7379 4077 
14436 5048 7790 7714 
14437 6694 7286 7005 
14438 5283 7776 1974 
14439 3383 7407 3379 
14440 5952 7380 5948 
14441 5173 7459 4101 
14442 4529 8196 4530 
14443 7006 7287 6693 
14444 1544 8113 7164 
14445 7199 7572 3594 
14446 4622 7427 6571 
14447 2990 8189 2992 
14448 7232 7350 2217 
14449 555 8415 1831 
14450 6139 8090 1529 
14451 5643 7719 7050 
14452 836 8253 835 
14453 5993 7390 5992 
14454 6164 7958 6961 
14455 4701 8310 7744 
14456 2545 8174 2644 
14457 6250 8055 3427 
14458 2322 8051 6509 
14459 3388 7765 3369 
14460 2217 7350 2218 
14461 3198 8097 6598 
14462 4127 7732 5104 
14463 2651 8174 2543 
14464 6563 8286 4410 
14465 7747 7841 3611 
14466 1014 7889 1509 
14467 955 7382 954 
14468 7431 7446 5102 
14469 2221 7446 6639 
14470 3526 7377 3524 
14471 136 8320 4229 
14472 4419 8085 6988 
14473 6499 7618 4518 
14474 5151 8169 3057 
14475 4359 7385 4201 
14476 7210 7554 1094 
14477 3478 7392 3476 
14478 4662 7691 4729 
14479 838 8218 1423 
14480 5695 7395 1409 
14481 4670 8415 556 
14482 3203 7386 3116 
14483 7057 7319 5418 
14484 3071 7951 2988 
14485 5895 7637 5896 
14486 3434 8304 3728 
14487 3897 7830 6657 
14488 2070 7742 7250 
14489 947 7373 7326 
14490 1308 7983 7175 
14491 7307 7401 6660 
14492 5224 7384 5219 
14493 5101 7446 7350 
14494 4097 7568 6417 
14495 1305 8320 136 
14496 5033 7470 4104 
14497 7005 7286 4311 
14498 6781 8125 1086 
14499 6311 7906 1500 
14500 5505 8200 7503 
14501 6846 7309 6847 
14502 4313 7287 7006 
14503 3410 8381 3412 
14504 4014 8419 3624 
14505 6690 7660 3238 
14506 4907 8355 1558 
14507 3176 7397 2307 
14508 4347 7993 6613 
14509 5350 7746 6946 
14510 6786 8042 4804 
14511 4408 8169 5151 
14512 5096 8106 3990 
14513 7203 8003 1309 
14514 6127 7443 4521 
14515 1795 7402 5752 
14516 4080 7364 2918 
14517 69 7642 1027 
14518 4402 8247 4571 
14519 1416 8139 7185 
14520 5567 7953 4252 
14521 5004 7787 3364 
14522 7394 8129 3305 
14523 6738 8173 1600 
14524 1348 7259 1519 
14525 4452 8365 4909 
14526 4792 7403 4068 
14527 6658 8090 6139 
14528 145 8043 3260 
14529 4213 7902 7051 
14530 2033 7752 6810 
14531 4832 8152 4831 
14532 7263 7526 2995 
14533 1724 7872 1720 
14534 1719 7873 1722 
14535 277 8329 276 
14536 1293 7256 4248 
14537 1695 8342 1979 
14538 7030 8257 1506 
14539 6611 8090 4317 
14540 4910 7938 4949 
14541 5225 8256 1797 
14542 4629 7509 3435 
14543 5750 7912 4392 
14544 5827 7408 3640 
14545 1967 7319 7057 
14546 5921 7412 4067 
14547 7824 8343 4976 
14548 6383 7575 6381 
14549 1328 7930 1002 
14550 192 7834 191 
14551 3430 7731 6579 
14552 6560 7427 4622 
14553 2145 8262 7286 
14554 4396 8260 4395 
14555 5349 7411 5345 
14556 1008 7404 1511 
14557 1345 8348 4866 
14558 7933 8040 4294 
14559 7229 8017 3826 
14560 4483 8139 3974 
14561 6848 8425 7378 
14562 1429 8204 6527 
14563 4569 7892 4254 
14564 2172 8226 2171 
14565 4902 8122 4260 
14566 7 7389 1696 
14567 665 7825 1813 
14568 7023 7306 1274 
14569 1955 7424 1811 
14570 916 7405 915 
14571 228 7605 39 
14572 1416 8247 8139 
14573 3175 7443 6127 
14574 6362 8359 7995 
14575 1293 4191 4190 
14576 4777 7934 4775 
14577 7287 8288 2146 
14578 4484 8225 5097 
14579 3266 8106 4233 
14580 4390 8074 4391 
14581 7431 7432 6940 
14582 5077 7419 4829 
14583 6829 7898 1832 
14584 7045 7887 3598 
14585 166 7836 1551 
14586 3911 8082 6711 
14587 7187 7654 3592 
14588 7429 7754 5440 
14589 1279 8042 6786 
14590 3073 7280 7182 
14591 2396 7710 1882 
14592 4229 7681 4298 
14593 4462 8330 4385 
14594 2563 8140 6669 
14595 154 7776 1517 
14596 4345 7623 7101 
14597 1322 7445 231 
14598 4010 8329 277 
14599 1697 7391 74 
14600 6761 7908 5690 
14601 5492 7417 3706 
14602 2834 7406 2836 
14603 7168 7675 1229 
14604 3101 7576 3100 
14605 4466 8173 6738 
14606 5511 8010 5512 
14607 6678 8039 4779 
14608 4988 7891 792 
14609 7238 7462 3067 
14610 4477 8276 6776 
14611 6102 7415 6103 
14612 1292 7256 1148 
14613 7156 7586 5637 
14614 259 8390 1287 
14615 179 8402 1636 
14616 1288 8393 272 
14617 1637 8373 5281 
14618 4503 8131 4381 
14619 5368 8392 5471 
14620 1285 8249 5104 
14621 5105 8250 1286 
14622 7266 7614 4270 
14623 6107 7416 6105 
14624 3002 7414 3004 
14625 6960 8312 5137 
14626 7799 8224 5588 
14627 1640 7428 184 
14628 1689 8235 7902 
14629 6164 7792 3616 
14630 1974 7776 155 
14631 6660 7401 3609 
14632 1553 7919 5478 
14633 926 7929 1482 
14634 6673 8263 1664 
14635 4098 7420 4100 
14636 1973 7836 167 
14637 5677 7654 7187 
14638 1586 7418 764 
14639 4371 7974 5247 
14640 6935 7429 2314 
14641 5326 7655 5067 
14642 7188 8230 1516 
14643 1479 8299 7484 
14644 6586 8207 4362 
14645 7077 7334 4162 
14646 7030 8142 5614 
14647 1702 8409 7061 
14648 219 7421 218 
14649 4250 7409 4191 
14650 4217 7555 5094 
14651 3263 7422 1269 
14652 1055 7423 1054 
14653 997 7425 996 
14654 4175 8306 7364 
14655 6049 8068 1318 
14656 7474 7617 2820 
14657 4733 8021 3162 
14658 5364 7604 5362 
14659 6077 8307 2441 
14660 5701 7973 5702 
14661 4575 7733 5341 
14662 6099 7471 6097 
14663 5067 7655 4645 
14664 5232 7574 7072 
14665 4566 8376 4469 
14666 7468 7779 1452 
14667 5785 8051 5787 
14668 1405 7915 5731 
14669 6583 8011 2051 
14670 5854 7961 5853 
14671 7283 8286 1586 
14672 3104 7576 3101 
14673 3961 8267 7139 
14674 6939 7712 6941 
14675 5688 8008 5691 
14676 337 8163 2 
14677 919 7435 918 
14678 5634 8296 5638 
14679 5156 8023 5154 
14680 6745 7365 4055 
14681 1693 8292 7365 
14682 1600 8103 6738 
14683 1 8182 1145 
14684 1148 7256 1293 
14685 98 8194 1237 
14686 2907 7487 5277 
14687 5731 7915 4245 
14688 4286 8086 5537 
14689 3366 7765 5004 
14690 5145 7433 5142 
14691 4750 8310 4749 
14692 7377 7455 3524 
14693 6675 7885 4279 
14694 5257 7476 6609 
14695 3639 7533 4654 
14696 6932 8172 807 
14697 7579 7616 1688 
14698 3338 8285 7223 
14699 5259 8338 4489 
14700 4492 8339 5260 
14701 4661 7435 4572 
14702 7053 7546 3997 
14703 231 7445 230 
14704 4629 8367 7509 
14705 5281 8373 4523 
14706 6013 7955 6008 
14707 79 7614 1100 
14708 4141 8366 5265 
14709 4760 7974 4370 
14710 521 7437 520 
14711 2314 7429 1999 
14712 7318 7587 1883 
14713 4521 7443 4299 
14714 658 7438 657 
14715 4841 7645 5376 
14716 6909 8230 4413 
14717 7402 7482 5752 
14718 5987 7440 5986 
14719 7158 7932 5866 
14720 4620 8172 6932 
14721 4679 8331 7915 
14722 7223 8265 3867 
14723 4113 7693 7490 
14724 4999 7462 4677 
14725 6638 7569 3963 
14726 7157 7740 1518 
14727 3685 7512 6811 
14728 5096 7917 1856 
14729 4727 7881 1377 
14730 4936 8137 3237 
14731 4073 7439 5279 
14732 4909 7791 4910 
14733 6612 7441 3049 
14734 5247 7974 1543 
14735 2462 7444 2465 
14736 2861 7442 2859 
14737 3976 7882 6136 
14738 7167 8069 4709 
14739 7239 8281 6143 
14740 4214 7449 4205 
14741 4074 8096 5236 
14742 869 7477 1469 
14743 6738 8103 4839 
14744 4855 7883 4239 
14745 1570 7475 6394 
14746 7053 8282 7546 
14747 3296 7787 6652 
14748 6459 7601 1490 
14749 6572 7579 7315 
14750 198 7863 197 
14751 7223 8285 6334 
14752 6097 7491 6096 
14753 5091 7373 7333 
14754 4426 8257 7030 
14755 3072 7430 3022 
14756 2 8163 336 
14757 6320 7447 4052 
14758 7326 7426 1330 
14759 4496 8110 4268 
14760 7401 7472 3609 
14761 4961 7598 1425 
14762 6101 7451 6099 
14763 4593 8157 4061 
14764 4075 7452 5573 
14765 5899 7577 6234 
14766 5465 8279 4843 
14767 6510 8114 5805 
14768 4736 8154 4738 
14769 7471 7491 6097 
14770 3010 7453 5961 
14771 2754 7454 2752 
14772 4935 8237 4934 
14773 5011 7784 5010 
14774 6423 8260 1496 
14775 5180 7778 5182 
14776 5178 8067 7001 
14777 7397 8170 3282 
14778 5540 8386 7512 
14779 6450 7456 6449 
14780 1022 7457 1021 
14781 8084 8323 5413 
14782 1977 7953 6891 
14783 7670 7777 3156 
14784 6221 7898 6220 
14785 3926 8227 5012 
14786 5914 7450 4590 
14787 7362 8065 7436 
14788 4438 8381 3410 
14789 6651 7855 3298 
14790 6609 7476 6785 
14791 7172 7334 1421 
14792 818 7458 817 
14793 6639 7431 6640 
14794 4153 7362 7085 
14795 3524 7455 3522 
14796 7101 7623 5251 
14797 4684 8278 4747 
14798 5312 7758 5313 
14799 4840 7645 4841 
14800 5455 7344 7231 
14801 5486 7670 5487 
14802 1593 7460 776 
14803 4300 7962 7195 
14804 7315 7579 1688 
14805 4113 7490 7439 
14806 7719 8268 7050 
14807 4724 7501 4721 
14808 3861 7656 7065 
14809 7300 7730 5359 
14810 1297 8212 4949 
14811 7744 8137 4701 
14812 7503 8332 4639 
14813 791 7891 1365 
14814 1508 8327 7514 
14815 7412 7594 1323 
14816 5752 7482 1323 
14817 3530 7463 3528 
14818 6131 7484 5864 
14819 818 7465 7458 
14820 2902 7416 7249 
14821 4130 7479 4510 
14822 4512 7480 4135 
14823 4808 8274 6786 
14824 5959 7468 5955 
14825 7326 7373 5091 
14826 4629 7912 5162 
14827 6187 8350 5121 
14828 819 7465 818 
14829 3729 7461 3732 
14830 6512 7305 7304 
14831 6728 7735 2903 
14832 2441 7467 2442 
14833 5102 7446 5101 
14834 5167 7502 6532 
14835 7213 7644 4182 
14836 1520 8296 7118 
14837 5236 8096 5151 
14838 5441 7519 1721 
14839 6096 7507 6092 
14840 7585 8112 4309 
14841 1849 7363 42 
14842 225 7982 224 
14843 3085 7469 3081 
14844 993 7473 992 
14845 4974 7466 4751 
14846 6387 7475 1570 
14847 3650 8279 5465 
14848 4294 8040 4483 
14849 7294 7448 1643 
14850 4949 7483 4453 
14851 7491 7507 6096 
14852 1520 8205 181 
14853 3431 7478 3425 
14854 4948 8326 4657 
14855 6786 8274 1279 
14856 5184 7572 7199 
14857 6489 8408 7700 
14858 2074 7529 5074 
14859 5039 8081 7224 
14860 6517 7471 2904 
14861 6831 8086 1981 
14862 221 7858 220 
14863 437 7662 14 
14864 11 7663 431 
14865 1488 8398 7435 
14866 484 7486 1598 
14867 6902 7550 6627 
14868 6173 7956 4468 
14869 6795 8194 98 
14870 182 8421 1520 
14871 1336 8338 5259 
14872 5260 8339 1335 
14873 170 8188 1408 
14874 6734 8138 6797 
14875 4372 7922 4760 
14876 7118 8205 1520 
14877 1975 8188 171 
14878 4643 7959 5070 
14879 5112 7481 5113 
14880 187 8400 186 
14881 7071 8229 2701 
14882 4530 7546 4531 
14883 1400 7817 6542 
14884 785 7749 1392 
14885 5606 8288 7287 
14886 7602 8045 6080 
14887 5331 7756 1782 
14888 6882 8156 6881 
14889 4520 8181 7909 
14890 7298 7311 6117 
14891 4627 7524 4249 
14892 1773 8039 7152 
14893 7073 8233 3876 
14894 7080 8210 4454 
14895 3793 7772 7015 
14896 4953 8331 7238 
14897 4252 7953 6910 
14898 199 8149 198 
14899 930 7489 929 
14900 1391 8109 974 
14901 3587 8196 7357 
14902 3355 8114 6510 
14903 7800 8084 1801 
14904 7080 8066 5593 
14905 3217 7615 6630 
14906 3609 7472 6662 
14907 4839 7667 4835 
14908 7330 8375 3615 
14909 5197 8226 2175 
14910 7083 8207 2675 
14911 6922 7886 7256 
14912 6517 7491 7471 
14913 4191 7409 4190 
14914 2423 7488 2420 
14915 3589 7495 6289 
14916 328 8182 1 
14917 6205 7496 6203 
14918 945 7494 944 
14919 8122 8246 3846 
14920 2092 7524 7137 
14921 5194 8387 5189 
14922 5094 7555 3348 
14923 3314 7491 6517 
14924 2885 7311 7298 
14925 218 7421 7258 
14926 4233 7781 6983 
14927 186 8183 185 
14928 7012 7499 6857 
14929 1498 7498 516 
14930 3579 8069 7167 
14931 16 7920 1957 
14932 5413 8323 1502 
14933 2527 7748 6465 
14934 7534 8113 1544 
14935 1643 7448 1677 
14936 7868 8316 2999 
14937 4261 8036 4262 
14938 7165 7371 201 
14939 4100 7551 4383 
14940 4700 8137 4936 
14941 7586 8138 5637 
14942 1326 7988 7564 
14943 5335 7721 7306 
14944 5151 8096 4064 
14945 5064 8180 1327 
14946 6722 7485 4822 
14947 5498 7545 4174 
14948 7286 8262 5599 
14949 1963 7574 5232 
14950 414 7500 413 
14951 3314 7507 7491 
14952 1280 7497 7116 
14953 4117 7506 3440 
14954 4251 8164 4252 
14955 4757 7943 4488 
14956 6860 8258 5442 
14957 973 8109 6665 
14958 6428 8142 7030 
14959 7330 8317 5707 
14960 240 8405 41 
14961 6406 7713 4642 
14962 7123 8218 839 
14963 1958 7991 9 
14964 6789 8363 4778 
14965 4437 8328 5196 
14966 4659 7895 6705 
14967 5498 8151 8016 
14968 6244 7957 4362 
14969 4460 7510 3189 
14970 6092 7520 6093 
14971 4105 7548 5372 
14972 1750 8111 7914 
14973 7185 8139 4483 
14974 2445 7511 2446 
14975 2460 7505 2459 
14976 6290 8241 7149 
14977 1599 7641 4817 
14978 224 8105 223 
14979 6736 7756 7332 
14980 3016 7552 3018 
14981 5189 8387 4959 
14982 7175 7983 4418 
14983 1549 8056 7537 
14984 1750 7614 79 
14985 1293 4190 88 
14986 6521 7507 3314 
14987 2073 7499 7012 
14988 6283 7514 6125 
14989 6926 8256 5225 
14990 7441 8095 4377 
14991 378 7518 1303 
14992 4846 8193 4942 
14993 5615 8050 1805 
14994 5558 8058 1585 
14995 71 7434 1852 
14996 1792 7967 7104 
14997 6743 7648 4608 
14998 4610 7649 6748 
14999 7507 7520 6092 
15000 7399 7677 3273 
15001 3274 7676 7398 
15002 1492 8418 7450 
15003 5889 7538 4144 
15004 5570 7523 5571 
15005 4753 7513 6503 
15006 4286 8093 4285 
15007 7239 8305 5144 
15008 884 7508 883 
15009 4559 7464 3987 
15010 6346 7544 6349 
15011 4321 7515 5544 
15012 4210 7922 7042 
15013 6652 8269 1332 
15014 1549 7537 5414 
15015 5471 8392 7234 
15016 1540 7850 6398 
15017 4555 7678 3262 
15018 6093 7535 6095 
15019 4241 8136 4117 
15020 6590 8316 5640 
15021 5571 7523 7455 
15022 486 7627 485 
15023 5706 7825 666 
15024 1529 7521 582 
15025 153 7516 152 
15026 3959 7493 6771 
15027 7052 8235 264 
15028 7306 7721 1274 
15029 4384 8191 4462 
15030 1337 8093 5536 
15031 5920 7793 5921 
15032 3302 7522 6310 
15033 7200 7419 1357 
15034 4842 8121 3072 
15035 5169 7502 5167 
15036 6521 7520 7507 
15037 1808 7527 1809 
15038 9 7991 423 
15039 7021 8228 1317 
15040 4428 8003 7203 
15041 3352 7553 5338 
15042 7188 8319 4628 
15043 445 7920 16 
15044 3318 7520 6521 
15045 2995 7526 2993 
15046 6814 8019 7090 
15047 5258 7824 2183 
15048 5251 7623 1968 
15049 4525 8094 7285 
15050 1409 7536 380 
15051 2155 8386 7092 
15052 222 8245 221 
15053 4403 8155 7268 
15054 4427 7652 7486 
15055 3608 7580 5549 
15056 830 7534 48 
15057 5274 7725 7299 
15058 5008 7727 5007 
15059 7428 8421 183 
15060 7325 8214 4404 
15061 4714 7638 4566 
15062 7269 8328 4437 
15063 6686 7809 7324 
15064 7145 7740 7144 
15065 3318 7535 7520 
15066 3959 7592 7493 
15067 4574 8261 4575 
15068 7084 7550 6902 
15069 2183 7824 6861 
15070 468 8319 7188 
15071 4414 8230 7188 
15072 1521 7549 193 
15073 1750 7914 7420 
15074 7297 8335 2733 
15075 5460 8013 7341 
15076 4146 7532 6551 
15077 7665 8338 1336 
15078 7520 7535 6093 
15079 7909 8133 4520 
15080 7316 7525 5078 
15081 6508 7535 3318 
15082 3050 7501 6742 
15083 3588 7540 3604 
15084 4939 7531 4998 
15085 7305 7807 3708 
15086 5559 8058 5558 
15087 1334 8271 6651 
15088 1018 7543 1017 
15089 4583 8363 7304 
15090 1342 7827 7354 
15091 5973 7596 1552 
15092 2769 7544 3360 
15093 6592 7530 6726 
15094 5573 8422 6003 
15095 1317 8228 5555 
15096 7526 7734 3021 
15097 4593 8311 8157 
15098 4787 7812 4785 
15099 3146 7796 237 
15100 6861 7824 4977 
15101 5059 8152 2413 
15102 4903 7895 4227 
15103 4810 7539 4393 
15104 7472 7565 6662 
15105 4362 7957 4361 
15106 4146 7562 7532 
15107 5044 7561 3251 
15108 1094 7554 1093 
15109 5566 8164 1339 
15110 5547 7868 7352 
15111 3997 7546 6472 
15112 6332 8265 7223 
15113 7118 8296 5632 
15114 1386 7547 4906 
15115 5265 8366 5266 
15116 6785 7476 4625 
15117 7020 8021 7021 
15118 6304 7556 6309 
15119 2457 7557 2458 
15120 4760 7922 7095 
15121 4956 7689 4957 
15122 7436 8145 4378 
15123 4276 8013 6638 
15124 6175 7830 6598 
15125 359 7558 358 
15126 4154 7578 5907 
15127 4864 8175 1408 
15128 4356 8378 6320 
15129 550 7560 549 
15130 2193 7542 2194 
15131 1478 7690 6480 
15132 4291 7564 4289 
15133 4259 7917 5096 
15134 5199 8226 5197 
15135 7539 8391 620 
15136 1496 8260 7154 
15137 6189 7529 7011 
15138 2760 7563 2763 
15139 4962 7598 4961 
15140 6149 8141 7214 
15141 7694 7778 3598 
15142 5074 7569 4357 
15143 5000 8200 3208 
15144 3998 8046 1295 
15145 4427 7562 4146 
15146 5786 7960 6509 
15147 4909 8365 7383 
15148 3629 7567 3630 
15149 1590 7570 770 
15150 7339 7896 4173 
15151 1834 7571 6384 
15152 6392 7896 7339 
15153 2683 8399 7240 
15154 6315 8047 524 
15155 216 7573 215 
15156 7179 7487 2907 
15157 7331 8063 4282 
15158 4890 7408 7257 
15159 1804 8066 6515 
15160 6059 7576 6061 
15161 7681 8320 4908 
15162 3499 7572 3501 
15163 7252 7599 1532 
15164 6397 7725 7146 
15165 7137 7524 4627 
15166 5582 8258 1710 
15167 4535 7599 7252 
15168 920 7575 1488 
15169 6525 7643 3283 
15170 2732 7577 2735 
15171 7299 7725 4931 
15172 1433 7259 1348 
15173 4486 7793 5920 
15174 2617 7568 6519 
15175 3265 7610 233 
15176 6239 7593 6247 
15177 4071 7932 7158 
15178 7254 8384 6224 
15179 5440 7754 5439 
15180 5892 7588 5890 
15181 5162 8367 4629 
15182 232 7610 1322 
15183 7411 8002 2640 
15184 786 7749 785 
15185 6662 7565 3594 
15186 7044 8350 3938 
15187 4753 7720 7513 
15188 234 7616 3265 
15189 6389 7762 6387 
15190 4802 7474 7340 
15191 2923 7600 5453 
15192 191 7834 1851 
15193 7475 7762 6438 
15194 4025 7583 4643 
15195 4081 7607 4734 
15196 3305 8129 5307 
15197 6484 7597 4237 
15198 5598 7665 5601 
15199 1831 8361 8315 
15200 6938 8086 4286 
15201 1034 7589 1623 
15202 3906 7781 6515 
15203 7403 7951 3071 
15204 5888 7996 641 
15205 7415 7442 6103 
15206 5133 7726 4724 
15207 6494 7550 7084 
15208 1067 7594 1066 
15209 4275 7579 6572 
15210 3200 7584 3272 
15211 4416 7581 4417 
15212 4867 7884 211 
15213 7256 7886 4248 
15214 5479 7609 3651 
15215 5104 8249 6901 
15216 6900 8250 5105 
15217 233 7610 232 
15218 6936 8364 3072 
15219 2900 7413 7372 
15220 1476 7582 4611 
15221 5663 8266 5662 
15222 3009 7621 6451 
15223 1339 8164 6735 
15224 7217 7443 3175 
15225 1636 7651 178 
15226 6074 7601 6072 
15227 5142 8281 7239 
15228 2925 7490 7037 
15229 620 7903 7539 
15230 96 7750 1197 
15231 1782 8165 5115 
15232 533 7602 532 
15233 4541 8228 4542 
15234 6313 8047 6315 
15235 7497 8419 4014 
15236 235 7616 234 
15237 236 7796 1688 
15238 2404 7608 2405 
15239 45 7590 1388 
15240 7546 8282 4531 
15241 1720 7872 7479 
15242 7480 7873 1719 
15243 7293 8397 609 
15244 4141 7606 4140 
15245 2904 7451 7335 
15246 1486 7603 937 
15247 4455 7658 4456 
15248 4607 7699 7114 
15249 1500 7906 6421 
15250 1688 7616 235 
15251 5091 7426 7326 
15252 4884 8356 4873 
15253 4581 7621 4579 
15254 6168 8369 7303 
15255 4018 7611 4020 
15256 5708 8375 7330 
15257 1450 8036 5187 
15258 4272 7852 7519 
15259 4326 7574 4398 
15260 4534 7599 4535 
15261 5363 7604 5367 
15262 4451 8275 4449 
15263 5638 8421 7428 
15264 5650 8396 7999 
15265 1659 7613 1660 
15266 5000 8118 6956 
15267 7361 7406 4965 
15268 4805 7617 4803 
15269 4888 8307 4890 
15270 884 7875 7508 
15271 4773 7952 6998 
15272 4479 8128 7308 
15273 2326 7960 6504 
15274 6788 7596 4171 
15275 6792 8227 3926 
15276 7050 8268 1437 
15277 4193 7592 3959 
15278 6536 7586 6537 
15279 7064 8049 4430 
15280 6172 7956 6173 
15281 6577 7882 3976 
15282 5382 7996 5888 
15283 5044 7925 4109 
15284 7128 7701 4609 
15285 4726 8295 4723 
15286 5354 8353 5348 
15287 2906 7618 2825 
15288 6854 8248 7449 
15289 4365 7619 4364 
15290 252 7925 1422 
15291 6504 7960 5791 
15292 7538 7672 1684 
15293 6707 7844 1372 
15294 1626 7900 7094 
15295 1752 7642 69 
15296 4861 7487 7179 
15297 3728 8240 7461 
15298 1622 7622 1036 
15299 4587 7615 4315 
15300 7557 8356 2461 
15301 7092 8076 2151 
15302 3739 7620 3742 
15303 5102 7432 7431 
15304 2461 8356 7444 
15305 7321 7804 5239 
15306 6373 8029 7559 
15307 4227 7895 4659 
15308 1100 7614 7266 
15309 3404 8368 7897 
15310 157 7625 156 
15311 2921 7626 6516 
15312 373 7630 1324 
15313 5196 8328 2939 
15314 1962 8321 7028 
15315 3791 8309 3793 
15316 1001 7930 7376 
15317 1312 7638 1062 
15318 6925 8404 4774 
15319 4409 8180 5064 
15320 4431 8354 7504 
15321 7356 7963 5093 
15322 7240 8176 2679 
15323 1447 8357 7849 
15324 7353 7770 1458 
15325 4507 8170 4508 
15326 4166 7631 6577 
15327 5866 7932 2614 
15328 5049 7585 5048 
15329 438 7648 1380 
15330 1379 7649 430 
15331 4371 7861 7178 
15332 5136 8312 3357 
15333 8160 8266 5209 
15334 6284 7889 1015 
15335 6455 8214 1446 
15336 4076 7989 7353 
15337 7881 8284 4124 
15338 6454 7639 5559 
15339 3197 7612 6807 
15340 3084 7595 6824 
15341 4156 7646 4158 
15342 3707 8403 3407 
15343 1827 7658 5749 
15344 7675 8266 5663 
15345 7215 8303 7432 
15346 4061 8283 4060 
15347 4238 8066 7080 
15348 2666 7637 2667 
15349 6075 7645 1366 
15350 2455 7640 2452 
15351 7372 7413 6109 
15352 6863 7720 4753 
15353 4298 8116 4521 
15354 4697 7964 4696 
15355 7621 7722 4579 
15356 5307 8129 4654 
15357 4359 7999 7385 
15358 2245 7650 2243 
15359 4659 8420 4465 
15360 5243 8285 3338 
15361 5391 7956 1601 
15362 6671 7624 3374 
15363 4456 8102 6409 
15364 230 7445 7278 
15365 1368 7708 6212 
15366 1032 7647 1031 
15367 1883 7587 1784 
15368 6489 7700 6491 
15369 5588 8224 5589 
15370 3009 7722 7621 
15371 5157 7957 1607 
15372 6293 8208 7254 
15373 7403 8325 4068 
15374 5489 7670 5486 
15375 2336 8392 7312 
15376 4630 7652 4086 
15377 7530 8245 1654 
15378 5658 7945 5665 
15379 1813 8317 7047 
15380 4207 7678 4206 
15381 3439 8096 4074 
15382 1445 8242 6397 
15383 5841 7686 5844 
15384 2286 8190 2291 
15385 7304 8363 3055 
15386 4358 7680 5083 
15387 7153 7939 4755 
15388 3704 7671 6473 
15389 6465 7984 6603 
15390 5662 8160 3191 
15391 2538 7657 2541 
15392 5796 7668 1559 
15393 4767 7802 6525 
15394 5054 7894 5608 
15395 4182 7644 6715 
15396 6940 8303 7712 
15397 3520 7654 3518 
15398 3403 7635 51 
15399 4805 7735 7617 
15400 3427 7661 3417 
15401 1477 8424 7289 
15402 4420 7623 4345 
15403 2922 7667 613 
15404 5602 7697 5604 
15405 5341 8052 5340 
15406 2711 8201 7031 
15407 3408 7656 3861 
15408 5388 7708 5389 
15409 3367 7653 3370 
15410 6325 7674 6326 
15411 2171 8031 6567 
15412 4849 8128 4479 
15413 1229 7675 1230 
15414 1601 7956 6172 
15415 7202 7833 4307 
15416 4711 8089 4712 
15417 96 8301 7750 
15418 1273 8359 6362 
15419 1686 8405 7464 
15420 4645 7655 4647 
15421 1406 8287 5340 
15422 3936 7669 4240 
15423 4340 7634 4666 
15424 5631 8244 5630 
15425 4310 7628 4119 
15426 4121 7629 4312 
15427 4449 8238 4448 
15428 6739 7919 1553 
15429 5526 7692 5660 
15430 4724 7726 7501 
15431 4959 7689 4956 
15432 303 7975 302 
15433 5066 7679 5063 
15434 8016 8151 4215 
15435 1555 7955 5152 
15436 1739 8117 6781 
15437 1065 7664 1697 
15438 7152 8039 4471 
15439 1484 7682 710 
15440 4383 8222 7110 
15441 4435 8161 3977 
15442 6612 8095 7441 
15443 2245 7736 7650 
15444 6085 7936 6458 
15445 3529 7683 3591 
15446 4803 7617 7474 
15447 1496 8198 6422 
15448 7794 7918 2903 
15449 302 7975 4309 
15450 7522 7906 6310 
15451 8043 8259 4555 
15452 4262 8203 5545 
15453 7362 7436 4379 
15454 5193 7843 5190 
15455 3376 8305 7239 
15456 5361 7695 5358 
15457 2332 8177 7926 
15458 3095 7688 3094 
15459 1165 8060 1763 
15460 6909 7883 5797 
15461 5017 8280 5016 
15462 1320 7632 4652 
15463 4653 7633 1321 
15464 6335 7696 1622 
15465 1715 8016 7075 
15466 5489 7779 7777 
15467 1425 8234 7123 
15468 2052 7742 2070 
15469 7011 7529 2074 
15470 5123 8342 7378 
15471 5721 7722 3009 
15472 4318 7751 5463 
15473 837 7695 836 
15474 7224 8081 2537 
15475 7581 7759 4417 
15476 993 8064 7473 
15477 6781 8117 4405 
15478 4100 7914 7551 
15479 7503 8200 4176 
15480 5630 8244 6514 
15481 7562 7627 1533 
15482 5731 8293 1405 
15483 3901 7704 4346 
15484 6132 7929 927 
15485 6782 7779 5489 
15486 2444 7698 2443 
15487 1685 7673 7578 
15488 5642 7719 5643 
15489 3085 8054 7469 
15490 4779 7745 4560 
15491 1335 8339 7697 
15492 7444 8380 2465 
15493 5615 8355 8050 
15494 1286 8250 7716 
15495 7715 8249 1285 
15496 4688 8246 8122 
15497 3286 7685 2030 
15498 4970 8032 4969 
15499 5162 7912 3277 
15500 989 7702 1442 
15501 5320 8203 4262 
15502 4597 8416 3299 
15503 1372 7844 5910 
15504 7340 7474 6717 
15505 3272 7687 6656 
15506 3503 7694 3598 
15507 4513 8004 4512 
15508 4510 8005 4511 
15509 5198 7800 5200 
15510 6949 7709 4623 
15511 2079 7659 6912 
15512 3094 7707 3091 
15513 1614 7753 5990 
15514 2660 7705 2521 
15515 5318 7774 2355 
15516 7435 8398 4572 
15517 1676 7677 1719 
15518 1720 7676 1675 
15519 4754 7982 7721 
15520 6430 7757 1510 
15521 7464 8405 6884 
15522 3283 7643 7151 
15523 966 7709 965 
15524 4508 8170 7397 
15525 312 8287 1406 
15526 4188 7832 5906 
15527 5605 7842 1389 
15528 4084 7706 4790 
15529 1319 8298 8045 
15530 7095 7591 1800 
15531 4838 8365 6697 
15532 7423 7931 1829 
15533 987 7713 986 
15534 1474 7760 5562 
15535 6317 7911 6361 
15536 2456 7711 2455 
15537 5190 7843 5191 
15538 7439 7490 2925 
15539 5850 7690 6808 
15540 6162 7792 6164 
15541 4512 8004 7873 
15542 7872 8005 4510 
15543 4417 7759 6755 
15544 1405 8293 106 
15545 2019 7739 2017 
15546 906 7715 905 
15547 853 7716 852 
15548 7364 8417 4534 
15549 3238 7660 6978 
15550 7988 8232 5909 
15551 1231 7717 1232 
15552 5080 7802 1781 
15553 7654 7747 3518 
15554 4305 7701 7128 
15555 4223 8073 5580 
15556 4392 7912 4629 
15557 580 7723 1314 
15558 3149 8009 305 
15559 7357 8196 4635 
15560 1551 8199 7277 
15561 4177 7721 5335 
15562 4579 7722 4578 
15563 7242 8210 1515 
15564 5228 7743 5227 
15565 6579 8282 3419 
15566 6476 8317 7330 
15567 4533 7693 4113 
15568 4778 8363 4583 
15569 6742 7726 3065 
15570 6509 7960 2326 
15571 4168 7718 4793 
15572 7214 8141 3341 
15573 6567 8031 7186 
15574 7564 7988 4289 
15575 3237 7744 5298 
15576 3247 8116 3985 
15577 4249 7524 4250 
15578 6011 7935 6711 
15579 7324 7809 3146 
15580 389 7727 1606 
15581 3155 7691 1970 
15582 7378 8425 4416 
15583 7450 8418 4590 
15584 4338 7738 4339 
15585 4807 7735 4805 
15586 4278 7844 6707 
15587 4212 7734 4369 
15588 7114 7699 4304 
15589 6841 7833 1966 
15590 5592 7813 3690 
15591 2247 7736 2245 
15592 1882 7710 1884 
15593 242 8020 2940 
15594 5178 7780 5177 
15595 7717 7741 1232 
15596 4531 7731 4528 
15597 1396 8241 7205 
15598 4986 7794 4984 
15599 7734 8095 3021 
15600 792 7891 791 
15601 7671 8192 3547 
15602 7501 7726 6742 
15603 4654 8129 4640 
15604 666 7825 665 
15605 1232 7741 1233 
15606 7756 8165 1782 
15607 5360 7730 5364 
15608 246 8057 4282 
15609 1338 7737 540 
15610 7149 8208 6293 
15611 4906 8088 5594 
15612 5580 8073 1414 
15613 3078 7728 3079 
15614 5315 7758 5312 
15615 4080 8417 7364 
15616 5377 7817 5380 
15617 7301 8201 2711 
15618 7502 8203 1875 
15619 6409 8102 3213 
15620 305 8009 304 
15621 6940 7712 6939 
15622 4497 7748 4496 
15623 4163 7970 5044 
15624 4224 8073 4223 
15625 4358 8014 7680 
15626 7722 7869 4578 
15627 4266 7761 4267 
15628 7031 8201 6158 
15629 5324 7729 5323 
15630 5543 8076 7092 
15631 6066 7941 6054 
15632 6232 7757 6230 
15633 7902 8235 7052 
15634 5327 7525 7316 
15635 4412 7755 6453 
15636 2356 7788 5316 
15637 4797 7749 4808 
15638 4275 7976 7579 
15639 3518 7747 3516 
15640 5788 7935 6011 
15641 6998 7952 4765 
15642 4282 8063 245 
15643 5725 7807 7305 
15644 130 7763 129 
15645 3267 7503 7356 
15646 7704 8041 4346 
15647 6920 8093 1337 
15648 3382 7784 3384 
15649 1386 8048 7547 
15650 7492 8401 6136 
15651 4448 8238 7241 
15652 262 7856 261 
15653 3798 8017 5266 
15654 6438 7762 3815 
15655 4117 8136 7370 
15656 5398 7760 5155 
15657 7734 8148 8095 
15658 1797 8256 7500 
15659 4449 8275 7218 
15660 6633 7746 2640 
15661 4508 8213 4509 
15662 717 7764 1478 
15663 533 8045 7602 
15664 7398 7676 4354 
15665 4355 7677 7399 
15666 5721 7869 7722 
15667 6831 8076 5534 
15668 4380 7756 6736 
15669 2770 7767 2772 
15670 6054 7941 6553 
15671 4361 7957 5157 
15672 4988 7770 4987 
15673 6570 7771 6569 
15674 2416 7768 2415 
15675 1963 8022 7574 
15676 6495 7766 5820 
15677 1447 7849 7425 
15678 243 8020 242 
15679 7745 8087 4560 
15680 7714 7790 2091 
15681 4309 8112 301 
15682 112 7782 111 
15683 7609 8279 3650 
15684 2057 7789 2055 
15685 6536 8138 7586 
15686 276 8329 1434 
15687 1239 7775 1240 
15688 5472 8022 1963 
15689 4444 7797 5125 
15690 155 7776 154 
15691 5960 7777 5959 
15692 7869 8038 4582 
15693 1558 8355 5615 
15694 6245 8399 7593 
15695 2739 7773 2740 
15696 4969 8032 6990 
15697 5756 7636 7164 
15698 7151 7643 7019 
15699 4580 8055 4581 
15700 1430 8388 7059 
15701 1886 8018 289 
15702 1692 8368 6709 
15703 7775 7785 1240 
15704 4987 7972 4986 
15705 1261 7783 1262 
15706 4132 7724 6889 
15707 4640 8129 7394 
15708 774 7786 1591 
15709 1240 7785 1241 
15710 1968 8091 5616 
15711 4376 7900 4375 
15712 616 7791 1410 
15713 7184 7964 4697 
15714 6598 7830 3897 
15715 2679 8176 7083 
15716 547 7827 546 
15717 322 7997 4397 
15718 1978 8063 7331 
15719 5764 7795 5656 
15720 4685 7826 4619 
15721 1261 7805 7783 
15722 7195 8354 4431 
15723 7026 8036 1450 
15724 7571 8220 6384 
15725 6518 7799 3316 
15726 237 7796 236 
15727 7644 8050 6715 
15728 1390 7870 5597 
15729 7624 8227 6792 
15730 29 7806 1368 
15731 6008 7955 1555 
15732 784 7798 783 
15733 7595 8278 5341 
15734 3616 7792 2717 
15735 1234 7801 1235 
15736 1359 7822 440 
15737 428 7823 1358 
15738 7443 8089 4299 
15739 6888 7732 4127 
15740 4509 8213 4962 
15741 2999 8316 6590 
15742 1260 7805 1261 
15743 7217 8089 7443 
15744 7777 7779 5959 
15745 7563 8333 2763 
15746 2065 7839 2063 
15747 5707 7825 5706 
15748 7109 7978 4447 
15749 5100 8123 5102 
15750 6034 7811 5924 
15751 4963 8056 1549 
15752 4126 8124 7581 
15753 7075 8016 4215 
15754 3846 8246 3847 
15755 6810 7752 4524 
15756 7574 8022 4398 
15757 1243 7810 1244 
15758 2736 7808 2739 
15759 3655 7826 5683 
15760 4260 8122 3846 
15761 2450 7821 2453 
15762 6525 7802 7643 
15763 2453 7818 2454 
15764 5771 7819 5767 
15765 5883 7820 5879 
15766 1242 7815 1243 
15767 1243 7815 7810 
15768 4977 7824 4976 
15769 4773 8406 7952 
15770 4986 7972 7918 
15771 5675 7841 5677 
15772 2840 7814 2842 
15773 5689 7769 6845 
15774 5875 7828 5871 
15775 6177 7830 6175 
15776 1532 7599 7262 
15777 5863 7831 5859 
15778 4228 7850 5912 
15779 6361 7911 1501 
15780 5778 7835 5774 
15781 7483 8275 4451 
15782 4578 7869 4582 
15783 1258 7829 1259 
15784 1015 7889 1014 
15785 7558 8384 1397 
15786 290 8133 1886 
15787 167 7836 166 
15788 3369 7765 3366 
15789 7104 7967 3347 
15790 3208 8200 5505 
15791 5921 7594 7412 
15792 6240 8176 7240 
15793 5317 7966 2928 
15794 2934 8087 7745 
15795 1255 7838 1256 
15796 7668 8294 5795 
15797 2176 7853 2175 
15798 1296 7837 3665 
15799 7123 8234 4458 
15800 4397 8111 321 
15801 7154 8198 1496 
15802 4785 7812 4777 
15803 1385 8155 7110 
15804 1252 7845 1253 
15805 4668 8354 7195 
15806 197 7863 1639 
15807 1246 7846 1247 
15808 6714 7816 4224 
15809 7278 7703 1898 
15810 5668 8389 7684 
15811 1249 7851 1250 
15812 4303 7849 4302 
15813 1258 7857 7829 
15814 7623 8091 1968 
15815 1145 8182 4231 
15816 1470 7923 5473 
15817 6458 7936 1485 
15818 5512 8010 6193 
15819 1283 7840 3670 
15820 1255 7864 7838 
15821 5228 8034 7743 
15822 220 7858 1275 
15823 1237 8194 7368 
15824 4239 7883 6909 
15825 4272 7754 6935 
15826 4339 7893 5582 
15827 4284 8168 4283 
15828 2927 7965 5319 
15829 5639 7868 5547 
15830 4318 8007 7751 
15831 1257 7857 1258 
15832 3999 7848 1289 
15833 927 7929 926 
15834 1252 7876 7845 
15835 7186 8031 5200 
15836 4064 8096 3439 
15837 1246 7877 7846 
15838 6326 8251 6327 
15839 4919 7854 1711 
15840 706 7859 705 
15841 4847 8206 4503 
15842 1057 7862 1056 
15843 6983 7781 3906 
15844 5369 8204 1429 
15845 712 7921 5851 
15846 7056 8181 4520 
15847 1254 7864 1255 
15848 7705 8110 4496 
15849 3556 7874 3558 
15850 7478 8378 4356 
15851 885 7875 884 
15852 1746 7885 6945 
15853 4790 7847 6625 
15854 1249 7888 7851 
15855 6145 8141 6149 
15856 3505 7887 3538 
15857 5797 7883 1818 
15858 1688 7796 7315 
15859 3949 7855 6903 
15860 7064 8142 6429 
15861 5831 7879 5832 
15862 4393 7852 4096 
15863 5807 7973 5701 
15864 267 8254 266 
15865 2846 7878 2848 
15866 5677 7841 7747 
15867 5614 8142 7064 
15868 3298 7855 3949 
15869 7396 7580 3608 
15870 7434 8009 6746 
15871 1251 7876 1252 
15872 1245 7877 1246 
15873 6136 7882 6135 
15874 7542 8244 5631 
15875 6709 8368 4540 
15876 1721 7903 621 
15877 186 8400 7899 
15878 7481 8374 5113 
15879 3052 7869 5721 
15880 3057 8169 7552 
15881 1434 8329 6956 
15882 4069 8369 7488 
15883 3625 8419 5996 
15884 323 7997 322 
15885 247 8057 246 
15886 1412 8168 7290 
15887 7254 8208 6399 
15888 4916 7580 7396 
15889 1874 8019 6814 
15890 5478 7919 4904 
15891 6228 7889 6284 
15892 7875 8191 4386 
15893 1248 7888 1249 
15894 6387 7762 7475 
15895 3364 7787 3296 
15896 289 8018 288 
15897 5851 7921 5846 
15898 5720 7902 4213 
15899 1295 8046 4692 
15900 4333 8119 4337 
15901 2013 7910 2011 
15902 1483 8130 7271 
15903 6154 8135 6156 
15904 3347 7967 284 
15905 1569 7896 6392 
15906 7407 8344 3381 
15907 6711 7935 2671 
15908 1645 8147 4944 
15909 6884 8314 2940 
15910 6805 7880 4328 
15911 6945 7885 6675 
15912 2151 8076 6831 
15913 1895 7872 1724 
15914 1722 7873 1896 
15915 5791 7960 5786 
15916 3052 8038 7869 
15917 1689 7856 262 
15918 7218 8238 4449 
15919 4173 7896 4669 
15920 6064 7969 1619 
15921 5150 8119 4333 
15922 4324 7860 4322 
15923 261 7856 3403 
15924 3847 8246 4320 
15925 245 8063 244 
15926 3108 7901 3105 
15927 1497 7980 6916 
15928 4420 8091 7623 
15929 1378 7867 4728 
15930 7647 8292 1693 
15931 1420 8197 7302 
15932 4327 7866 4382 
15933 7353 7989 7770 
15934 4985 7891 4988 
15935 7545 8016 1715 
15936 7124 7684 4423 
15937 5160 8110 2660 
15938 1607 7957 6244 
15939 615 7905 614 
15940 5137 8312 5136 
15941 7606 7994 4834 
15942 6310 7906 6311 
15943 5269 8302 5268 
15944 301 8112 300 
15945 6903 7855 4293 
15946 1856 7917 6684 
15947 6198 7923 1470 
15948 6314 7911 6317 
15949 4301 7962 4300 
15950 1957 7763 130 
15951 4434 8248 6854 
15952 284 7967 61 
15953 6490 7904 6492 
15954 4341 7871 4343 
15955 4560 7927 4486 
15956 1097 7913 1096 
15957 6895 7714 2091 
15958 5022 8268 7719 
15959 7146 7725 5274 
15960 4638 7963 4639 
15961 4254 7892 4256 
15962 5684 8070 4715 
15963 2332 7926 2329 
15964 7494 8418 1492 
15965 1297 7938 618 
15966 935 7916 1483 
15967 321 8111 320 
15968 326 8153 2939 
15969 7710 8100 1884 
15970 7333 8367 5162 
15971 4063 7890 3669 
15972 103 7998 1387 
15973 7107 7714 6895 
15974 713 7921 712 
15975 4679 7915 4675 
15976 291 8133 290 
15977 4994 7931 4992 
15978 6086 7929 6132 
15979 7595 8038 6824 
15980 5268 8302 5267 
15981 1887 8013 5460 
15982 6628 7973 5807 
15983 5118 7937 5042 
15984 5473 7923 5474 
15985 5594 8088 7131 
15986 5267 8302 5270 
15987 111 7782 1958 
15988 4297 7928 4253 
15989 1612 7949 6148 
15990 6088 7936 6085 
15991 7486 7652 1598 
15992 1002 7930 1001 
15993 7319 7907 6807 
15994 6385 8208 7149 
15995 126 7942 3397 
15996 1274 7982 225 
15997 7013 8080 4296 
15998 270 7897 269 
15999 6727 8017 3798 
16000 4976 8343 7466 
16001 7001 8297 5178 
16002 7547 8048 7832 
16003 7515 8046 3998 
16004 7144 7740 4247 
16005 6540 7899 6539 
16006 2821 7918 2882 
16007 4296 7924 4295 
16008 3082 7934 3083 
16009 1600 8173 7293 
16010 5206 7940 5205 
16011 1746 8057 247 
16012 6003 8422 6004 
16013 127 7942 126 
16014 5457 7898 6829 
16015 6334 8285 7696 
16016 7467 8307 4888 
16017 5794 8158 5792 
16018 3398 7981 115 
16019 4248 7886 4626 
16020 1013 7950 1012 
16021 5649 7999 4359 
16022 4791 7932 4071 
16023 1432 7944 138 
16024 2988 7951 2990 
16025 7841 7933 3611 
16026 3150 8387 5194 
16027 6993 7885 1746 
16028 7918 7972 2882 
16029 7015 7772 5031 
16030 779 7954 778 
16031 6807 7907 7141 
16032 4506 7947 4519 
16033 2091 7975 303 
16034 578 7959 577 
16035 2153 8028 5729 
16036 5383 7971 5385 
16037 1609 8098 7171 
16038 4468 7956 5391 
16039 7083 8176 6241 
16040 940 7961 939 
16041 7204 8283 4061 
16042 1697 7927 7391 
16043 5680 8040 7933 
16044 6914 8348 1345 
16045 7302 8197 4714 
16046 6182 8414 7753 
16047 7205 8241 6291 
16048 6751 8313 4919 
16049 1510 7968 1010 
16050 6705 7895 1847 
16051 4806 8042 6365 
16052 7839 8423 2063 
16053 1439 8000 5574 
16054 327 8153 326 
16055 3611 7933 6667 
16056 6129 8003 4428 
16057 6518 8224 7799 
16058 7094 7900 4376 
16059 129 7946 128 
16060 5139 8219 6358 
16061 2909 8322 5057 
16062 2328 7730 7300 
16063 4395 7980 4394 
16064 113 7948 112 
16065 3643 8163 337 
16066 514 7979 1497 
16067 4164 7977 4850 
16068 2223 7964 7184 
16069 7588 8372 1806 
16070 6916 7980 4395 
16071 5690 8008 5688 
16072 4418 7983 6448 
16073 3404 7897 270 
16074 1422 7970 4893 
16075 115 7981 114 
16076 2947 7973 6628 
16077 7345 8115 4218 
16078 5411 7909 4183 
16079 6365 8042 1279 
16080 4289 7988 4288 
16081 5152 7955 4118 
16082 7444 8356 4884 
16083 1059 7985 1058 
16084 4616 8210 7242 
16085 5262 8085 1638 
16086 6005 7995 4353 
16087 4274 8108 4387 
16088 7738 7893 4339 
16089 715 7986 714 
16090 300 8112 1752 
16091 4369 7734 7526 
16092 1506 8257 7457 
16093 344 7987 343 
16094 7672 7942 1684 
16095 1979 8209 6733 
16096 3867 8265 7367 
16097 320 8111 1750 
16098 7873 8004 1896 
16099 1448 7990 982 
16100 1895 8005 7872 
16101 4378 7976 4275 
16102 3668 8151 5498 
16103 3363 8190 2286 
16104 6850 8033 2081 
16105 6479 7992 4463 
16106 6247 8411 7949 
16107 7145 8149 7740 
16108 980 7994 1444 
16109 7528 8225 4813 
16110 7952 8406 1469 
16111 4319 8007 4318 
16112 3287 8025 4442 
16113 641 7996 640 
16114 3960 8011 6583 
16115 7177 7763 1957 
16116 5200 8031 5199 
16117 5593 8066 1804 
16118 4380 8165 7756 
16119 7461 8240 4738 
16120 7000 8010 1495 
16121 2561 8002 2563 
16122 3071 8215 7403 
16123 6910 7953 1977 
16124 7899 8183 186 
16125 7182 8037 2951 
16126 4217 8311 7555 
16127 5921 7793 7664 
16128 5816 8015 5817 
16129 5474 8006 6547 
16130 2846 8216 7878 
16131 7290 8168 4284 
16132 309 8195 308 
16133 108 8184 107 
16134 5607 8288 5606 
16135 5609 8074 3294 
16136 6376 8029 6374 
16137 1812 8040 5680 
16138 5266 8017 7229 
16139 2013 8410 7910 
16140 451 8023 450 
16141 5699 8037 5698 
16142 264 8235 263 
16143 4473 8113 4475 
16144 790 8027 789 
16145 1608 8030 391 
16146 6178 8024 6177 
16147 7733 8038 7595 
16148 2087 7997 323 
16149 1684 7942 127 
16150 4511 7965 4517 
16151 4516 7966 4513 
16152 5534 8076 5543 
16153 4273 8357 6666 
16154 7073 8141 6145 
16155 1377 7881 7459 
16156 7512 8386 6811 
16157 7479 7872 4510 
16158 4512 7873 7480 
16159 2933 8184 108 
16160 41 8405 1686 
16161 2934 8195 309 
16162 7141 7907 5286 
16163 4520 8133 291 
16164 534 8045 533 
16165 4370 7974 4371 
16166 4309 7790 7585 
16167 524 8047 523 
16168 114 7981 1685 
16169 3615 8375 7584 
16170 7770 8377 1458 
16171 5230 8034 5228 
16172 4831 8012 4748 
16173 5599 8262 5600 
16174 1875 8203 5320 
16175 925 8053 924 
16176 2179 8318 7853 
16177 5349 8002 7411 
16178 4715 8070 6986 
16179 4159 8120 7275 
16180 1544 8044 255 
16181 5714 8080 7013 
16182 1585 8058 6342 
16183 316 8048 1386 
16184 5724 8336 5727 
16185 6961 7958 1608 
16186 7071 8135 6154 
16187 5012 8227 5013 
16188 6898 7978 7109 
16189 6760 8357 4273 
16190 4804 8042 4806 
16191 4624 8255 6709 
16192 6553 8054 3085 
16193 6986 8070 5510 
16194 5639 8316 7868 
16195 4865 8175 4864 
16196 994 8064 993 
16197 1485 8062 922 
16198 3850 7886 6922 
16199 4471 8039 6678 
16200 4373 8072 4374 
16201 269 7897 1692 
16202 4654 8340 5307 
16203 2882 7972 6917 
16204 6193 8010 7000 
16205 3580 8069 3579 
16206 3260 8043 4555 
16207 7495 8324 6291 
16208 6774 7993 4347 
16209 4198 8075 5293 
16210 5290 8077 4200 
16211 6160 8201 7301 
16212 7818 8362 2457 
16213 4681 8052 4684 
16214 1966 7833 7202 
16215 3873 8071 6526 
16216 5348 8353 5349 
16217 5442 8258 7893 
16218 568 8101 7251 
16219 5043 8081 5040 
16220 5715 8080 5714 
16221 4245 8331 4953 
16222 4783 8068 4017 
16223 3646 8101 569 
16224 4346 8041 6674 
16225 4873 8356 7557 
16226 4765 7952 7477 
16227 1299 8078 548 
16228 7042 7922 4372 
16229 6618 8051 2322 
16230 5727 8336 3070 
16231 7539 7903 4393 
16232 7449 8248 1491 
16233 6824 8038 3052 
16234 3647 8104 668 
16235 223 8105 1654 
16236 6539 8400 1522 
16237 1007 8083 1006 
16238 7666 7680 4731 
16239 6715 8050 4306 
16240 7378 8342 1694 
16241 4358 8277 8014 
16242 7265 8373 1637 
16243 4299 8089 4711 
16244 1116 8092 1115 
16245 128 7946 1684 
16246 4596 8300 7496 
16247 7519 7852 1721 
16248 5781 8157 4363 
16249 4575 8261 7733 
16250 5578 8118 5579 
16251 288 8018 4143 
16252 5328 8146 1356 
16253 5696 8186 7395 
16254 4398 8022 4400 
16255 6917 7989 4076 
16256 2939 8179 325 
16257 1958 7782 7264 
16258 1685 7948 113 
16259 611 8103 1600 
16260 3612 8202 7540 
16261 2199 8264 8185 
16262 4813 8225 4484 
16263 4427 7627 7562 
16264 8025 8352 4442 
16265 2923 7843 7600 
16266 4639 7963 7356 
16267 5805 8114 5804 
16268 4366 8079 6774 
16269 4377 8148 7060 
16270 519 8107 518 
16271 4440 8098 4439 
16272 4317 8090 6658 
16273 2199 8185 2197 
16274 4525 8373 7265 
16275 6349 8379 7894 
16276 7241 8238 3332 
16277 7608 8306 4175 
16278 1685 7981 7673 
16279 7995 8359 4353 
16280 1459 8124 1263 
16281 3342 8127 5609 
16282 1518 8149 199 
16283 4982 8084 5198 
16284 1896 8004 7025 
16285 7024 8005 1895 
16286 1888 8277 1174 
16287 4405 8117 4406 
16288 1408 8175 7208 
16289 6202 8130 5002 
16290 6410 8126 2741 
16291 6691 8097 3198 
16292 1086 8125 1085 
16293 3021 8095 6612 
16294 4097 8237 7568 
16295 7295 8168 1412 
16296 1489 8120 704 
16297 2191 8193 2189 
16298 974 8109 973 
16299 4809 8154 4736 
16300 3800 8309 3791 
16301 4729 8407 4731 
16302 7909 8181 4183 
16303 5551 8209 7281 
16304 6412 8132 3092 
16305 7312 8177 2332 
16306 6429 8142 6428 
16307 325 8179 324 
16308 3990 8106 3266 
16309 1382 8099 4941 
16310 7499 7666 6857 
16311 2707 8135 7071 
16312 4215 8151 4733 
16313 762 8143 1585 
16314 585 8144 584 
16315 1884 8100 1986 
16316 7178 7861 4559 
16317 185 8183 1640 
16318 5477 8297 5478 
16319 3381 8344 6904 
16320 4424 8194 6795 
16321 7131 8088 5330 
16322 6029 8341 7619 
16323 4502 7804 7321 
16324 2201 8264 2199 
16325 7208 8175 7865 
16326 5187 8036 4261 
16327 7707 8349 3090 
16328 767 8150 766 
16329 6192 8198 7154 
16330 3341 8141 7073 
16331 4992 7931 7423 
16332 7553 8383 4690 
16333 5198 8084 7800 
16334 1481 8300 6457 
16335 5513 8366 4141 
16336 6836 8082 3911 
16337 4445 8256 6926 
16338 2330 8158 7337 
16339 4242 8270 7631 
16340 5555 8228 4541 
16341 4987 7989 7972 
16342 3020 8345 3023 
16343 6990 8032 2668 
16344 8008 8199 1551 
16345 5057 8322 5058 
16346 5458 8420 3643 
16347 4649 8166 6303 
16348 4758 8394 8077 
16349 1572 8162 967 
16350 5889 7672 7538 
16351 2459 8351 7711 
16352 5223 8290 5222 
16353 7570 7894 5054 
16354 7320 8254 267 
16355 4725 8146 6967 
16356 7504 8354 1655 
16357 1060 8197 1420 
16358 6241 8176 6240 
16359 4594 8299 4595 
16360 1491 8248 7405 
16361 8075 8395 4759 
16362 4430 8049 4429 
16363 4614 8327 4615 
16364 4388 7939 7153 
16365 4381 8131 4688 
16366 984 8171 983 
16367 6138 8315 7567 
16368 7972 7989 6917 
16369 4389 8215 4392 
16370 5200 7800 7537 
16371 8028 8389 5729 
16372 4480 8167 4481 
16373 171 8188 170 
16374 807 8172 806 
16375 4774 8406 4773 
16376 5456 8202 5457 
16377 4283 8168 7295 
16378 181 8205 180 
16379 7666 8407 3155 
16380 6158 8201 6160 
16381 4422 8091 4420 
16382 2543 8174 2545 
16383 5729 8389 5668 
16384 4635 8196 4529 
16385 3423 8178 3431 
16386 4467 8173 4466 
16387 7216 8303 7215 
16388 6669 8140 3909 
16389 241 8314 240 
16390 110 8239 109 
16391 4060 8283 4685 
16392 2092 8187 7524 
16393 4723 8295 4725 
16394 7578 7673 5907 
16395 2737 8219 7297 
16396 5725 8336 5724 
16397 2992 8189 3032 
16398 7543 8327 1508 
16399 3162 8021 7020 
16400 2940 8314 241 
16401 6399 8208 6385 
16402 2844 8216 2846 
16403 4360 8165 4380 
16404 1655 8354 4668 
16405 6967 8146 5328 
16406 1654 8245 222 
16407 7386 8251 3868 
16408 1275 8276 7421 
16409 4178 8214 6455 
16410 4458 8234 4457 
16411 4582 8261 4576 
16412 5113 8374 5234 
16413 1442 8217 988 
16414 6054 8349 6053 
16415 5714 8346 5713 
16416 22 8211 150 
16417 6384 8220 1493 
16418 6759 8413 3362 
16419 963 8221 962 
16420 5022 8192 5020 
16421 7478 8382 3429 
16422 839 8218 838 
16423 4200 8394 4199 
16424 7489 8299 1479 
16425 5224 8290 7388 
16426 4320 8206 4514 
16427 4197 8395 4198 
16428 873 8289 872 
16429 6514 8244 2193 
16430 109 8239 2933 
16431 6235 8159 6815 
16432 5608 8379 3941 
16433 4176 8200 5000 
16434 7271 8130 6202 
16435 311 8243 310 
16436 8050 8355 4306 
16437 7171 8098 4440 
16438 4519 7947 7247 
16439 6291 8241 6290 
16440 7515 8313 6751 
16441 3967 8224 6518 
16442 1522 8400 187 
16443 4401 8412 7947 
16444 6797 8138 6536 
16445 3767 8236 3769 
16446 7354 7827 6015 
16447 4931 8242 4930 
16448 2675 8207 6586 
16449 2701 8229 6478 
16450 4454 8210 4616 
16451 538 8232 1326 
16452 1279 8274 787 
16453 5600 8262 7273 
16454 134 8252 133 
16455 1787 8404 5618 
16456 4425 8257 4426 
16457 4068 8325 3433 
16458 4981 8318 4979 
16459 5060 8169 4408 
16460 4982 8323 8084 
16461 4285 8093 6920 
16462 6331 8265 6332 
16463 4810 8391 7539 
16464 4413 8230 4414 
16465 6881 8156 6616 
16466 4938 8231 4940 
16467 3876 8233 6607 
16468 3674 8360 4631 
16469 3717 8291 3715 
16470 7547 7832 4188 
16471 2063 8423 2061 
16472 4442 8352 4444 
16473 5498 8016 7545 
16474 2015 8410 2013 
16475 3377 8305 3376 
16476 324 8179 7269 
16477 310 8243 2934 
16478 1458 8377 793 
16479 6620 8237 4097 
16480 5980 8351 5983 
16481 5222 8290 5224 
16482 5021 8268 5022 
16483 4538 8134 6986 
16484 7600 7843 5193 
16485 8220 8371 1493 
16486 4124 8284 5116 
16487 835 8253 1426 
16488 1981 8086 6938 
16489 5640 8316 5639 
16490 1664 8263 1674 
16491 6905 8406 4774 
16492 6143 8281 3388 
16493 1327 8180 7248 
16494 7250 7908 6761 
16495 619 8391 1297 
16496 6846 7865 7309 
16497 4758 8077 7393 
16498 5340 8287 3984 
16499 3980 8293 5731 
16500 7425 7849 4303 
16501 5709 8375 5708 
16502 7274 8288 5607 
16503 4363 8311 4217 
16504 4410 8286 4411 
16505 1341 8270 6623 
16506 6713 8212 4810 
16507 1284 8332 4176 
16508 3974 8139 6931 
16509 6674 8267 5931 
16510 1119 8308 1118 
16511 8157 8311 4363 
16512 1898 7703 7517 
16513 6080 8298 6089 
16514 4942 8310 4750 
16515 5307 8340 7426 
16516 2175 8226 2172 
16517 4604 8401 7492 
16518 7288 8330 2396 
16519 469 8319 468 
16520 7405 8248 4434 
16521 4843 8279 4549 
16522 4908 8320 1305 
16523 6666 8357 1447 
16524 4478 8276 4477 
16525 8041 8267 6674 
16526 180 8402 179 
16527 6850 8412 8033 
16528 7410 8075 4759 
16529 368 8385 367 
16530 7370 8136 4274 
16531 6170 8369 6168 
16532 1272 8304 3434 
16533 2763 8333 6444 
16534 4353 8359 6137 
16535 6142 8370 3843 
16536 183 8421 182 
16537 2465 8380 6463 
16538 6327 8251 7386 
16539 3163 8343 5258 
16540 244 8063 1978 
16541 6441 8324 4845 
16542 3634 8358 3637 
16543 3412 8381 3430 
16544 3380 8337 6671 
16545 5959 7779 7468 
16546 5698 8037 7182 
16547 5827 8424 7408 
16548 7368 8194 4424 
16549 609 8397 608 
16550 7309 7865 4865 
16551 1493 8371 6396 
16552 6224 8384 6223 
16553 559 8409 558 
16554 133 8252 3153 
16555 7408 8424 7257 
16556 7281 8209 1979 
16557 7060 8148 4212 
16558 4874 8362 4876 
16559 4183 8181 4419 
16560 7687 8346 3925 
16561 2193 8244 7542 
16562 556 8415 555 
16563 4572 8398 4573 
16564 6468 8399 2683 
16565 6603 8322 2909 
16566 4441 8414 4440 
16567 4095 8411 3951 
16568 6735 8164 4251 
16569 7218 8275 3205 
16570 4126 8425 6848 
16571 4344 8393 1288 
16572 6296 8401 4604 
16573 95 8301 96 
16574 1287 8390 4325 
16575 2733 8335 6990 
16576 5632 8296 5634 
16577 5489 7777 7670 
16578 5478 8297 7001 
16579 5464 8416 4246 
16580 4590 8418 4591 
16581 1710 8258 6860 
16582 3727 8396 6499 
16583 4231 8182 7230 
16584 4616 8372 4617 
16585 1694 8342 1695 
16586 1886 8133 7909 
16587 3624 8419 3625 
16588 4657 8326 7201 
16589 6397 8242 7725 
16590 4490 8338 7665 
16591 7293 8173 4467 
16592 5341 7733 7595 
16593 7047 8317 6476 
16594 4980 8323 4982 
16595 4176 8332 7503 
16596 4469 8376 4471 
16597 6697 8365 4452 
16598 4306 8355 4907 
16599 1332 8269 1146 
16600 1147 8271 1334 
16601 3352 8383 7553 
16602 4386 8191 4384 
16603 1980 8272 6876 
16604 6818 8294 4856 
16605 7420 7914 4100 
16606 7914 8111 4397 
16607 4493 8339 4492 
16608 4489 8338 4490 
16609 3055 8363 6789 
16610 263 8235 1689 
16611 3213 8102 7147 
16612 4499 8292 4501 
16613 7421 8276 4478 
16614 1507 8341 6933 
16615 7196 8074 4390 
16616 6931 8247 4402 
16617 7500 8256 4445 
16618 3985 8116 7681 
16619 1874 8334 8019 
16620 4523 8373 4525 
16621 7383 8365 4838 
16622 7060 8382 4356 
16623 7337 8158 5794 
16624 6901 8249 4491 
16625 4494 8250 6900 
16626 8255 8321 1962 
16627 1469 8406 6905 
16628 7275 8120 1489 
16629 3294 8074 7196 
16630 3205 8275 7483 
16631 1446 8214 7325 
16632 7537 7800 5414 
16633 6811 8386 2155 
16634 6852 8155 1385 
16635 6862 8306 4407 
16636 4712 8089 7217 
16637 7277 8199 5166 
16638 8139 8247 6931 
16639 5017 8337 7634 
16640 266 8254 1962 
16641 6956 8329 4010 
16642 6853 8222 2087 
16643 4625 8321 4624 
16644 6638 8035 7569 
16645 7633 8394 4758 
16646 8077 8394 4200 
16647 4198 8395 8075 
16648 4759 8395 7632 
16649 4792 7951 7403 
16650 7251 8101 3646 
16651 7488 8369 6170 
16652 7585 7790 5048 
16653 7260 8163 3643 
16654 6709 8255 7320 
16655 7740 8149 1518 
16656 7409 8060 4190 
16657 4597 8344 7407 
16658 4564 8186 7280 
16659 6223 8384 7558 
16660 7661 8055 4580 
16661 7297 8219 5139 
16662 7367 8265 6331 
16663 7697 8339 4493 
16664 3419 8282 7053 
16665 1433 7943 7259 
16666 5013 8227 7624 
16667 3442 8115 7345 
16668 7721 7982 1274 
16669 7593 8399 6468 
16670 7308 8239 110 
16671 8205 8402 180 
16672 7664 7793 1697 
16673 4497 7984 7748 
16674 7477 7952 1469 
16675 4591 8418 7494 
16676 1590 7894 7570 
16677 7285 8094 5187 
16678 7059 8388 4929 
16679 7925 7970 1422 
16680 4309 7975 7790 
16681 5044 7970 7925 
16682 7230 8182 328 
16683 7865 8175 4865 
16684 4549 8279 7609 
16685 5178 8297 7780 
16686 7154 8260 4396 
16687 336 8163 7260 
16688 7395 8186 4564 
16689 5020 8192 7671 
16690 7716 8250 4494 
16691 4491 8249 7715 
16692 3072 8121 7430 
16693 7943 8273 4488 
16694 7391 8243 311 
16695 3397 7942 7672 
16696 5367 8177 7312 
16697 7673 7981 3398 
16698 5209 8266 7168 
16699 3332 8238 7218 
16700 7457 8257 4425 
16701 304 8009 7434 
16702 5291 8334 1874 
16703 7552 8169 5060 
16704 4229 8320 7681 
16705 7445 8065 7278 
16706 7725 8242 4931 
16707 4986 7918 7794 
16708 5102 8123 7432 
16709 7278 8065 7703 
16710 308 8195 7296 
16711 5996 8419 7497 
16712 3999 8044 7636 
16713 7261 8408 6487 
16714 4457 8234 7598 
16715 7363 8020 243 
16716 2396 8330 7481 
16717 1444 7994 7606 
16718 7201 8326 4745 
16719 7684 8389 4423 
16720 7733 8261 4582 
16721 1322 8145 7436 
16722 4321 8046 7515 
16723 7273 8262 2145 
16724 7559 8029 4789 
16725 7247 8412 6850 
16726 7014 8273 1433 
16727 4475 8113 7534 
16728 2087 8222 7551 
16729 3010 8108 7453 
16730 2146 8288 7274 
16731 7999 8396 3727 
16732 7238 8331 4679 
16733 7569 8035 4357 
16734 7234 8392 2336 
16735 4988 8377 7770 
16736 4845 8324 7495 
16737 7763 7946 129 
16738 3388 8281 7433 
16739 7453 8136 4241 
16740 107 8184 7389 
16741 7397 8213 4508 
16742 112 7948 7782 
16743 4582 8038 7733 
16744 7584 8375 5709 
16745 7790 7975 2091 
16746 4079 8408 7261 
16747 7262 8417 4080 
16748 7832 8048 3994 
16749 7257 8424 1477 
16750 7598 8234 1425 
16751 7496 8300 1481 
16752 4919 8313 7854 
16753 7680 8014 4731 
16754 4617 8372 7588 
16755 7770 7989 4987 
16756 8045 8298 6080 
16757 7610 8145 1322 
16758 7748 7984 6465 
16759 4356 8382 7478 
16760 7551 8222 4383 
16761 1326 8232 7988 
16762 3427 8055 7661 
16763 4595 8299 7489 
16764 1329 8367 7333 
16765 3998 8313 7515 
16766 7696 8285 5243 
16767 7745 8195 2934 
16768 7432 8303 6940 
16769 7296 8195 7745 
16770 7540 8202 5456 
16771 4615 8327 7543 
16772 7433 8281 5142 
16773 7604 8177 5367 
16774 7581 8425 4126 
16775 4385 8330 7288 
16776 4624 8321 8255 
16777 6320 8378 7447 
16778 7447 8378 3431 
16779 7904 8190 3363 
16780 8254 8255 1962 
16781 7681 8116 4298 
16782 4320 8246 8131 
16783 7941 8054 6553 
16784 7426 8340 1330 
16785 4994 8054 7941 
16786 2660 8110 7705 
16787 7524 8187 4250 
16788 2441 8307 7467 
16789 1752 8347 7642 
16790 4501 8292 7647 
16791 7689 8387 3150 
16792 7634 8337 3380 
16793 4407 8306 7608 
16794 8095 8148 4377 
16795 6540 8183 7899 
16796 4856 8294 7668 
16797 7642 8347 4482 
16798 1433 8273 7943 
16799 7466 8343 3163 
16800 4212 8148 7734 
16801 7927 8087 7391 
16802 3084 8278 7595 
16803 3431 8378 7478 
16804 7452 8422 5573 
16805 3237 8137 7744 
16806 4560 8087 7927 
16807 7631 8270 1341 
16808 7619 8341 1507 
16809 7567 8315 5269 
16810 1476 8280 7582 
16811 8087 8243 7391 
16812 6053 8349 7707 
16813 7947 8412 7247 
16814 7854 8313 3998 
16815 4199 8394 7633 
16816 7632 8395 4197 
16817 4534 8417 7599 
16818 7599 8417 7262 
16819 7940 8309 3800 
16820 7853 8318 4981 
16821 5713 8346 7687 
16822 7893 8258 5582 
16823 7711 8351 5980 
16824 4416 8425 7581 
16825 8128 8239 7308 
16826 8315 8361 5269 
16827 6490 8190 7904 
16828 7753 8414 4441 
16829 4731 8407 7666 
16830 5349 8353 8140 
16831 7899 8400 6539 
16832 7780 8297 5477 
16833 4959 8387 7689 
16834 8014 8277 1888 
16835 5690 8199 8008 
16836 7700 8408 4079 
16837 7894 8379 5608 
16838 4876 8362 7818 
16839 4725 8295 8146 
16840 5206 8309 7940 
16841 2934 8243 8087 
16842 8179 8328 7269 
16843 2933 8239 8128 
16844 8131 8246 4688 
16845 2939 8328 8179 
16846 7949 8411 4095 
16847 7897 8368 1692 
16848 7320 8255 8254 
16849 8146 8295 1356 
16850 8140 8353 3909 
16851 8302 8361 5270 
16852 5269 8361 8302 
$EndElements
